[    2012ms] [ERROR] Failed to load resource: the server responded with a status of 500 (Internal Server Error) @ http://localhost:3001/plants/green-onion/:0
[    2185ms] [INFO] %cDownload the React DevTools for a better development experience: https://react.dev/link/react-devtools font-weight:bold @ http://localhost:3001/_next/static/chunks/node_modules_react-dom_0bruynb._.js:15305
[    2255ms] Error: ./src/lib/relatedContent.ts:11:1
Export diaries doesn't exist in target module
   9 |  */
  10 |
> 11 | import { diaries as localDiaries, diaryCategories } from "@/data/diary";
     | ^^^^^^^^^^^^^^^^^^^^^^^^^^^^^^^^^^^^^^^^^^^^^^^^^^^^^^^^^^^^^^^^^^^^^^^^
  12 | import { guides as localGuides, guideCategories } from "@/data/guides";
  13 |
  14 | export interface RelatedItem {

The export diaries was not found in module [project]/src/data/diary.ts [app-client] (ecmascript).
Did you mean to import diaryEntries?
All exports of the module are statically known (It doesn't have dynamic exports). So it's known statically that the requested export doesn't exist.

Import traces:
  Client Component Browser:
    ./src/lib/relatedContent.ts [Client Component Browser]
    ./src/app/plants/[id]/PlantDetailClient.tsx [Client Component Browser]
    ./src/app/plants/[id]/PlantDetailClient.tsx [Server Component]
    ./src/app/plants/[id]/page.tsx [Server Component]

  Client Component SSR:
    ./src/lib/relatedContent.ts [Client Component SSR]
    ./src/app/plants/[id]/PlantDetailClient.tsx [Client Component SSR]
    ./src/app/plants/[id]/PlantDetailClient.tsx [Server Component]
    ./src/app/plants/[id]/page.tsx [Server Component]


    at <unknown> (Error: ./src/lib/relatedContent.ts:11:1)
    at Object.getCompilationErrors (file:///Users/yelifeng/Documents/trae_projects/plant-/node_modules/next/dist/server/dev/hot-reloader-turbopack.js:1186:59)
    at DevBundlerService.getCompilationError (file:///Users/yelifeng/Documents/trae_projects/plant-/node_modules/next/dist/server/lib/dev-bundler-service.js:44:55)
    at DevServer.getCompilationError (file:///Users/yelifeng/Documents/trae_projects/plant-/node_modules/next/dist/server/dev/next-dev-server.js:720:42)
    at DevServer.findPageComponents (file:///Users/yelifeng/Documents/trae_projects/plant-/node_modules/next/dist/server/dev/next-dev-server.js:690:43)
    at async DevServer.renderErrorToResponseImpl (file:///Users/yelifeng/Documents/trae_projects/plant-/node_modules/next/dist/server/base-server.js:1753:26)
[    2242ms] [LOG] [HMR] connected @ http://localhost:3001/_next/static/chunks/node_modules_next_dist_0u_w_5s._.js:1226
[    2323ms] [ERROR] ./src/lib/relatedContent.ts:11:1
Export diaries doesn't exist in target module
   9 |  */
  10 |
> 11 | import { diaries as localDiaries, diaryCategories } from "@/data/diary";
     | ^^^^^^^^^^^^^^^^^^^^^^^^^^^^^^^^^^^^^^^^^^^^^^^^^^^^^^^^^^^^^^^^^^^^^^^^
  12 | import { guides as localGuides, guideCategories } from "@/data/guides";
  13 |
  14 | export interface RelatedItem {

The export diaries was not found in module [project]/src/data/diary.ts [app-client] (ecmascript).
Did you mean to import diaryEntries?
All exports of the module are statically known (It doesn't have dynamic exports). So it's known statically that the requested export doesn't exist.

Import traces:
  Client Component Browser:
    ./src/lib/relatedContent.ts [Client Component Browser]
    ./src/app/plants/[id]/PlantDetailClient.tsx [Client Component Browser]
    ./src/app/plants/[id]/PlantDetailClient.tsx [Server Component]
    ./src/app/plants/[id]/page.tsx [Server Component]

  Client Component SSR:
    ./src/lib/relatedContent.ts [Client Component SSR]
    ./src/app/plants/[id]/PlantDetailClient.tsx [Client Component SSR]
    ./src/app/plants/[id]/PlantDetailClient.tsx [Server Component]
    ./src/app/plants/[id]/page.tsx [Server Component] @ http://localhost:3001/_next/static/chunks/node_modules_next_dist_0u_w_5s._.js:1945
[    2323ms] [ERROR] ./src/lib/relatedContent.ts:11:1
Export diaries doesn't exist in target module
   9 |  */
  10 |
> 11 | import { diaries as localDiaries, diaryCategories } from "@/data/diary";
     | ^^^^^^^^^^^^^^^^^^^^^^^^^^^^^^^^^^^^^^^^^^^^^^^^^^^^^^^^^^^^^^^^^^^^^^^^
  12 | import { guides as localGuides, guideCategories } from "@/data/guides";
  13 |
  14 | export interface RelatedItem {

The export diaries was not found in module [project]/src/data/diary.ts [app-ssr] (ecmascript).
Did you mean to import diaryEntries?
All exports of the module are statically known (It doesn't have dynamic exports). So it's known statically that the requested export doesn't exist.

Import traces:
  Client Component Browser:
    ./src/lib/relatedContent.ts [Client Component Browser]
    ./src/app/plants/[id]/PlantDetailClient.tsx [Client Component Browser]
    ./src/app/plants/[id]/PlantDetailClient.tsx [Server Component]
    ./src/app/plants/[id]/page.tsx [Server Component]

  Client Component SSR:
    ./src/lib/relatedContent.ts [Client Component SSR]
    ./src/app/plants/[id]/PlantDetailClient.tsx [Client Component SSR]
    ./src/app/plants/[id]/PlantDetailClient.tsx [Server Component]
    ./src/app/plants/[id]/page.tsx [Server Component] @ http://localhost:3001/_next/static/chunks/node_modules_next_dist_0u_w_5s._.js:1945
[    2391ms] [ERROR] ./src/lib/relatedContent.ts:11:1
Export diaries doesn't exist in target module
   9 |  */
  10 |
> 11 | import { diaries as localDiaries, diaryCategories } from "@/data/diary";
     | ^^^^^^^^^^^^^^^^^^^^^^^^^^^^^^^^^^^^^^^^^^^^^^^^^^^^^^^^^^^^^^^^^^^^^^^^
  12 | import { guides as localGuides, guideCategories } from "@/data/guides";
  13 |
  14 | export interface RelatedItem {

The export diaries was not found in module [project]/src/data/diary.ts [app-client] (ecmascript).
Did you mean to import diaryEntries?
All exports of the module are statically known (It doesn't have dynamic exports). So it's known statically that the requested export doesn't exist.

Import traces:
  Client Component Browser:
    ./src/lib/relatedContent.ts [Client Component Browser]
    ./src/app/plants/[id]/PlantDetailClient.tsx [Client Component Browser]
    ./src/app/plants/[id]/PlantDetailClient.tsx [Server Component]
    ./src/app/plants/[id]/page.tsx [Server Component]

  Client Component SSR:
    ./src/lib/relatedContent.ts [Client Component SSR]
    ./src/app/plants/[id]/PlantDetailClient.tsx [Client Component SSR]
    ./src/app/plants/[id]/PlantDetailClient.tsx [Server Component]
    ./src/app/plants/[id]/page.tsx [Server Component] @ http://localhost:3001/_next/static/chunks/node_modules_next_dist_0u_w_5s._.js:1945
[    2391ms] [ERROR] ./src/lib/relatedContent.ts:11:1
Export diaries doesn't exist in target module
   9 |  */
  10 |
> 11 | import { diaries as localDiaries, diaryCategories } from "@/data/diary";
     | ^^^^^^^^^^^^^^^^^^^^^^^^^^^^^^^^^^^^^^^^^^^^^^^^^^^^^^^^^^^^^^^^^^^^^^^^
  12 | import { guides as localGuides, guideCategories } from "@/data/guides";
  13 |
  14 | export interface RelatedItem {

The export diaries was not found in module [project]/src/data/diary.ts [app-ssr] (ecmascript).
Did you mean to import diaryEntries?
All exports of the module are statically known (It doesn't have dynamic exports). So it's known statically that the requested export doesn't exist.

Import traces:
  Client Component Browser:
    ./src/lib/relatedContent.ts [Client Component Browser]
    ./src/app/plants/[id]/PlantDetailClient.tsx [Client Component Browser]
    ./src/app/plants/[id]/PlantDetailClient.tsx [Server Component]
    ./src/app/plants/[id]/page.tsx [Server Component]

  Client Component SSR:
    ./src/lib/relatedContent.ts [Client Component SSR]
    ./src/app/plants/[id]/PlantDetailClient.tsx [Client Component SSR]
    ./src/app/plants/[id]/PlantDetailClient.tsx [Server Component]
    ./src/app/plants/[id]/page.tsx [Server Component] @ http://localhost:3001/_next/static/chunks/node_modules_next_dist_0u_w_5s._.js:1945
[    2436ms] [ERROR] ./src/lib/relatedContent.ts:11:1
Export diaries doesn't exist in target module
   9 |  */
  10 |
> 11 | import { diaries as localDiaries, diaryCategories } from "@/data/diary";
     | ^^^^^^^^^^^^^^^^^^^^^^^^^^^^^^^^^^^^^^^^^^^^^^^^^^^^^^^^^^^^^^^^^^^^^^^^
  12 | import { guides as localGuides, guideCategories } from "@/data/guides";
  13 |
  14 | export interface RelatedItem {

The export diaries was not found in module [project]/src/data/diary.ts [app-client] (ecmascript).
Did you mean to import diaryEntries?
All exports of the module are statically known (It doesn't have dynamic exports). So it's known statically that the requested export doesn't exist.

Import traces:
  Client Component Browser:
    ./src/lib/relatedContent.ts [Client Component Browser]
    ./src/app/plants/[id]/PlantDetailClient.tsx [Client Component Browser]
    ./src/app/plants/[id]/PlantDetailClient.tsx [Server Component]
    ./src/app/plants/[id]/page.tsx [Server Component]

  Client Component SSR:
    ./src/lib/relatedContent.ts [Client Component SSR]
    ./src/app/plants/[id]/PlantDetailClient.tsx [Client Component SSR]
    ./src/app/plants/[id]/PlantDetailClient.tsx [Server Component]
    ./src/app/plants/[id]/page.tsx [Server Component] @ http://localhost:3001/_next/static/chunks/node_modules_next_dist_0u_w_5s._.js:1945
[    2436ms] [ERROR] ./src/lib/relatedContent.ts:11:1
Export diaries doesn't exist in target module
   9 |  */
  10 |
> 11 | import { diaries as localDiaries, diaryCategories } from "@/data/diary";
     | ^^^^^^^^^^^^^^^^^^^^^^^^^^^^^^^^^^^^^^^^^^^^^^^^^^^^^^^^^^^^^^^^^^^^^^^^
  12 | import { guides as localGuides, guideCategories } from "@/data/guides";
  13 |
  14 | export interface RelatedItem {

The export diaries was not found in module [project]/src/data/diary.ts [app-ssr] (ecmascript).
Did you mean to import diaryEntries?
All exports of the module are statically known (It doesn't have dynamic exports). So it's known statically that the requested export doesn't exist.

Import traces:
  Client Component Browser:
    ./src/lib/relatedContent.ts [Client Component Browser]
    ./src/app/plants/[id]/PlantDetailClient.tsx [Client Component Browser]
    ./src/app/plants/[id]/PlantDetailClient.tsx [Server Component]
    ./src/app/plants/[id]/page.tsx [Server Component]

  Client Component SSR:
    ./src/lib/relatedContent.ts [Client Component SSR]
    ./src/app/plants/[id]/PlantDetailClient.tsx [Client Component SSR]
    ./src/app/plants/[id]/PlantDetailClient.tsx [Server Component]
    ./src/app/plants/[id]/page.tsx [Server Component] @ http://localhost:3001/_next/static/chunks/node_modules_next_dist_0u_w_5s._.js:1945
[    2483ms] [ERROR] ./src/lib/relatedContent.ts:11:1
Export diaries doesn't exist in target module
   9 |  */
  10 |
> 11 | import { diaries as localDiaries, diaryCategories } from "@/data/diary";
     | ^^^^^^^^^^^^^^^^^^^^^^^^^^^^^^^^^^^^^^^^^^^^^^^^^^^^^^^^^^^^^^^^^^^^^^^^
  12 | import { guides as localGuides, guideCategories } from "@/data/guides";
  13 |
  14 | export interface RelatedItem {

The export diaries was not found in module [project]/src/data/diary.ts [app-client] (ecmascript).
Did you mean to import diaryEntries?
All exports of the module are statically known (It doesn't have dynamic exports). So it's known statically that the requested export doesn't exist.

Import traces:
  Client Component Browser:
    ./src/lib/relatedContent.ts [Client Component Browser]
    ./src/app/plants/[id]/PlantDetailClient.tsx [Client Component Browser]
    ./src/app/plants/[id]/PlantDetailClient.tsx [Server Component]
    ./src/app/plants/[id]/page.tsx [Server Component]

  Client Component SSR:
    ./src/lib/relatedContent.ts [Client Component SSR]
    ./src/app/plants/[id]/PlantDetailClient.tsx [Client Component SSR]
    ./src/app/plants/[id]/PlantDetailClient.tsx [Server Component]
    ./src/app/plants/[id]/page.tsx [Server Component] @ http://localhost:3001/_next/static/chunks/node_modules_next_dist_0u_w_5s._.js:1945
[    2483ms] [ERROR] ./src/lib/relatedContent.ts:11:1
Export diaries doesn't exist in target module
   9 |  */
  10 |
> 11 | import { diaries as localDiaries, diaryCategories } from "@/data/diary";
     | ^^^^^^^^^^^^^^^^^^^^^^^^^^^^^^^^^^^^^^^^^^^^^^^^^^^^^^^^^^^^^^^^^^^^^^^^
  12 | import { guides as localGuides, guideCategories } from "@/data/guides";
  13 |
  14 | export interface RelatedItem {

The export diaries was not found in module [project]/src/data/diary.ts [app-ssr] (ecmascript).
Did you mean to import diaryEntries?
All exports of the module are statically known (It doesn't have dynamic exports). So it's known statically that the requested export doesn't exist.

Import traces:
  Client Component Browser:
    ./src/lib/relatedContent.ts [Client Component Browser]
    ./src/app/plants/[id]/PlantDetailClient.tsx [Client Component Browser]
    ./src/app/plants/[id]/PlantDetailClient.tsx [Server Component]
    ./src/app/plants/[id]/page.tsx [Server Component]

  Client Component SSR:
    ./src/lib/relatedContent.ts [Client Component SSR]
    ./src/app/plants/[id]/PlantDetailClient.tsx [Client Component SSR]
    ./src/app/plants/[id]/PlantDetailClient.tsx [Server Component]
    ./src/app/plants/[id]/page.tsx [Server Component] @ http://localhost:3001/_next/static/chunks/node_modules_next_dist_0u_w_5s._.js:1945
[    2529ms] [ERROR] ./src/lib/relatedContent.ts:11:1
Export diaries doesn't exist in target module
   9 |  */
  10 |
> 11 | import { diaries as localDiaries, diaryCategories } from "@/data/diary";
     | ^^^^^^^^^^^^^^^^^^^^^^^^^^^^^^^^^^^^^^^^^^^^^^^^^^^^^^^^^^^^^^^^^^^^^^^^
  12 | import { guides as localGuides, guideCategories } from "@/data/guides";
  13 |
  14 | export interface RelatedItem {

The export diaries was not found in module [project]/src/data/diary.ts [app-client] (ecmascript).
Did you mean to import diaryEntries?
All exports of the module are statically known (It doesn't have dynamic exports). So it's known statically that the requested export doesn't exist.

Import traces:
  Client Component Browser:
    ./src/lib/relatedContent.ts [Client Component Browser]
    ./src/app/plants/[id]/PlantDetailClient.tsx [Client Component Browser]
    ./src/app/plants/[id]/PlantDetailClient.tsx [Server Component]
    ./src/app/plants/[id]/page.tsx [Server Component]

  Client Component SSR:
    ./src/lib/relatedContent.ts [Client Component SSR]
    ./src/app/plants/[id]/PlantDetailClient.tsx [Client Component SSR]
    ./src/app/plants/[id]/PlantDetailClient.tsx [Server Component]
    ./src/app/plants/[id]/page.tsx [Server Component] @ http://localhost:3001/_next/static/chunks/node_modules_next_dist_0u_w_5s._.js:1945
[    2529ms] [ERROR] ./src/lib/relatedContent.ts:11:1
Export diaries doesn't exist in target module
   9 |  */
  10 |
> 11 | import { diaries as localDiaries, diaryCategories } from "@/data/diary";
     | ^^^^^^^^^^^^^^^^^^^^^^^^^^^^^^^^^^^^^^^^^^^^^^^^^^^^^^^^^^^^^^^^^^^^^^^^
  12 | import { guides as localGuides, guideCategories } from "@/data/guides";
  13 |
  14 | export interface RelatedItem {

The export diaries was not found in module [project]/src/data/diary.ts [app-ssr] (ecmascript).
Did you mean to import diaryEntries?
All exports of the module are statically known (It doesn't have dynamic exports). So it's known statically that the requested export doesn't exist.

Import traces:
  Client Component Browser:
    ./src/lib/relatedContent.ts [Client Component Browser]
    ./src/app/plants/[id]/PlantDetailClient.tsx [Client Component Browser]
    ./src/app/plants/[id]/PlantDetailClient.tsx [Server Component]
    ./src/app/plants/[id]/page.tsx [Server Component]

  Client Component SSR:
    ./src/lib/relatedContent.ts [Client Component SSR]
    ./src/app/plants/[id]/PlantDetailClient.tsx [Client Component SSR]
    ./src/app/plants/[id]/PlantDetailClient.tsx [Server Component]
    ./src/app/plants/[id]/page.tsx [Server Component] @ http://localhost:3001/_next/static/chunks/node_modules_next_dist_0u_w_5s._.js:1945
[    2576ms] [ERROR] ./src/lib/relatedContent.ts:11:1
Export diaries doesn't exist in target module
   9 |  */
  10 |
> 11 | import { diaries as localDiaries, diaryCategories } from "@/data/diary";
     | ^^^^^^^^^^^^^^^^^^^^^^^^^^^^^^^^^^^^^^^^^^^^^^^^^^^^^^^^^^^^^^^^^^^^^^^^
  12 | import { guides as localGuides, guideCategories } from "@/data/guides";
  13 |
  14 | export interface RelatedItem {

The export diaries was not found in module [project]/src/data/diary.ts [app-client] (ecmascript).
Did you mean to import diaryEntries?
All exports of the module are statically known (It doesn't have dynamic exports). So it's known statically that the requested export doesn't exist.

Import traces:
  Client Component Browser:
    ./src/lib/relatedContent.ts [Client Component Browser]
    ./src/app/plants/[id]/PlantDetailClient.tsx [Client Component Browser]
    ./src/app/plants/[id]/PlantDetailClient.tsx [Server Component]
    ./src/app/plants/[id]/page.tsx [Server Component]

  Client Component SSR:
    ./src/lib/relatedContent.ts [Client Component SSR]
    ./src/app/plants/[id]/PlantDetailClient.tsx [Client Component SSR]
    ./src/app/plants/[id]/PlantDetailClient.tsx [Server Component]
    ./src/app/plants/[id]/page.tsx [Server Component] @ http://localhost:3001/_next/static/chunks/node_modules_next_dist_0u_w_5s._.js:1945
[    2576ms] [ERROR] ./src/lib/relatedContent.ts:11:1
Export diaries doesn't exist in target module
   9 |  */
  10 |
> 11 | import { diaries as localDiaries, diaryCategories } from "@/data/diary";
     | ^^^^^^^^^^^^^^^^^^^^^^^^^^^^^^^^^^^^^^^^^^^^^^^^^^^^^^^^^^^^^^^^^^^^^^^^
  12 | import { guides as localGuides, guideCategories } from "@/data/guides";
  13 |
  14 | export interface RelatedItem {

The export diaries was not found in module [project]/src/data/diary.ts [app-ssr] (ecmascript).
Did you mean to import diaryEntries?
All exports of the module are statically known (It doesn't have dynamic exports). So it's known statically that the requested export doesn't exist.

Import traces:
  Client Component Browser:
    ./src/lib/relatedContent.ts [Client Component Browser]
    ./src/app/plants/[id]/PlantDetailClient.tsx [Client Component Browser]
    ./src/app/plants/[id]/PlantDetailClient.tsx [Server Component]
    ./src/app/plants/[id]/page.tsx [Server Component]

  Client Component SSR:
    ./src/lib/relatedContent.ts [Client Component SSR]
    ./src/app/plants/[id]/PlantDetailClient.tsx [Client Component SSR]
    ./src/app/plants/[id]/PlantDetailClient.tsx [Server Component]
    ./src/app/plants/[id]/page.tsx [Server Component] @ http://localhost:3001/_next/static/chunks/node_modules_next_dist_0u_w_5s._.js:1945
[    2624ms] [ERROR] ./src/lib/relatedContent.ts:11:1
Export diaries doesn't exist in target module
   9 |  */
  10 |
> 11 | import { diaries as localDiaries, diaryCategories } from "@/data/diary";
     | ^^^^^^^^^^^^^^^^^^^^^^^^^^^^^^^^^^^^^^^^^^^^^^^^^^^^^^^^^^^^^^^^^^^^^^^^
  12 | import { guides as localGuides, guideCategories } from "@/data/guides";
  13 |
  14 | export interface RelatedItem {

The export diaries was not found in module [project]/src/data/diary.ts [app-client] (ecmascript).
Did you mean to import diaryEntries?
All exports of the module are statically known (It doesn't have dynamic exports). So it's known statically that the requested export doesn't exist.

Import traces:
  Client Component Browser:
    ./src/lib/relatedContent.ts [Client Component Browser]
    ./src/app/plants/[id]/PlantDetailClient.tsx [Client Component Browser]
    ./src/app/plants/[id]/PlantDetailClient.tsx [Server Component]
    ./src/app/plants/[id]/page.tsx [Server Component]

  Client Component SSR:
    ./src/lib/relatedContent.ts [Client Component SSR]
    ./src/app/plants/[id]/PlantDetailClient.tsx [Client Component SSR]
    ./src/app/plants/[id]/PlantDetailClient.tsx [Server Component]
    ./src/app/plants/[id]/page.tsx [Server Component] @ http://localhost:3001/_next/static/chunks/node_modules_next_dist_0u_w_5s._.js:1945
[    2624ms] [ERROR] ./src/lib/relatedContent.ts:11:1
Export diaries doesn't exist in target module
   9 |  */
  10 |
> 11 | import { diaries as localDiaries, diaryCategories } from "@/data/diary";
     | ^^^^^^^^^^^^^^^^^^^^^^^^^^^^^^^^^^^^^^^^^^^^^^^^^^^^^^^^^^^^^^^^^^^^^^^^
  12 | import { guides as localGuides, guideCategories } from "@/data/guides";
  13 |
  14 | export interface RelatedItem {

The export diaries was not found in module [project]/src/data/diary.ts [app-ssr] (ecmascript).
Did you mean to import diaryEntries?
All exports of the module are statically known (It doesn't have dynamic exports). So it's known statically that the requested export doesn't exist.

Import traces:
  Client Component Browser:
    ./src/lib/relatedContent.ts [Client Component Browser]
    ./src/app/plants/[id]/PlantDetailClient.tsx [Client Component Browser]
    ./src/app/plants/[id]/PlantDetailClient.tsx [Server Component]
    ./src/app/plants/[id]/page.tsx [Server Component]

  Client Component SSR:
    ./src/lib/relatedContent.ts [Client Component SSR]
    ./src/app/plants/[id]/PlantDetailClient.tsx [Client Component SSR]
    ./src/app/plants/[id]/PlantDetailClient.tsx [Server Component]
    ./src/app/plants/[id]/page.tsx [Server Component] @ http://localhost:3001/_next/static/chunks/node_modules_next_dist_0u_w_5s._.js:1945
[    2671ms] [ERROR] ./src/lib/relatedContent.ts:11:1
Export diaries doesn't exist in target module
   9 |  */
  10 |
> 11 | import { diaries as localDiaries, diaryCategories } from "@/data/diary";
     | ^^^^^^^^^^^^^^^^^^^^^^^^^^^^^^^^^^^^^^^^^^^^^^^^^^^^^^^^^^^^^^^^^^^^^^^^
  12 | import { guides as localGuides, guideCategories } from "@/data/guides";
  13 |
  14 | export interface RelatedItem {

The export diaries was not found in module [project]/src/data/diary.ts [app-client] (ecmascript).
Did you mean to import diaryEntries?
All exports of the module are statically known (It doesn't have dynamic exports). So it's known statically that the requested export doesn't exist.

Import traces:
  Client Component Browser:
    ./src/lib/relatedContent.ts [Client Component Browser]
    ./src/app/plants/[id]/PlantDetailClient.tsx [Client Component Browser]
    ./src/app/plants/[id]/PlantDetailClient.tsx [Server Component]
    ./src/app/plants/[id]/page.tsx [Server Component]

  Client Component SSR:
    ./src/lib/relatedContent.ts [Client Component SSR]
    ./src/app/plants/[id]/PlantDetailClient.tsx [Client Component SSR]
    ./src/app/plants/[id]/PlantDetailClient.tsx [Server Component]
    ./src/app/plants/[id]/page.tsx [Server Component] @ http://localhost:3001/_next/static/chunks/node_modules_next_dist_0u_w_5s._.js:1945
[    2671ms] [ERROR] ./src/lib/relatedContent.ts:11:1
Export diaries doesn't exist in target module
   9 |  */
  10 |
> 11 | import { diaries as localDiaries, diaryCategories } from "@/data/diary";
     | ^^^^^^^^^^^^^^^^^^^^^^^^^^^^^^^^^^^^^^^^^^^^^^^^^^^^^^^^^^^^^^^^^^^^^^^^
  12 | import { guides as localGuides, guideCategories } from "@/data/guides";
  13 |
  14 | export interface RelatedItem {

The export diaries was not found in module [project]/src/data/diary.ts [app-ssr] (ecmascript).
Did you mean to import diaryEntries?
All exports of the module are statically known (It doesn't have dynamic exports). So it's known statically that the requested export doesn't exist.

Import traces:
  Client Component Browser:
    ./src/lib/relatedContent.ts [Client Component Browser]
    ./src/app/plants/[id]/PlantDetailClient.tsx [Client Component Browser]
    ./src/app/plants/[id]/PlantDetailClient.tsx [Server Component]
    ./src/app/plants/[id]/page.tsx [Server Component]

  Client Component SSR:
    ./src/lib/relatedContent.ts [Client Component SSR]
    ./src/app/plants/[id]/PlantDetailClient.tsx [Client Component SSR]
    ./src/app/plants/[id]/PlantDetailClient.tsx [Server Component]
    ./src/app/plants/[id]/page.tsx [Server Component] @ http://localhost:3001/_next/static/chunks/node_modules_next_dist_0u_w_5s._.js:1945
[    2718ms] [ERROR] ./src/lib/relatedContent.ts:11:1
Export diaries doesn't exist in target module
   9 |  */
  10 |
> 11 | import { diaries as localDiaries, diaryCategories } from "@/data/diary";
     | ^^^^^^^^^^^^^^^^^^^^^^^^^^^^^^^^^^^^^^^^^^^^^^^^^^^^^^^^^^^^^^^^^^^^^^^^
  12 | import { guides as localGuides, guideCategories } from "@/data/guides";
  13 |
  14 | export interface RelatedItem {

The export diaries was not found in module [project]/src/data/diary.ts [app-client] (ecmascript).
Did you mean to import diaryEntries?
All exports of the module are statically known (It doesn't have dynamic exports). So it's known statically that the requested export doesn't exist.

Import traces:
  Client Component Browser:
    ./src/lib/relatedContent.ts [Client Component Browser]
    ./src/app/plants/[id]/PlantDetailClient.tsx [Client Component Browser]
    ./src/app/plants/[id]/PlantDetailClient.tsx [Server Component]
    ./src/app/plants/[id]/page.tsx [Server Component]

  Client Component SSR:
    ./src/lib/relatedContent.ts [Client Component SSR]
    ./src/app/plants/[id]/PlantDetailClient.tsx [Client Component SSR]
    ./src/app/plants/[id]/PlantDetailClient.tsx [Server Component]
    ./src/app/plants/[id]/page.tsx [Server Component] @ http://localhost:3001/_next/static/chunks/node_modules_next_dist_0u_w_5s._.js:1945
[    2718ms] [ERROR] ./src/lib/relatedContent.ts:11:1
Export diaries doesn't exist in target module
   9 |  */
  10 |
> 11 | import { diaries as localDiaries, diaryCategories } from "@/data/diary";
     | ^^^^^^^^^^^^^^^^^^^^^^^^^^^^^^^^^^^^^^^^^^^^^^^^^^^^^^^^^^^^^^^^^^^^^^^^
  12 | import { guides as localGuides, guideCategories } from "@/data/guides";
  13 |
  14 | export interface RelatedItem {

The export diaries was not found in module [project]/src/data/diary.ts [app-ssr] (ecmascript).
Did you mean to import diaryEntries?
All exports of the module are statically known (It doesn't have dynamic exports). So it's known statically that the requested export doesn't exist.

Import traces:
  Client Component Browser:
    ./src/lib/relatedContent.ts [Client Component Browser]
    ./src/app/plants/[id]/PlantDetailClient.tsx [Client Component Browser]
    ./src/app/plants/[id]/PlantDetailClient.tsx [Server Component]
    ./src/app/plants/[id]/page.tsx [Server Component]

  Client Component SSR:
    ./src/lib/relatedContent.ts [Client Component SSR]
    ./src/app/plants/[id]/PlantDetailClient.tsx [Client Component SSR]
    ./src/app/plants/[id]/PlantDetailClient.tsx [Server Component]
    ./src/app/plants/[id]/page.tsx [Server Component] @ http://localhost:3001/_next/static/chunks/node_modules_next_dist_0u_w_5s._.js:1945
[    2765ms] [ERROR] ./src/lib/relatedContent.ts:11:1
Export diaries doesn't exist in target module
   9 |  */
  10 |
> 11 | import { diaries as localDiaries, diaryCategories } from "@/data/diary";
     | ^^^^^^^^^^^^^^^^^^^^^^^^^^^^^^^^^^^^^^^^^^^^^^^^^^^^^^^^^^^^^^^^^^^^^^^^
  12 | import { guides as localGuides, guideCategories } from "@/data/guides";
  13 |
  14 | export interface RelatedItem {

The export diaries was not found in module [project]/src/data/diary.ts [app-client] (ecmascript).
Did you mean to import diaryEntries?
All exports of the module are statically known (It doesn't have dynamic exports). So it's known statically that the requested export doesn't exist.

Import traces:
  Client Component Browser:
    ./src/lib/relatedContent.ts [Client Component Browser]
    ./src/app/plants/[id]/PlantDetailClient.tsx [Client Component Browser]
    ./src/app/plants/[id]/PlantDetailClient.tsx [Server Component]
    ./src/app/plants/[id]/page.tsx [Server Component]

  Client Component SSR:
    ./src/lib/relatedContent.ts [Client Component SSR]
    ./src/app/plants/[id]/PlantDetailClient.tsx [Client Component SSR]
    ./src/app/plants/[id]/PlantDetailClient.tsx [Server Component]
    ./src/app/plants/[id]/page.tsx [Server Component] @ http://localhost:3001/_next/static/chunks/node_modules_next_dist_0u_w_5s._.js:1945
[    2765ms] [ERROR] ./src/lib/relatedContent.ts:11:1
Export diaries doesn't exist in target module
   9 |  */
  10 |
> 11 | import { diaries as localDiaries, diaryCategories } from "@/data/diary";
     | ^^^^^^^^^^^^^^^^^^^^^^^^^^^^^^^^^^^^^^^^^^^^^^^^^^^^^^^^^^^^^^^^^^^^^^^^
  12 | import { guides as localGuides, guideCategories } from "@/data/guides";
  13 |
  14 | export interface RelatedItem {

The export diaries was not found in module [project]/src/data/diary.ts [app-ssr] (ecmascript).
Did you mean to import diaryEntries?
All exports of the module are statically known (It doesn't have dynamic exports). So it's known statically that the requested export doesn't exist.

Import traces:
  Client Component Browser:
    ./src/lib/relatedContent.ts [Client Component Browser]
    ./src/app/plants/[id]/PlantDetailClient.tsx [Client Component Browser]
    ./src/app/plants/[id]/PlantDetailClient.tsx [Server Component]
    ./src/app/plants/[id]/page.tsx [Server Component]

  Client Component SSR:
    ./src/lib/relatedContent.ts [Client Component SSR]
    ./src/app/plants/[id]/PlantDetailClient.tsx [Client Component SSR]
    ./src/app/plants/[id]/PlantDetailClient.tsx [Server Component]
    ./src/app/plants/[id]/page.tsx [Server Component] @ http://localhost:3001/_next/static/chunks/node_modules_next_dist_0u_w_5s._.js:1945
[    2812ms] [ERROR] ./src/lib/relatedContent.ts:11:1
Export diaries doesn't exist in target module
   9 |  */
  10 |
> 11 | import { diaries as localDiaries, diaryCategories } from "@/data/diary";
     | ^^^^^^^^^^^^^^^^^^^^^^^^^^^^^^^^^^^^^^^^^^^^^^^^^^^^^^^^^^^^^^^^^^^^^^^^
  12 | import { guides as localGuides, guideCategories } from "@/data/guides";
  13 |
  14 | export interface RelatedItem {

The export diaries was not found in module [project]/src/data/diary.ts [app-client] (ecmascript).
Did you mean to import diaryEntries?
All exports of the module are statically known (It doesn't have dynamic exports). So it's known statically that the requested export doesn't exist.

Import traces:
  Client Component Browser:
    ./src/lib/relatedContent.ts [Client Component Browser]
    ./src/app/plants/[id]/PlantDetailClient.tsx [Client Component Browser]
    ./src/app/plants/[id]/PlantDetailClient.tsx [Server Component]
    ./src/app/plants/[id]/page.tsx [Server Component]

  Client Component SSR:
    ./src/lib/relatedContent.ts [Client Component SSR]
    ./src/app/plants/[id]/PlantDetailClient.tsx [Client Component SSR]
    ./src/app/plants/[id]/PlantDetailClient.tsx [Server Component]
    ./src/app/plants/[id]/page.tsx [Server Component] @ http://localhost:3001/_next/static/chunks/node_modules_next_dist_0u_w_5s._.js:1945
[    2812ms] [ERROR] ./src/lib/relatedContent.ts:11:1
Export diaries doesn't exist in target module
   9 |  */
  10 |
> 11 | import { diaries as localDiaries, diaryCategories } from "@/data/diary";
     | ^^^^^^^^^^^^^^^^^^^^^^^^^^^^^^^^^^^^^^^^^^^^^^^^^^^^^^^^^^^^^^^^^^^^^^^^
  12 | import { guides as localGuides, guideCategories } from "@/data/guides";
  13 |
  14 | export interface RelatedItem {

The export diaries was not found in module [project]/src/data/diary.ts [app-ssr] (ecmascript).
Did you mean to import diaryEntries?
All exports of the module are statically known (It doesn't have dynamic exports). So it's known statically that the requested export doesn't exist.

Import traces:
  Client Component Browser:
    ./src/lib/relatedContent.ts [Client Component Browser]
    ./src/app/plants/[id]/PlantDetailClient.tsx [Client Component Browser]
    ./src/app/plants/[id]/PlantDetailClient.tsx [Server Component]
    ./src/app/plants/[id]/page.tsx [Server Component]

  Client Component SSR:
    ./src/lib/relatedContent.ts [Client Component SSR]
    ./src/app/plants/[id]/PlantDetailClient.tsx [Client Component SSR]
    ./src/app/plants/[id]/PlantDetailClient.tsx [Server Component]
    ./src/app/plants/[id]/page.tsx [Server Component] @ http://localhost:3001/_next/static/chunks/node_modules_next_dist_0u_w_5s._.js:1945
[    2855ms] [ERROR] ./src/lib/relatedContent.ts:11:1
Export diaries doesn't exist in target module
   9 |  */
  10 |
> 11 | import { diaries as localDiaries, diaryCategories } from "@/data/diary";
     | ^^^^^^^^^^^^^^^^^^^^^^^^^^^^^^^^^^^^^^^^^^^^^^^^^^^^^^^^^^^^^^^^^^^^^^^^
  12 | import { guides as localGuides, guideCategories } from "@/data/guides";
  13 |
  14 | export interface RelatedItem {

The export diaries was not found in module [project]/src/data/diary.ts [app-client] (ecmascript).
Did you mean to import diaryEntries?
All exports of the module are statically known (It doesn't have dynamic exports). So it's known statically that the requested export doesn't exist.

Import traces:
  Client Component Browser:
    ./src/lib/relatedContent.ts [Client Component Browser]
    ./src/app/plants/[id]/PlantDetailClient.tsx [Client Component Browser]
    ./src/app/plants/[id]/PlantDetailClient.tsx [Server Component]
    ./src/app/plants/[id]/page.tsx [Server Component]

  Client Component SSR:
    ./src/lib/relatedContent.ts [Client Component SSR]
    ./src/app/plants/[id]/PlantDetailClient.tsx [Client Component SSR]
    ./src/app/plants/[id]/PlantDetailClient.tsx [Server Component]
    ./src/app/plants/[id]/page.tsx [Server Component] @ http://localhost:3001/_next/static/chunks/node_modules_next_dist_0u_w_5s._.js:1945
[    2855ms] [ERROR] ./src/lib/relatedContent.ts:11:1
Export diaries doesn't exist in target module
   9 |  */
  10 |
> 11 | import { diaries as localDiaries, diaryCategories } from "@/data/diary";
     | ^^^^^^^^^^^^^^^^^^^^^^^^^^^^^^^^^^^^^^^^^^^^^^^^^^^^^^^^^^^^^^^^^^^^^^^^
  12 | import { guides as localGuides, guideCategories } from "@/data/guides";
  13 |
  14 | export interface RelatedItem {

The export diaries was not found in module [project]/src/data/diary.ts [app-ssr] (ecmascript).
Did you mean to import diaryEntries?
All exports of the module are statically known (It doesn't have dynamic exports). So it's known statically that the requested export doesn't exist.

Import traces:
  Client Component Browser:
    ./src/lib/relatedContent.ts [Client Component Browser]
    ./src/app/plants/[id]/PlantDetailClient.tsx [Client Component Browser]
    ./src/app/plants/[id]/PlantDetailClient.tsx [Server Component]
    ./src/app/plants/[id]/page.tsx [Server Component]

  Client Component SSR:
    ./src/lib/relatedContent.ts [Client Component SSR]
    ./src/app/plants/[id]/PlantDetailClient.tsx [Client Component SSR]
    ./src/app/plants/[id]/PlantDetailClient.tsx [Server Component]
    ./src/app/plants/[id]/page.tsx [Server Component] @ http://localhost:3001/_next/static/chunks/node_modules_next_dist_0u_w_5s._.js:1945
[    2900ms] [ERROR] ./src/lib/relatedContent.ts:11:1
Export diaries doesn't exist in target module
   9 |  */
  10 |
> 11 | import { diaries as localDiaries, diaryCategories } from "@/data/diary";
     | ^^^^^^^^^^^^^^^^^^^^^^^^^^^^^^^^^^^^^^^^^^^^^^^^^^^^^^^^^^^^^^^^^^^^^^^^
  12 | import { guides as localGuides, guideCategories } from "@/data/guides";
  13 |
  14 | export interface RelatedItem {

The export diaries was not found in module [project]/src/data/diary.ts [app-client] (ecmascript).
Did you mean to import diaryEntries?
All exports of the module are statically known (It doesn't have dynamic exports). So it's known statically that the requested export doesn't exist.

Import traces:
  Client Component Browser:
    ./src/lib/relatedContent.ts [Client Component Browser]
    ./src/app/plants/[id]/PlantDetailClient.tsx [Client Component Browser]
    ./src/app/plants/[id]/PlantDetailClient.tsx [Server Component]
    ./src/app/plants/[id]/page.tsx [Server Component]

  Client Component SSR:
    ./src/lib/relatedContent.ts [Client Component SSR]
    ./src/app/plants/[id]/PlantDetailClient.tsx [Client Component SSR]
    ./src/app/plants/[id]/PlantDetailClient.tsx [Server Component]
    ./src/app/plants/[id]/page.tsx [Server Component] @ http://localhost:3001/_next/static/chunks/node_modules_next_dist_0u_w_5s._.js:1945
[    2901ms] [ERROR] ./src/lib/relatedContent.ts:11:1
Export diaries doesn't exist in target module
   9 |  */
  10 |
> 11 | import { diaries as localDiaries, diaryCategories } from "@/data/diary";
     | ^^^^^^^^^^^^^^^^^^^^^^^^^^^^^^^^^^^^^^^^^^^^^^^^^^^^^^^^^^^^^^^^^^^^^^^^
  12 | import { guides as localGuides, guideCategories } from "@/data/guides";
  13 |
  14 | export interface RelatedItem {

The export diaries was not found in module [project]/src/data/diary.ts [app-ssr] (ecmascript).
Did you mean to import diaryEntries?
All exports of the module are statically known (It doesn't have dynamic exports). So it's known statically that the requested export doesn't exist.

Import traces:
  Client Component Browser:
    ./src/lib/relatedContent.ts [Client Component Browser]
    ./src/app/plants/[id]/PlantDetailClient.tsx [Client Component Browser]
    ./src/app/plants/[id]/PlantDetailClient.tsx [Server Component]
    ./src/app/plants/[id]/page.tsx [Server Component]

  Client Component SSR:
    ./src/lib/relatedContent.ts [Client Component SSR]
    ./src/app/plants/[id]/PlantDetailClient.tsx [Client Component SSR]
    ./src/app/plants/[id]/PlantDetailClient.tsx [Server Component]
    ./src/app/plants/[id]/page.tsx [Server Component] @ http://localhost:3001/_next/static/chunks/node_modules_next_dist_0u_w_5s._.js:1945
[    2947ms] [ERROR] ./src/lib/relatedContent.ts:11:1
Export diaries doesn't exist in target module
   9 |  */
  10 |
> 11 | import { diaries as localDiaries, diaryCategories } from "@/data/diary";
     | ^^^^^^^^^^^^^^^^^^^^^^^^^^^^^^^^^^^^^^^^^^^^^^^^^^^^^^^^^^^^^^^^^^^^^^^^
  12 | import { guides as localGuides, guideCategories } from "@/data/guides";
  13 |
  14 | export interface RelatedItem {

The export diaries was not found in module [project]/src/data/diary.ts [app-client] (ecmascript).
Did you mean to import diaryEntries?
All exports of the module are statically known (It doesn't have dynamic exports). So it's known statically that the requested export doesn't exist.

Import traces:
  Client Component Browser:
    ./src/lib/relatedContent.ts [Client Component Browser]
    ./src/app/plants/[id]/PlantDetailClient.tsx [Client Component Browser]
    ./src/app/plants/[id]/PlantDetailClient.tsx [Server Component]
    ./src/app/plants/[id]/page.tsx [Server Component]

  Client Component SSR:
    ./src/lib/relatedContent.ts [Client Component SSR]
    ./src/app/plants/[id]/PlantDetailClient.tsx [Client Component SSR]
    ./src/app/plants/[id]/PlantDetailClient.tsx [Server Component]
    ./src/app/plants/[id]/page.tsx [Server Component] @ http://localhost:3001/_next/static/chunks/node_modules_next_dist_0u_w_5s._.js:1945
[    2947ms] [ERROR] ./src/lib/relatedContent.ts:11:1
Export diaries doesn't exist in target module
   9 |  */
  10 |
> 11 | import { diaries as localDiaries, diaryCategories } from "@/data/diary";
     | ^^^^^^^^^^^^^^^^^^^^^^^^^^^^^^^^^^^^^^^^^^^^^^^^^^^^^^^^^^^^^^^^^^^^^^^^
  12 | import { guides as localGuides, guideCategories } from "@/data/guides";
  13 |
  14 | export interface RelatedItem {

The export diaries was not found in module [project]/src/data/diary.ts [app-ssr] (ecmascript).
Did you mean to import diaryEntries?
All exports of the module are statically known (It doesn't have dynamic exports). So it's known statically that the requested export doesn't exist.

Import traces:
  Client Component Browser:
    ./src/lib/relatedContent.ts [Client Component Browser]
    ./src/app/plants/[id]/PlantDetailClient.tsx [Client Component Browser]
    ./src/app/plants/[id]/PlantDetailClient.tsx [Server Component]
    ./src/app/plants/[id]/page.tsx [Server Component]

  Client Component SSR:
    ./src/lib/relatedContent.ts [Client Component SSR]
    ./src/app/plants/[id]/PlantDetailClient.tsx [Client Component SSR]
    ./src/app/plants/[id]/PlantDetailClient.tsx [Server Component]
    ./src/app/plants/[id]/page.tsx [Server Component] @ http://localhost:3001/_next/static/chunks/node_modules_next_dist_0u_w_5s._.js:1945
[    2995ms] [ERROR] ./src/lib/relatedContent.ts:11:1
Export diaries doesn't exist in target module
   9 |  */
  10 |
> 11 | import { diaries as localDiaries, diaryCategories } from "@/data/diary";
     | ^^^^^^^^^^^^^^^^^^^^^^^^^^^^^^^^^^^^^^^^^^^^^^^^^^^^^^^^^^^^^^^^^^^^^^^^
  12 | import { guides as localGuides, guideCategories } from "@/data/guides";
  13 |
  14 | export interface RelatedItem {

The export diaries was not found in module [project]/src/data/diary.ts [app-client] (ecmascript).
Did you mean to import diaryEntries?
All exports of the module are statically known (It doesn't have dynamic exports). So it's known statically that the requested export doesn't exist.

Import traces:
  Client Component Browser:
    ./src/lib/relatedContent.ts [Client Component Browser]
    ./src/app/plants/[id]/PlantDetailClient.tsx [Client Component Browser]
    ./src/app/plants/[id]/PlantDetailClient.tsx [Server Component]
    ./src/app/plants/[id]/page.tsx [Server Component]

  Client Component SSR:
    ./src/lib/relatedContent.ts [Client Component SSR]
    ./src/app/plants/[id]/PlantDetailClient.tsx [Client Component SSR]
    ./src/app/plants/[id]/PlantDetailClient.tsx [Server Component]
    ./src/app/plants/[id]/page.tsx [Server Component] @ http://localhost:3001/_next/static/chunks/node_modules_next_dist_0u_w_5s._.js:1945
[    2995ms] [ERROR] ./src/lib/relatedContent.ts:11:1
Export diaries doesn't exist in target module
   9 |  */
  10 |
> 11 | import { diaries as localDiaries, diaryCategories } from "@/data/diary";
     | ^^^^^^^^^^^^^^^^^^^^^^^^^^^^^^^^^^^^^^^^^^^^^^^^^^^^^^^^^^^^^^^^^^^^^^^^
  12 | import { guides as localGuides, guideCategories } from "@/data/guides";
  13 |
  14 | export interface RelatedItem {

The export diaries was not found in module [project]/src/data/diary.ts [app-ssr] (ecmascript).
Did you mean to import diaryEntries?
All exports of the module are statically known (It doesn't have dynamic exports). So it's known statically that the requested export doesn't exist.

Import traces:
  Client Component Browser:
    ./src/lib/relatedContent.ts [Client Component Browser]
    ./src/app/plants/[id]/PlantDetailClient.tsx [Client Component Browser]
    ./src/app/plants/[id]/PlantDetailClient.tsx [Server Component]
    ./src/app/plants/[id]/page.tsx [Server Component]

  Client Component SSR:
    ./src/lib/relatedContent.ts [Client Component SSR]
    ./src/app/plants/[id]/PlantDetailClient.tsx [Client Component SSR]
    ./src/app/plants/[id]/PlantDetailClient.tsx [Server Component]
    ./src/app/plants/[id]/page.tsx [Server Component] @ http://localhost:3001/_next/static/chunks/node_modules_next_dist_0u_w_5s._.js:1945
[    3043ms] [ERROR] ./src/lib/relatedContent.ts:11:1
Export diaries doesn't exist in target module
   9 |  */
  10 |
> 11 | import { diaries as localDiaries, diaryCategories } from "@/data/diary";
     | ^^^^^^^^^^^^^^^^^^^^^^^^^^^^^^^^^^^^^^^^^^^^^^^^^^^^^^^^^^^^^^^^^^^^^^^^
  12 | import { guides as localGuides, guideCategories } from "@/data/guides";
  13 |
  14 | export interface RelatedItem {

The export diaries was not found in module [project]/src/data/diary.ts [app-client] (ecmascript).
Did you mean to import diaryEntries?
All exports of the module are statically known (It doesn't have dynamic exports). So it's known statically that the requested export doesn't exist.

Import traces:
  Client Component Browser:
    ./src/lib/relatedContent.ts [Client Component Browser]
    ./src/app/plants/[id]/PlantDetailClient.tsx [Client Component Browser]
    ./src/app/plants/[id]/PlantDetailClient.tsx [Server Component]
    ./src/app/plants/[id]/page.tsx [Server Component]

  Client Component SSR:
    ./src/lib/relatedContent.ts [Client Component SSR]
    ./src/app/plants/[id]/PlantDetailClient.tsx [Client Component SSR]
    ./src/app/plants/[id]/PlantDetailClient.tsx [Server Component]
    ./src/app/plants/[id]/page.tsx [Server Component] @ http://localhost:3001/_next/static/chunks/node_modules_next_dist_0u_w_5s._.js:1945
[    3043ms] [ERROR] ./src/lib/relatedContent.ts:11:1
Export diaries doesn't exist in target module
   9 |  */
  10 |
> 11 | import { diaries as localDiaries, diaryCategories } from "@/data/diary";
     | ^^^^^^^^^^^^^^^^^^^^^^^^^^^^^^^^^^^^^^^^^^^^^^^^^^^^^^^^^^^^^^^^^^^^^^^^
  12 | import { guides as localGuides, guideCategories } from "@/data/guides";
  13 |
  14 | export interface RelatedItem {

The export diaries was not found in module [project]/src/data/diary.ts [app-ssr] (ecmascript).
Did you mean to import diaryEntries?
All exports of the module are statically known (It doesn't have dynamic exports). So it's known statically that the requested export doesn't exist.

Import traces:
  Client Component Browser:
    ./src/lib/relatedContent.ts [Client Component Browser]
    ./src/app/plants/[id]/PlantDetailClient.tsx [Client Component Browser]
    ./src/app/plants/[id]/PlantDetailClient.tsx [Server Component]
    ./src/app/plants/[id]/page.tsx [Server Component]

  Client Component SSR:
    ./src/lib/relatedContent.ts [Client Component SSR]
    ./src/app/plants/[id]/PlantDetailClient.tsx [Client Component SSR]
    ./src/app/plants/[id]/PlantDetailClient.tsx [Server Component]
    ./src/app/plants/[id]/page.tsx [Server Component] @ http://localhost:3001/_next/static/chunks/node_modules_next_dist_0u_w_5s._.js:1945
[    3090ms] [ERROR] ./src/lib/relatedContent.ts:11:1
Export diaries doesn't exist in target module
   9 |  */
  10 |
> 11 | import { diaries as localDiaries, diaryCategories } from "@/data/diary";
     | ^^^^^^^^^^^^^^^^^^^^^^^^^^^^^^^^^^^^^^^^^^^^^^^^^^^^^^^^^^^^^^^^^^^^^^^^
  12 | import { guides as localGuides, guideCategories } from "@/data/guides";
  13 |
  14 | export interface RelatedItem {

The export diaries was not found in module [project]/src/data/diary.ts [app-client] (ecmascript).
Did you mean to import diaryEntries?
All exports of the module are statically known (It doesn't have dynamic exports). So it's known statically that the requested export doesn't exist.

Import traces:
  Client Component Browser:
    ./src/lib/relatedContent.ts [Client Component Browser]
    ./src/app/plants/[id]/PlantDetailClient.tsx [Client Component Browser]
    ./src/app/plants/[id]/PlantDetailClient.tsx [Server Component]
    ./src/app/plants/[id]/page.tsx [Server Component]

  Client Component SSR:
    ./src/lib/relatedContent.ts [Client Component SSR]
    ./src/app/plants/[id]/PlantDetailClient.tsx [Client Component SSR]
    ./src/app/plants/[id]/PlantDetailClient.tsx [Server Component]
    ./src/app/plants/[id]/page.tsx [Server Component] @ http://localhost:3001/_next/static/chunks/node_modules_next_dist_0u_w_5s._.js:1945
[    3090ms] [ERROR] ./src/lib/relatedContent.ts:11:1
Export diaries doesn't exist in target module
   9 |  */
  10 |
> 11 | import { diaries as localDiaries, diaryCategories } from "@/data/diary";
     | ^^^^^^^^^^^^^^^^^^^^^^^^^^^^^^^^^^^^^^^^^^^^^^^^^^^^^^^^^^^^^^^^^^^^^^^^
  12 | import { guides as localGuides, guideCategories } from "@/data/guides";
  13 |
  14 | export interface RelatedItem {

The export diaries was not found in module [project]/src/data/diary.ts [app-ssr] (ecmascript).
Did you mean to import diaryEntries?
All exports of the module are statically known (It doesn't have dynamic exports). So it's known statically that the requested export doesn't exist.

Import traces:
  Client Component Browser:
    ./src/lib/relatedContent.ts [Client Component Browser]
    ./src/app/plants/[id]/PlantDetailClient.tsx [Client Component Browser]
    ./src/app/plants/[id]/PlantDetailClient.tsx [Server Component]
    ./src/app/plants/[id]/page.tsx [Server Component]

  Client Component SSR:
    ./src/lib/relatedContent.ts [Client Component SSR]
    ./src/app/plants/[id]/PlantDetailClient.tsx [Client Component SSR]
    ./src/app/plants/[id]/PlantDetailClient.tsx [Server Component]
    ./src/app/plants/[id]/page.tsx [Server Component] @ http://localhost:3001/_next/static/chunks/node_modules_next_dist_0u_w_5s._.js:1945
[    3139ms] [ERROR] ./src/lib/relatedContent.ts:11:1
Export diaries doesn't exist in target module
   9 |  */
  10 |
> 11 | import { diaries as localDiaries, diaryCategories } from "@/data/diary";
     | ^^^^^^^^^^^^^^^^^^^^^^^^^^^^^^^^^^^^^^^^^^^^^^^^^^^^^^^^^^^^^^^^^^^^^^^^
  12 | import { guides as localGuides, guideCategories } from "@/data/guides";
  13 |
  14 | export interface RelatedItem {

The export diaries was not found in module [project]/src/data/diary.ts [app-client] (ecmascript).
Did you mean to import diaryEntries?
All exports of the module are statically known (It doesn't have dynamic exports). So it's known statically that the requested export doesn't exist.

Import traces:
  Client Component Browser:
    ./src/lib/relatedContent.ts [Client Component Browser]
    ./src/app/plants/[id]/PlantDetailClient.tsx [Client Component Browser]
    ./src/app/plants/[id]/PlantDetailClient.tsx [Server Component]
    ./src/app/plants/[id]/page.tsx [Server Component]

  Client Component SSR:
    ./src/lib/relatedContent.ts [Client Component SSR]
    ./src/app/plants/[id]/PlantDetailClient.tsx [Client Component SSR]
    ./src/app/plants/[id]/PlantDetailClient.tsx [Server Component]
    ./src/app/plants/[id]/page.tsx [Server Component] @ http://localhost:3001/_next/static/chunks/node_modules_next_dist_0u_w_5s._.js:1945
[    3140ms] [ERROR] ./src/lib/relatedContent.ts:11:1
Export diaries doesn't exist in target module
   9 |  */
  10 |
> 11 | import { diaries as localDiaries, diaryCategories } from "@/data/diary";
     | ^^^^^^^^^^^^^^^^^^^^^^^^^^^^^^^^^^^^^^^^^^^^^^^^^^^^^^^^^^^^^^^^^^^^^^^^
  12 | import { guides as localGuides, guideCategories } from "@/data/guides";
  13 |
  14 | export interface RelatedItem {

The export diaries was not found in module [project]/src/data/diary.ts [app-ssr] (ecmascript).
Did you mean to import diaryEntries?
All exports of the module are statically known (It doesn't have dynamic exports). So it's known statically that the requested export doesn't exist.

Import traces:
  Client Component Browser:
    ./src/lib/relatedContent.ts [Client Component Browser]
    ./src/app/plants/[id]/PlantDetailClient.tsx [Client Component Browser]
    ./src/app/plants/[id]/PlantDetailClient.tsx [Server Component]
    ./src/app/plants/[id]/page.tsx [Server Component]

  Client Component SSR:
    ./src/lib/relatedContent.ts [Client Component SSR]
    ./src/app/plants/[id]/PlantDetailClient.tsx [Client Component SSR]
    ./src/app/plants/[id]/PlantDetailClient.tsx [Server Component]
    ./src/app/plants/[id]/page.tsx [Server Component] @ http://localhost:3001/_next/static/chunks/node_modules_next_dist_0u_w_5s._.js:1945
[    3192ms] [ERROR] ./src/lib/relatedContent.ts:11:1
Export diaries doesn't exist in target module
   9 |  */
  10 |
> 11 | import { diaries as localDiaries, diaryCategories } from "@/data/diary";
     | ^^^^^^^^^^^^^^^^^^^^^^^^^^^^^^^^^^^^^^^^^^^^^^^^^^^^^^^^^^^^^^^^^^^^^^^^
  12 | import { guides as localGuides, guideCategories } from "@/data/guides";
  13 |
  14 | export interface RelatedItem {

The export diaries was not found in module [project]/src/data/diary.ts [app-client] (ecmascript).
Did you mean to import diaryEntries?
All exports of the module are statically known (It doesn't have dynamic exports). So it's known statically that the requested export doesn't exist.

Import traces:
  Client Component Browser:
    ./src/lib/relatedContent.ts [Client Component Browser]
    ./src/app/plants/[id]/PlantDetailClient.tsx [Client Component Browser]
    ./src/app/plants/[id]/PlantDetailClient.tsx [Server Component]
    ./src/app/plants/[id]/page.tsx [Server Component]

  Client Component SSR:
    ./src/lib/relatedContent.ts [Client Component SSR]
    ./src/app/plants/[id]/PlantDetailClient.tsx [Client Component SSR]
    ./src/app/plants/[id]/PlantDetailClient.tsx [Server Component]
    ./src/app/plants/[id]/page.tsx [Server Component] @ http://localhost:3001/_next/static/chunks/node_modules_next_dist_0u_w_5s._.js:1945
[    3192ms] [ERROR] ./src/lib/relatedContent.ts:11:1
Export diaries doesn't exist in target module
   9 |  */
  10 |
> 11 | import { diaries as localDiaries, diaryCategories } from "@/data/diary";
     | ^^^^^^^^^^^^^^^^^^^^^^^^^^^^^^^^^^^^^^^^^^^^^^^^^^^^^^^^^^^^^^^^^^^^^^^^
  12 | import { guides as localGuides, guideCategories } from "@/data/guides";
  13 |
  14 | export interface RelatedItem {

The export diaries was not found in module [project]/src/data/diary.ts [app-ssr] (ecmascript).
Did you mean to import diaryEntries?
All exports of the module are statically known (It doesn't have dynamic exports). So it's known statically that the requested export doesn't exist.

Import traces:
  Client Component Browser:
    ./src/lib/relatedContent.ts [Client Component Browser]
    ./src/app/plants/[id]/PlantDetailClient.tsx [Client Component Browser]
    ./src/app/plants/[id]/PlantDetailClient.tsx [Server Component]
    ./src/app/plants/[id]/page.tsx [Server Component]

  Client Component SSR:
    ./src/lib/relatedContent.ts [Client Component SSR]
    ./src/app/plants/[id]/PlantDetailClient.tsx [Client Component SSR]
    ./src/app/plants/[id]/PlantDetailClient.tsx [Server Component]
    ./src/app/plants/[id]/page.tsx [Server Component] @ http://localhost:3001/_next/static/chunks/node_modules_next_dist_0u_w_5s._.js:1945
[    3241ms] [ERROR] ./src/lib/relatedContent.ts:11:1
Export diaries doesn't exist in target module
   9 |  */
  10 |
> 11 | import { diaries as localDiaries, diaryCategories } from "@/data/diary";
     | ^^^^^^^^^^^^^^^^^^^^^^^^^^^^^^^^^^^^^^^^^^^^^^^^^^^^^^^^^^^^^^^^^^^^^^^^
  12 | import { guides as localGuides, guideCategories } from "@/data/guides";
  13 |
  14 | export interface RelatedItem {

The export diaries was not found in module [project]/src/data/diary.ts [app-client] (ecmascript).
Did you mean to import diaryEntries?
All exports of the module are statically known (It doesn't have dynamic exports). So it's known statically that the requested export doesn't exist.

Import traces:
  Client Component Browser:
    ./src/lib/relatedContent.ts [Client Component Browser]
    ./src/app/plants/[id]/PlantDetailClient.tsx [Client Component Browser]
    ./src/app/plants/[id]/PlantDetailClient.tsx [Server Component]
    ./src/app/plants/[id]/page.tsx [Server Component]

  Client Component SSR:
    ./src/lib/relatedContent.ts [Client Component SSR]
    ./src/app/plants/[id]/PlantDetailClient.tsx [Client Component SSR]
    ./src/app/plants/[id]/PlantDetailClient.tsx [Server Component]
    ./src/app/plants/[id]/page.tsx [Server Component] @ http://localhost:3001/_next/static/chunks/node_modules_next_dist_0u_w_5s._.js:1945
[    3242ms] [ERROR] ./src/lib/relatedContent.ts:11:1
Export diaries doesn't exist in target module
   9 |  */
  10 |
> 11 | import { diaries as localDiaries, diaryCategories } from "@/data/diary";
     | ^^^^^^^^^^^^^^^^^^^^^^^^^^^^^^^^^^^^^^^^^^^^^^^^^^^^^^^^^^^^^^^^^^^^^^^^
  12 | import { guides as localGuides, guideCategories } from "@/data/guides";
  13 |
  14 | export interface RelatedItem {

The export diaries was not found in module [project]/src/data/diary.ts [app-ssr] (ecmascript).
Did you mean to import diaryEntries?
All exports of the module are statically known (It doesn't have dynamic exports). So it's known statically that the requested export doesn't exist.

Import traces:
  Client Component Browser:
    ./src/lib/relatedContent.ts [Client Component Browser]
    ./src/app/plants/[id]/PlantDetailClient.tsx [Client Component Browser]
    ./src/app/plants/[id]/PlantDetailClient.tsx [Server Component]
    ./src/app/plants/[id]/page.tsx [Server Component]

  Client Component SSR:
    ./src/lib/relatedContent.ts [Client Component SSR]
    ./src/app/plants/[id]/PlantDetailClient.tsx [Client Component SSR]
    ./src/app/plants/[id]/PlantDetailClient.tsx [Server Component]
    ./src/app/plants/[id]/page.tsx [Server Component] @ http://localhost:3001/_next/static/chunks/node_modules_next_dist_0u_w_5s._.js:1945
[    3291ms] [ERROR] ./src/lib/relatedContent.ts:11:1
Export diaries doesn't exist in target module
   9 |  */
  10 |
> 11 | import { diaries as localDiaries, diaryCategories } from "@/data/diary";
     | ^^^^^^^^^^^^^^^^^^^^^^^^^^^^^^^^^^^^^^^^^^^^^^^^^^^^^^^^^^^^^^^^^^^^^^^^
  12 | import { guides as localGuides, guideCategories } from "@/data/guides";
  13 |
  14 | export interface RelatedItem {

The export diaries was not found in module [project]/src/data/diary.ts [app-client] (ecmascript).
Did you mean to import diaryEntries?
All exports of the module are statically known (It doesn't have dynamic exports). So it's known statically that the requested export doesn't exist.

Import traces:
  Client Component Browser:
    ./src/lib/relatedContent.ts [Client Component Browser]
    ./src/app/plants/[id]/PlantDetailClient.tsx [Client Component Browser]
    ./src/app/plants/[id]/PlantDetailClient.tsx [Server Component]
    ./src/app/plants/[id]/page.tsx [Server Component]

  Client Component SSR:
    ./src/lib/relatedContent.ts [Client Component SSR]
    ./src/app/plants/[id]/PlantDetailClient.tsx [Client Component SSR]
    ./src/app/plants/[id]/PlantDetailClient.tsx [Server Component]
    ./src/app/plants/[id]/page.tsx [Server Component] @ http://localhost:3001/_next/static/chunks/node_modules_next_dist_0u_w_5s._.js:1945
[    3291ms] [ERROR] ./src/lib/relatedContent.ts:11:1
Export diaries doesn't exist in target module
   9 |  */
  10 |
> 11 | import { diaries as localDiaries, diaryCategories } from "@/data/diary";
     | ^^^^^^^^^^^^^^^^^^^^^^^^^^^^^^^^^^^^^^^^^^^^^^^^^^^^^^^^^^^^^^^^^^^^^^^^
  12 | import { guides as localGuides, guideCategories } from "@/data/guides";
  13 |
  14 | export interface RelatedItem {

The export diaries was not found in module [project]/src/data/diary.ts [app-ssr] (ecmascript).
Did you mean to import diaryEntries?
All exports of the module are statically known (It doesn't have dynamic exports). So it's known statically that the requested export doesn't exist.

Import traces:
  Client Component Browser:
    ./src/lib/relatedContent.ts [Client Component Browser]
    ./src/app/plants/[id]/PlantDetailClient.tsx [Client Component Browser]
    ./src/app/plants/[id]/PlantDetailClient.tsx [Server Component]
    ./src/app/plants/[id]/page.tsx [Server Component]

  Client Component SSR:
    ./src/lib/relatedContent.ts [Client Component SSR]
    ./src/app/plants/[id]/PlantDetailClient.tsx [Client Component SSR]
    ./src/app/plants/[id]/PlantDetailClient.tsx [Server Component]
    ./src/app/plants/[id]/page.tsx [Server Component] @ http://localhost:3001/_next/static/chunks/node_modules_next_dist_0u_w_5s._.js:1945
[    3339ms] [ERROR] ./src/lib/relatedContent.ts:11:1
Export diaries doesn't exist in target module
   9 |  */
  10 |
> 11 | import { diaries as localDiaries, diaryCategories } from "@/data/diary";
     | ^^^^^^^^^^^^^^^^^^^^^^^^^^^^^^^^^^^^^^^^^^^^^^^^^^^^^^^^^^^^^^^^^^^^^^^^
  12 | import { guides as localGuides, guideCategories } from "@/data/guides";
  13 |
  14 | export interface RelatedItem {

The export diaries was not found in module [project]/src/data/diary.ts [app-client] (ecmascript).
Did you mean to import diaryEntries?
All exports of the module are statically known (It doesn't have dynamic exports). So it's known statically that the requested export doesn't exist.

Import traces:
  Client Component Browser:
    ./src/lib/relatedContent.ts [Client Component Browser]
    ./src/app/plants/[id]/PlantDetailClient.tsx [Client Component Browser]
    ./src/app/plants/[id]/PlantDetailClient.tsx [Server Component]
    ./src/app/plants/[id]/page.tsx [Server Component]

  Client Component SSR:
    ./src/lib/relatedContent.ts [Client Component SSR]
    ./src/app/plants/[id]/PlantDetailClient.tsx [Client Component SSR]
    ./src/app/plants/[id]/PlantDetailClient.tsx [Server Component]
    ./src/app/plants/[id]/page.tsx [Server Component] @ http://localhost:3001/_next/static/chunks/node_modules_next_dist_0u_w_5s._.js:1945
[    3339ms] [ERROR] ./src/lib/relatedContent.ts:11:1
Export diaries doesn't exist in target module
   9 |  */
  10 |
> 11 | import { diaries as localDiaries, diaryCategories } from "@/data/diary";
     | ^^^^^^^^^^^^^^^^^^^^^^^^^^^^^^^^^^^^^^^^^^^^^^^^^^^^^^^^^^^^^^^^^^^^^^^^
  12 | import { guides as localGuides, guideCategories } from "@/data/guides";
  13 |
  14 | export interface RelatedItem {

The export diaries was not found in module [project]/src/data/diary.ts [app-ssr] (ecmascript).
Did you mean to import diaryEntries?
All exports of the module are statically known (It doesn't have dynamic exports). So it's known statically that the requested export doesn't exist.

Import traces:
  Client Component Browser:
    ./src/lib/relatedContent.ts [Client Component Browser]
    ./src/app/plants/[id]/PlantDetailClient.tsx [Client Component Browser]
    ./src/app/plants/[id]/PlantDetailClient.tsx [Server Component]
    ./src/app/plants/[id]/page.tsx [Server Component]

  Client Component SSR:
    ./src/lib/relatedContent.ts [Client Component SSR]
    ./src/app/plants/[id]/PlantDetailClient.tsx [Client Component SSR]
    ./src/app/plants/[id]/PlantDetailClient.tsx [Server Component]
    ./src/app/plants/[id]/page.tsx [Server Component] @ http://localhost:3001/_next/static/chunks/node_modules_next_dist_0u_w_5s._.js:1945
[    3385ms] [ERROR] ./src/lib/relatedContent.ts:11:1
Export diaries doesn't exist in target module
   9 |  */
  10 |
> 11 | import { diaries as localDiaries, diaryCategories } from "@/data/diary";
     | ^^^^^^^^^^^^^^^^^^^^^^^^^^^^^^^^^^^^^^^^^^^^^^^^^^^^^^^^^^^^^^^^^^^^^^^^
  12 | import { guides as localGuides, guideCategories } from "@/data/guides";
  13 |
  14 | export interface RelatedItem {

The export diaries was not found in module [project]/src/data/diary.ts [app-client] (ecmascript).
Did you mean to import diaryEntries?
All exports of the module are statically known (It doesn't have dynamic exports). So it's known statically that the requested export doesn't exist.

Import traces:
  Client Component Browser:
    ./src/lib/relatedContent.ts [Client Component Browser]
    ./src/app/plants/[id]/PlantDetailClient.tsx [Client Component Browser]
    ./src/app/plants/[id]/PlantDetailClient.tsx [Server Component]
    ./src/app/plants/[id]/page.tsx [Server Component]

  Client Component SSR:
    ./src/lib/relatedContent.ts [Client Component SSR]
    ./src/app/plants/[id]/PlantDetailClient.tsx [Client Component SSR]
    ./src/app/plants/[id]/PlantDetailClient.tsx [Server Component]
    ./src/app/plants/[id]/page.tsx [Server Component] @ http://localhost:3001/_next/static/chunks/node_modules_next_dist_0u_w_5s._.js:1945
[    3386ms] [ERROR] ./src/lib/relatedContent.ts:11:1
Export diaries doesn't exist in target module
   9 |  */
  10 |
> 11 | import { diaries as localDiaries, diaryCategories } from "@/data/diary";
     | ^^^^^^^^^^^^^^^^^^^^^^^^^^^^^^^^^^^^^^^^^^^^^^^^^^^^^^^^^^^^^^^^^^^^^^^^
  12 | import { guides as localGuides, guideCategories } from "@/data/guides";
  13 |
  14 | export interface RelatedItem {

The export diaries was not found in module [project]/src/data/diary.ts [app-ssr] (ecmascript).
Did you mean to import diaryEntries?
All exports of the module are statically known (It doesn't have dynamic exports). So it's known statically that the requested export doesn't exist.

Import traces:
  Client Component Browser:
    ./src/lib/relatedContent.ts [Client Component Browser]
    ./src/app/plants/[id]/PlantDetailClient.tsx [Client Component Browser]
    ./src/app/plants/[id]/PlantDetailClient.tsx [Server Component]
    ./src/app/plants/[id]/page.tsx [Server Component]

  Client Component SSR:
    ./src/lib/relatedContent.ts [Client Component SSR]
    ./src/app/plants/[id]/PlantDetailClient.tsx [Client Component SSR]
    ./src/app/plants/[id]/PlantDetailClient.tsx [Server Component]
    ./src/app/plants/[id]/page.tsx [Server Component] @ http://localhost:3001/_next/static/chunks/node_modules_next_dist_0u_w_5s._.js:1945
[    3432ms] [ERROR] ./src/lib/relatedContent.ts:11:1
Export diaries doesn't exist in target module
   9 |  */
  10 |
> 11 | import { diaries as localDiaries, diaryCategories } from "@/data/diary";
     | ^^^^^^^^^^^^^^^^^^^^^^^^^^^^^^^^^^^^^^^^^^^^^^^^^^^^^^^^^^^^^^^^^^^^^^^^
  12 | import { guides as localGuides, guideCategories } from "@/data/guides";
  13 |
  14 | export interface RelatedItem {

The export diaries was not found in module [project]/src/data/diary.ts [app-client] (ecmascript).
Did you mean to import diaryEntries?
All exports of the module are statically known (It doesn't have dynamic exports). So it's known statically that the requested export doesn't exist.

Import traces:
  Client Component Browser:
    ./src/lib/relatedContent.ts [Client Component Browser]
    ./src/app/plants/[id]/PlantDetailClient.tsx [Client Component Browser]
    ./src/app/plants/[id]/PlantDetailClient.tsx [Server Component]
    ./src/app/plants/[id]/page.tsx [Server Component]

  Client Component SSR:
    ./src/lib/relatedContent.ts [Client Component SSR]
    ./src/app/plants/[id]/PlantDetailClient.tsx [Client Component SSR]
    ./src/app/plants/[id]/PlantDetailClient.tsx [Server Component]
    ./src/app/plants/[id]/page.tsx [Server Component] @ http://localhost:3001/_next/static/chunks/node_modules_next_dist_0u_w_5s._.js:1945
[    3432ms] [ERROR] ./src/lib/relatedContent.ts:11:1
Export diaries doesn't exist in target module
   9 |  */
  10 |
> 11 | import { diaries as localDiaries, diaryCategories } from "@/data/diary";
     | ^^^^^^^^^^^^^^^^^^^^^^^^^^^^^^^^^^^^^^^^^^^^^^^^^^^^^^^^^^^^^^^^^^^^^^^^
  12 | import { guides as localGuides, guideCategories } from "@/data/guides";
  13 |
  14 | export interface RelatedItem {

The export diaries was not found in module [project]/src/data/diary.ts [app-ssr] (ecmascript).
Did you mean to import diaryEntries?
All exports of the module are statically known (It doesn't have dynamic exports). So it's known statically that the requested export doesn't exist.

Import traces:
  Client Component Browser:
    ./src/lib/relatedContent.ts [Client Component Browser]
    ./src/app/plants/[id]/PlantDetailClient.tsx [Client Component Browser]
    ./src/app/plants/[id]/PlantDetailClient.tsx [Server Component]
    ./src/app/plants/[id]/page.tsx [Server Component]

  Client Component SSR:
    ./src/lib/relatedContent.ts [Client Component SSR]
    ./src/app/plants/[id]/PlantDetailClient.tsx [Client Component SSR]
    ./src/app/plants/[id]/PlantDetailClient.tsx [Server Component]
    ./src/app/plants/[id]/page.tsx [Server Component] @ http://localhost:3001/_next/static/chunks/node_modules_next_dist_0u_w_5s._.js:1945
[    3478ms] [ERROR] ./src/lib/relatedContent.ts:11:1
Export diaries doesn't exist in target module
   9 |  */
  10 |
> 11 | import { diaries as localDiaries, diaryCategories } from "@/data/diary";
     | ^^^^^^^^^^^^^^^^^^^^^^^^^^^^^^^^^^^^^^^^^^^^^^^^^^^^^^^^^^^^^^^^^^^^^^^^
  12 | import { guides as localGuides, guideCategories } from "@/data/guides";
  13 |
  14 | export interface RelatedItem {

The export diaries was not found in module [project]/src/data/diary.ts [app-client] (ecmascript).
Did you mean to import diaryEntries?
All exports of the module are statically known (It doesn't have dynamic exports). So it's known statically that the requested export doesn't exist.

Import traces:
  Client Component Browser:
    ./src/lib/relatedContent.ts [Client Component Browser]
    ./src/app/plants/[id]/PlantDetailClient.tsx [Client Component Browser]
    ./src/app/plants/[id]/PlantDetailClient.tsx [Server Component]
    ./src/app/plants/[id]/page.tsx [Server Component]

  Client Component SSR:
    ./src/lib/relatedContent.ts [Client Component SSR]
    ./src/app/plants/[id]/PlantDetailClient.tsx [Client Component SSR]
    ./src/app/plants/[id]/PlantDetailClient.tsx [Server Component]
    ./src/app/plants/[id]/page.tsx [Server Component] @ http://localhost:3001/_next/static/chunks/node_modules_next_dist_0u_w_5s._.js:1945
[    3478ms] [ERROR] ./src/lib/relatedContent.ts:11:1
Export diaries doesn't exist in target module
   9 |  */
  10 |
> 11 | import { diaries as localDiaries, diaryCategories } from "@/data/diary";
     | ^^^^^^^^^^^^^^^^^^^^^^^^^^^^^^^^^^^^^^^^^^^^^^^^^^^^^^^^^^^^^^^^^^^^^^^^
  12 | import { guides as localGuides, guideCategories } from "@/data/guides";
  13 |
  14 | export interface RelatedItem {

The export diaries was not found in module [project]/src/data/diary.ts [app-ssr] (ecmascript).
Did you mean to import diaryEntries?
All exports of the module are statically known (It doesn't have dynamic exports). So it's known statically that the requested export doesn't exist.

Import traces:
  Client Component Browser:
    ./src/lib/relatedContent.ts [Client Component Browser]
    ./src/app/plants/[id]/PlantDetailClient.tsx [Client Component Browser]
    ./src/app/plants/[id]/PlantDetailClient.tsx [Server Component]
    ./src/app/plants/[id]/page.tsx [Server Component]

  Client Component SSR:
    ./src/lib/relatedContent.ts [Client Component SSR]
    ./src/app/plants/[id]/PlantDetailClient.tsx [Client Component SSR]
    ./src/app/plants/[id]/PlantDetailClient.tsx [Server Component]
    ./src/app/plants/[id]/page.tsx [Server Component] @ http://localhost:3001/_next/static/chunks/node_modules_next_dist_0u_w_5s._.js:1945
[    3526ms] [ERROR] ./src/lib/relatedContent.ts:11:1
Export diaries doesn't exist in target module
   9 |  */
  10 |
> 11 | import { diaries as localDiaries, diaryCategories } from "@/data/diary";
     | ^^^^^^^^^^^^^^^^^^^^^^^^^^^^^^^^^^^^^^^^^^^^^^^^^^^^^^^^^^^^^^^^^^^^^^^^
  12 | import { guides as localGuides, guideCategories } from "@/data/guides";
  13 |
  14 | export interface RelatedItem {

The export diaries was not found in module [project]/src/data/diary.ts [app-client] (ecmascript).
Did you mean to import diaryEntries?
All exports of the module are statically known (It doesn't have dynamic exports). So it's known statically that the requested export doesn't exist.

Import traces:
  Client Component Browser:
    ./src/lib/relatedContent.ts [Client Component Browser]
    ./src/app/plants/[id]/PlantDetailClient.tsx [Client Component Browser]
    ./src/app/plants/[id]/PlantDetailClient.tsx [Server Component]
    ./src/app/plants/[id]/page.tsx [Server Component]

  Client Component SSR:
    ./src/lib/relatedContent.ts [Client Component SSR]
    ./src/app/plants/[id]/PlantDetailClient.tsx [Client Component SSR]
    ./src/app/plants/[id]/PlantDetailClient.tsx [Server Component]
    ./src/app/plants/[id]/page.tsx [Server Component] @ http://localhost:3001/_next/static/chunks/node_modules_next_dist_0u_w_5s._.js:1945
[    3526ms] [ERROR] ./src/lib/relatedContent.ts:11:1
Export diaries doesn't exist in target module
   9 |  */
  10 |
> 11 | import { diaries as localDiaries, diaryCategories } from "@/data/diary";
     | ^^^^^^^^^^^^^^^^^^^^^^^^^^^^^^^^^^^^^^^^^^^^^^^^^^^^^^^^^^^^^^^^^^^^^^^^
  12 | import { guides as localGuides, guideCategories } from "@/data/guides";
  13 |
  14 | export interface RelatedItem {

The export diaries was not found in module [project]/src/data/diary.ts [app-ssr] (ecmascript).
Did you mean to import diaryEntries?
All exports of the module are statically known (It doesn't have dynamic exports). So it's known statically that the requested export doesn't exist.

Import traces:
  Client Component Browser:
    ./src/lib/relatedContent.ts [Client Component Browser]
    ./src/app/plants/[id]/PlantDetailClient.tsx [Client Component Browser]
    ./src/app/plants/[id]/PlantDetailClient.tsx [Server Component]
    ./src/app/plants/[id]/page.tsx [Server Component]

  Client Component SSR:
    ./src/lib/relatedContent.ts [Client Component SSR]
    ./src/app/plants/[id]/PlantDetailClient.tsx [Client Component SSR]
    ./src/app/plants/[id]/PlantDetailClient.tsx [Server Component]
    ./src/app/plants/[id]/page.tsx [Server Component] @ http://localhost:3001/_next/static/chunks/node_modules_next_dist_0u_w_5s._.js:1945
[    3574ms] [ERROR] ./src/lib/relatedContent.ts:11:1
Export diaries doesn't exist in target module
   9 |  */
  10 |
> 11 | import { diaries as localDiaries, diaryCategories } from "@/data/diary";
     | ^^^^^^^^^^^^^^^^^^^^^^^^^^^^^^^^^^^^^^^^^^^^^^^^^^^^^^^^^^^^^^^^^^^^^^^^
  12 | import { guides as localGuides, guideCategories } from "@/data/guides";
  13 |
  14 | export interface RelatedItem {

The export diaries was not found in module [project]/src/data/diary.ts [app-client] (ecmascript).
Did you mean to import diaryEntries?
All exports of the module are statically known (It doesn't have dynamic exports). So it's known statically that the requested export doesn't exist.

Import traces:
  Client Component Browser:
    ./src/lib/relatedContent.ts [Client Component Browser]
    ./src/app/plants/[id]/PlantDetailClient.tsx [Client Component Browser]
    ./src/app/plants/[id]/PlantDetailClient.tsx [Server Component]
    ./src/app/plants/[id]/page.tsx [Server Component]

  Client Component SSR:
    ./src/lib/relatedContent.ts [Client Component SSR]
    ./src/app/plants/[id]/PlantDetailClient.tsx [Client Component SSR]
    ./src/app/plants/[id]/PlantDetailClient.tsx [Server Component]
    ./src/app/plants/[id]/page.tsx [Server Component] @ http://localhost:3001/_next/static/chunks/node_modules_next_dist_0u_w_5s._.js:1945
[    3574ms] [ERROR] ./src/lib/relatedContent.ts:11:1
Export diaries doesn't exist in target module
   9 |  */
  10 |
> 11 | import { diaries as localDiaries, diaryCategories } from "@/data/diary";
     | ^^^^^^^^^^^^^^^^^^^^^^^^^^^^^^^^^^^^^^^^^^^^^^^^^^^^^^^^^^^^^^^^^^^^^^^^
  12 | import { guides as localGuides, guideCategories } from "@/data/guides";
  13 |
  14 | export interface RelatedItem {

The export diaries was not found in module [project]/src/data/diary.ts [app-ssr] (ecmascript).
Did you mean to import diaryEntries?
All exports of the module are statically known (It doesn't have dynamic exports). So it's known statically that the requested export doesn't exist.

Import traces:
  Client Component Browser:
    ./src/lib/relatedContent.ts [Client Component Browser]
    ./src/app/plants/[id]/PlantDetailClient.tsx [Client Component Browser]
    ./src/app/plants/[id]/PlantDetailClient.tsx [Server Component]
    ./src/app/plants/[id]/page.tsx [Server Component]

  Client Component SSR:
    ./src/lib/relatedContent.ts [Client Component SSR]
    ./src/app/plants/[id]/PlantDetailClient.tsx [Client Component SSR]
    ./src/app/plants/[id]/PlantDetailClient.tsx [Server Component]
    ./src/app/plants/[id]/page.tsx [Server Component] @ http://localhost:3001/_next/static/chunks/node_modules_next_dist_0u_w_5s._.js:1945
[    3621ms] [ERROR] ./src/lib/relatedContent.ts:11:1
Export diaries doesn't exist in target module
   9 |  */
  10 |
> 11 | import { diaries as localDiaries, diaryCategories } from "@/data/diary";
     | ^^^^^^^^^^^^^^^^^^^^^^^^^^^^^^^^^^^^^^^^^^^^^^^^^^^^^^^^^^^^^^^^^^^^^^^^
  12 | import { guides as localGuides, guideCategories } from "@/data/guides";
  13 |
  14 | export interface RelatedItem {

The export diaries was not found in module [project]/src/data/diary.ts [app-client] (ecmascript).
Did you mean to import diaryEntries?
All exports of the module are statically known (It doesn't have dynamic exports). So it's known statically that the requested export doesn't exist.

Import traces:
  Client Component Browser:
    ./src/lib/relatedContent.ts [Client Component Browser]
    ./src/app/plants/[id]/PlantDetailClient.tsx [Client Component Browser]
    ./src/app/plants/[id]/PlantDetailClient.tsx [Server Component]
    ./src/app/plants/[id]/page.tsx [Server Component]

  Client Component SSR:
    ./src/lib/relatedContent.ts [Client Component SSR]
    ./src/app/plants/[id]/PlantDetailClient.tsx [Client Component SSR]
    ./src/app/plants/[id]/PlantDetailClient.tsx [Server Component]
    ./src/app/plants/[id]/page.tsx [Server Component] @ http://localhost:3001/_next/static/chunks/node_modules_next_dist_0u_w_5s._.js:1945
[    3621ms] [ERROR] ./src/lib/relatedContent.ts:11:1
Export diaries doesn't exist in target module
   9 |  */
  10 |
> 11 | import { diaries as localDiaries, diaryCategories } from "@/data/diary";
     | ^^^^^^^^^^^^^^^^^^^^^^^^^^^^^^^^^^^^^^^^^^^^^^^^^^^^^^^^^^^^^^^^^^^^^^^^
  12 | import { guides as localGuides, guideCategories } from "@/data/guides";
  13 |
  14 | export interface RelatedItem {

The export diaries was not found in module [project]/src/data/diary.ts [app-ssr] (ecmascript).
Did you mean to import diaryEntries?
All exports of the module are statically known (It doesn't have dynamic exports). So it's known statically that the requested export doesn't exist.

Import traces:
  Client Component Browser:
    ./src/lib/relatedContent.ts [Client Component Browser]
    ./src/app/plants/[id]/PlantDetailClient.tsx [Client Component Browser]
    ./src/app/plants/[id]/PlantDetailClient.tsx [Server Component]
    ./src/app/plants/[id]/page.tsx [Server Component]

  Client Component SSR:
    ./src/lib/relatedContent.ts [Client Component SSR]
    ./src/app/plants/[id]/PlantDetailClient.tsx [Client Component SSR]
    ./src/app/plants/[id]/PlantDetailClient.tsx [Server Component]
    ./src/app/plants/[id]/page.tsx [Server Component] @ http://localhost:3001/_next/static/chunks/node_modules_next_dist_0u_w_5s._.js:1945
[    3668ms] [ERROR] ./src/lib/relatedContent.ts:11:1
Export diaries doesn't exist in target module
   9 |  */
  10 |
> 11 | import { diaries as localDiaries, diaryCategories } from "@/data/diary";
     | ^^^^^^^^^^^^^^^^^^^^^^^^^^^^^^^^^^^^^^^^^^^^^^^^^^^^^^^^^^^^^^^^^^^^^^^^
  12 | import { guides as localGuides, guideCategories } from "@/data/guides";
  13 |
  14 | export interface RelatedItem {

The export diaries was not found in module [project]/src/data/diary.ts [app-client] (ecmascript).
Did you mean to import diaryEntries?
All exports of the module are statically known (It doesn't have dynamic exports). So it's known statically that the requested export doesn't exist.

Import traces:
  Client Component Browser:
    ./src/lib/relatedContent.ts [Client Component Browser]
    ./src/app/plants/[id]/PlantDetailClient.tsx [Client Component Browser]
    ./src/app/plants/[id]/PlantDetailClient.tsx [Server Component]
    ./src/app/plants/[id]/page.tsx [Server Component]

  Client Component SSR:
    ./src/lib/relatedContent.ts [Client Component SSR]
    ./src/app/plants/[id]/PlantDetailClient.tsx [Client Component SSR]
    ./src/app/plants/[id]/PlantDetailClient.tsx [Server Component]
    ./src/app/plants/[id]/page.tsx [Server Component] @ http://localhost:3001/_next/static/chunks/node_modules_next_dist_0u_w_5s._.js:1945
[    3669ms] [ERROR] ./src/lib/relatedContent.ts:11:1
Export diaries doesn't exist in target module
   9 |  */
  10 |
> 11 | import { diaries as localDiaries, diaryCategories } from "@/data/diary";
     | ^^^^^^^^^^^^^^^^^^^^^^^^^^^^^^^^^^^^^^^^^^^^^^^^^^^^^^^^^^^^^^^^^^^^^^^^
  12 | import { guides as localGuides, guideCategories } from "@/data/guides";
  13 |
  14 | export interface RelatedItem {

The export diaries was not found in module [project]/src/data/diary.ts [app-ssr] (ecmascript).
Did you mean to import diaryEntries?
All exports of the module are statically known (It doesn't have dynamic exports). So it's known statically that the requested export doesn't exist.

Import traces:
  Client Component Browser:
    ./src/lib/relatedContent.ts [Client Component Browser]
    ./src/app/plants/[id]/PlantDetailClient.tsx [Client Component Browser]
    ./src/app/plants/[id]/PlantDetailClient.tsx [Server Component]
    ./src/app/plants/[id]/page.tsx [Server Component]

  Client Component SSR:
    ./src/lib/relatedContent.ts [Client Component SSR]
    ./src/app/plants/[id]/PlantDetailClient.tsx [Client Component SSR]
    ./src/app/plants/[id]/PlantDetailClient.tsx [Server Component]
    ./src/app/plants/[id]/page.tsx [Server Component] @ http://localhost:3001/_next/static/chunks/node_modules_next_dist_0u_w_5s._.js:1945
[    3716ms] [ERROR] ./src/lib/relatedContent.ts:11:1
Export diaries doesn't exist in target module
   9 |  */
  10 |
> 11 | import { diaries as localDiaries, diaryCategories } from "@/data/diary";
     | ^^^^^^^^^^^^^^^^^^^^^^^^^^^^^^^^^^^^^^^^^^^^^^^^^^^^^^^^^^^^^^^^^^^^^^^^
  12 | import { guides as localGuides, guideCategories } from "@/data/guides";
  13 |
  14 | export interface RelatedItem {

The export diaries was not found in module [project]/src/data/diary.ts [app-client] (ecmascript).
Did you mean to import diaryEntries?
All exports of the module are statically known (It doesn't have dynamic exports). So it's known statically that the requested export doesn't exist.

Import traces:
  Client Component Browser:
    ./src/lib/relatedContent.ts [Client Component Browser]
    ./src/app/plants/[id]/PlantDetailClient.tsx [Client Component Browser]
    ./src/app/plants/[id]/PlantDetailClient.tsx [Server Component]
    ./src/app/plants/[id]/page.tsx [Server Component]

  Client Component SSR:
    ./src/lib/relatedContent.ts [Client Component SSR]
    ./src/app/plants/[id]/PlantDetailClient.tsx [Client Component SSR]
    ./src/app/plants/[id]/PlantDetailClient.tsx [Server Component]
    ./src/app/plants/[id]/page.tsx [Server Component] @ http://localhost:3001/_next/static/chunks/node_modules_next_dist_0u_w_5s._.js:1945
[    3716ms] [ERROR] ./src/lib/relatedContent.ts:11:1
Export diaries doesn't exist in target module
   9 |  */
  10 |
> 11 | import { diaries as localDiaries, diaryCategories } from "@/data/diary";
     | ^^^^^^^^^^^^^^^^^^^^^^^^^^^^^^^^^^^^^^^^^^^^^^^^^^^^^^^^^^^^^^^^^^^^^^^^
  12 | import { guides as localGuides, guideCategories } from "@/data/guides";
  13 |
  14 | export interface RelatedItem {

The export diaries was not found in module [project]/src/data/diary.ts [app-ssr] (ecmascript).
Did you mean to import diaryEntries?
All exports of the module are statically known (It doesn't have dynamic exports). So it's known statically that the requested export doesn't exist.

Import traces:
  Client Component Browser:
    ./src/lib/relatedContent.ts [Client Component Browser]
    ./src/app/plants/[id]/PlantDetailClient.tsx [Client Component Browser]
    ./src/app/plants/[id]/PlantDetailClient.tsx [Server Component]
    ./src/app/plants/[id]/page.tsx [Server Component]

  Client Component SSR:
    ./src/lib/relatedContent.ts [Client Component SSR]
    ./src/app/plants/[id]/PlantDetailClient.tsx [Client Component SSR]
    ./src/app/plants/[id]/PlantDetailClient.tsx [Server Component]
    ./src/app/plants/[id]/page.tsx [Server Component] @ http://localhost:3001/_next/static/chunks/node_modules_next_dist_0u_w_5s._.js:1945
[    3764ms] [ERROR] ./src/lib/relatedContent.ts:11:1
Export diaries doesn't exist in target module
   9 |  */
  10 |
> 11 | import { diaries as localDiaries, diaryCategories } from "@/data/diary";
     | ^^^^^^^^^^^^^^^^^^^^^^^^^^^^^^^^^^^^^^^^^^^^^^^^^^^^^^^^^^^^^^^^^^^^^^^^
  12 | import { guides as localGuides, guideCategories } from "@/data/guides";
  13 |
  14 | export interface RelatedItem {

The export diaries was not found in module [project]/src/data/diary.ts [app-client] (ecmascript).
Did you mean to import diaryEntries?
All exports of the module are statically known (It doesn't have dynamic exports). So it's known statically that the requested export doesn't exist.

Import traces:
  Client Component Browser:
    ./src/lib/relatedContent.ts [Client Component Browser]
    ./src/app/plants/[id]/PlantDetailClient.tsx [Client Component Browser]
    ./src/app/plants/[id]/PlantDetailClient.tsx [Server Component]
    ./src/app/plants/[id]/page.tsx [Server Component]

  Client Component SSR:
    ./src/lib/relatedContent.ts [Client Component SSR]
    ./src/app/plants/[id]/PlantDetailClient.tsx [Client Component SSR]
    ./src/app/plants/[id]/PlantDetailClient.tsx [Server Component]
    ./src/app/plants/[id]/page.tsx [Server Component] @ http://localhost:3001/_next/static/chunks/node_modules_next_dist_0u_w_5s._.js:1945
[    3765ms] [ERROR] ./src/lib/relatedContent.ts:11:1
Export diaries doesn't exist in target module
   9 |  */
  10 |
> 11 | import { diaries as localDiaries, diaryCategories } from "@/data/diary";
     | ^^^^^^^^^^^^^^^^^^^^^^^^^^^^^^^^^^^^^^^^^^^^^^^^^^^^^^^^^^^^^^^^^^^^^^^^
  12 | import { guides as localGuides, guideCategories } from "@/data/guides";
  13 |
  14 | export interface RelatedItem {

The export diaries was not found in module [project]/src/data/diary.ts [app-ssr] (ecmascript).
Did you mean to import diaryEntries?
All exports of the module are statically known (It doesn't have dynamic exports). So it's known statically that the requested export doesn't exist.

Import traces:
  Client Component Browser:
    ./src/lib/relatedContent.ts [Client Component Browser]
    ./src/app/plants/[id]/PlantDetailClient.tsx [Client Component Browser]
    ./src/app/plants/[id]/PlantDetailClient.tsx [Server Component]
    ./src/app/plants/[id]/page.tsx [Server Component]

  Client Component SSR:
    ./src/lib/relatedContent.ts [Client Component SSR]
    ./src/app/plants/[id]/PlantDetailClient.tsx [Client Component SSR]
    ./src/app/plants/[id]/PlantDetailClient.tsx [Server Component]
    ./src/app/plants/[id]/page.tsx [Server Component] @ http://localhost:3001/_next/static/chunks/node_modules_next_dist_0u_w_5s._.js:1945
[    3812ms] [ERROR] ./src/lib/relatedContent.ts:11:1
Export diaries doesn't exist in target module
   9 |  */
  10 |
> 11 | import { diaries as localDiaries, diaryCategories } from "@/data/diary";
     | ^^^^^^^^^^^^^^^^^^^^^^^^^^^^^^^^^^^^^^^^^^^^^^^^^^^^^^^^^^^^^^^^^^^^^^^^
  12 | import { guides as localGuides, guideCategories } from "@/data/guides";
  13 |
  14 | export interface RelatedItem {

The export diaries was not found in module [project]/src/data/diary.ts [app-client] (ecmascript).
Did you mean to import diaryEntries?
All exports of the module are statically known (It doesn't have dynamic exports). So it's known statically that the requested export doesn't exist.

Import traces:
  Client Component Browser:
    ./src/lib/relatedContent.ts [Client Component Browser]
    ./src/app/plants/[id]/PlantDetailClient.tsx [Client Component Browser]
    ./src/app/plants/[id]/PlantDetailClient.tsx [Server Component]
    ./src/app/plants/[id]/page.tsx [Server Component]

  Client Component SSR:
    ./src/lib/relatedContent.ts [Client Component SSR]
    ./src/app/plants/[id]/PlantDetailClient.tsx [Client Component SSR]
    ./src/app/plants/[id]/PlantDetailClient.tsx [Server Component]
    ./src/app/plants/[id]/page.tsx [Server Component] @ http://localhost:3001/_next/static/chunks/node_modules_next_dist_0u_w_5s._.js:1945
[    3812ms] [ERROR] ./src/lib/relatedContent.ts:11:1
Export diaries doesn't exist in target module
   9 |  */
  10 |
> 11 | import { diaries as localDiaries, diaryCategories } from "@/data/diary";
     | ^^^^^^^^^^^^^^^^^^^^^^^^^^^^^^^^^^^^^^^^^^^^^^^^^^^^^^^^^^^^^^^^^^^^^^^^
  12 | import { guides as localGuides, guideCategories } from "@/data/guides";
  13 |
  14 | export interface RelatedItem {

The export diaries was not found in module [project]/src/data/diary.ts [app-ssr] (ecmascript).
Did you mean to import diaryEntries?
All exports of the module are statically known (It doesn't have dynamic exports). So it's known statically that the requested export doesn't exist.

Import traces:
  Client Component Browser:
    ./src/lib/relatedContent.ts [Client Component Browser]
    ./src/app/plants/[id]/PlantDetailClient.tsx [Client Component Browser]
    ./src/app/plants/[id]/PlantDetailClient.tsx [Server Component]
    ./src/app/plants/[id]/page.tsx [Server Component]

  Client Component SSR:
    ./src/lib/relatedContent.ts [Client Component SSR]
    ./src/app/plants/[id]/PlantDetailClient.tsx [Client Component SSR]
    ./src/app/plants/[id]/PlantDetailClient.tsx [Server Component]
    ./src/app/plants/[id]/page.tsx [Server Component] @ http://localhost:3001/_next/static/chunks/node_modules_next_dist_0u_w_5s._.js:1945
[    3860ms] [ERROR] ./src/lib/relatedContent.ts:11:1
Export diaries doesn't exist in target module
   9 |  */
  10 |
> 11 | import { diaries as localDiaries, diaryCategories } from "@/data/diary";
     | ^^^^^^^^^^^^^^^^^^^^^^^^^^^^^^^^^^^^^^^^^^^^^^^^^^^^^^^^^^^^^^^^^^^^^^^^
  12 | import { guides as localGuides, guideCategories } from "@/data/guides";
  13 |
  14 | export interface RelatedItem {

The export diaries was not found in module [project]/src/data/diary.ts [app-client] (ecmascript).
Did you mean to import diaryEntries?
All exports of the module are statically known (It doesn't have dynamic exports). So it's known statically that the requested export doesn't exist.

Import traces:
  Client Component Browser:
    ./src/lib/relatedContent.ts [Client Component Browser]
    ./src/app/plants/[id]/PlantDetailClient.tsx [Client Component Browser]
    ./src/app/plants/[id]/PlantDetailClient.tsx [Server Component]
    ./src/app/plants/[id]/page.tsx [Server Component]

  Client Component SSR:
    ./src/lib/relatedContent.ts [Client Component SSR]
    ./src/app/plants/[id]/PlantDetailClient.tsx [Client Component SSR]
    ./src/app/plants/[id]/PlantDetailClient.tsx [Server Component]
    ./src/app/plants/[id]/page.tsx [Server Component] @ http://localhost:3001/_next/static/chunks/node_modules_next_dist_0u_w_5s._.js:1945
[    3860ms] [ERROR] ./src/lib/relatedContent.ts:11:1
Export diaries doesn't exist in target module
   9 |  */
  10 |
> 11 | import { diaries as localDiaries, diaryCategories } from "@/data/diary";
     | ^^^^^^^^^^^^^^^^^^^^^^^^^^^^^^^^^^^^^^^^^^^^^^^^^^^^^^^^^^^^^^^^^^^^^^^^
  12 | import { guides as localGuides, guideCategories } from "@/data/guides";
  13 |
  14 | export interface RelatedItem {

The export diaries was not found in module [project]/src/data/diary.ts [app-ssr] (ecmascript).
Did you mean to import diaryEntries?
All exports of the module are statically known (It doesn't have dynamic exports). So it's known statically that the requested export doesn't exist.

Import traces:
  Client Component Browser:
    ./src/lib/relatedContent.ts [Client Component Browser]
    ./src/app/plants/[id]/PlantDetailClient.tsx [Client Component Browser]
    ./src/app/plants/[id]/PlantDetailClient.tsx [Server Component]
    ./src/app/plants/[id]/page.tsx [Server Component]

  Client Component SSR:
    ./src/lib/relatedContent.ts [Client Component SSR]
    ./src/app/plants/[id]/PlantDetailClient.tsx [Client Component SSR]
    ./src/app/plants/[id]/PlantDetailClient.tsx [Server Component]
    ./src/app/plants/[id]/page.tsx [Server Component] @ http://localhost:3001/_next/static/chunks/node_modules_next_dist_0u_w_5s._.js:1945
[    3906ms] [ERROR] ./src/lib/relatedContent.ts:11:1
Export diaries doesn't exist in target module
   9 |  */
  10 |
> 11 | import { diaries as localDiaries, diaryCategories } from "@/data/diary";
     | ^^^^^^^^^^^^^^^^^^^^^^^^^^^^^^^^^^^^^^^^^^^^^^^^^^^^^^^^^^^^^^^^^^^^^^^^
  12 | import { guides as localGuides, guideCategories } from "@/data/guides";
  13 |
  14 | export interface RelatedItem {

The export diaries was not found in module [project]/src/data/diary.ts [app-client] (ecmascript).
Did you mean to import diaryEntries?
All exports of the module are statically known (It doesn't have dynamic exports). So it's known statically that the requested export doesn't exist.

Import traces:
  Client Component Browser:
    ./src/lib/relatedContent.ts [Client Component Browser]
    ./src/app/plants/[id]/PlantDetailClient.tsx [Client Component Browser]
    ./src/app/plants/[id]/PlantDetailClient.tsx [Server Component]
    ./src/app/plants/[id]/page.tsx [Server Component]

  Client Component SSR:
    ./src/lib/relatedContent.ts [Client Component SSR]
    ./src/app/plants/[id]/PlantDetailClient.tsx [Client Component SSR]
    ./src/app/plants/[id]/PlantDetailClient.tsx [Server Component]
    ./src/app/plants/[id]/page.tsx [Server Component] @ http://localhost:3001/_next/static/chunks/node_modules_next_dist_0u_w_5s._.js:1945
[    3906ms] [ERROR] ./src/lib/relatedContent.ts:11:1
Export diaries doesn't exist in target module
   9 |  */
  10 |
> 11 | import { diaries as localDiaries, diaryCategories } from "@/data/diary";
     | ^^^^^^^^^^^^^^^^^^^^^^^^^^^^^^^^^^^^^^^^^^^^^^^^^^^^^^^^^^^^^^^^^^^^^^^^
  12 | import { guides as localGuides, guideCategories } from "@/data/guides";
  13 |
  14 | export interface RelatedItem {

The export diaries was not found in module [project]/src/data/diary.ts [app-ssr] (ecmascript).
Did you mean to import diaryEntries?
All exports of the module are statically known (It doesn't have dynamic exports). So it's known statically that the requested export doesn't exist.

Import traces:
  Client Component Browser:
    ./src/lib/relatedContent.ts [Client Component Browser]
    ./src/app/plants/[id]/PlantDetailClient.tsx [Client Component Browser]
    ./src/app/plants/[id]/PlantDetailClient.tsx [Server Component]
    ./src/app/plants/[id]/page.tsx [Server Component]

  Client Component SSR:
    ./src/lib/relatedContent.ts [Client Component SSR]
    ./src/app/plants/[id]/PlantDetailClient.tsx [Client Component SSR]
    ./src/app/plants/[id]/PlantDetailClient.tsx [Server Component]
    ./src/app/plants/[id]/page.tsx [Server Component] @ http://localhost:3001/_next/static/chunks/node_modules_next_dist_0u_w_5s._.js:1945
[    3971ms] [ERROR] ./src/lib/relatedContent.ts:11:1
Export diaries doesn't exist in target module
   9 |  */
  10 |
> 11 | import { diaries as localDiaries, diaryCategories } from "@/data/diary";
     | ^^^^^^^^^^^^^^^^^^^^^^^^^^^^^^^^^^^^^^^^^^^^^^^^^^^^^^^^^^^^^^^^^^^^^^^^
  12 | import { guides as localGuides, guideCategories } from "@/data/guides";
  13 |
  14 | export interface RelatedItem {

The export diaries was not found in module [project]/src/data/diary.ts [app-client] (ecmascript).
Did you mean to import diaryEntries?
All exports of the module are statically known (It doesn't have dynamic exports). So it's known statically that the requested export doesn't exist.

Import traces:
  Client Component Browser:
    ./src/lib/relatedContent.ts [Client Component Browser]
    ./src/app/plants/[id]/PlantDetailClient.tsx [Client Component Browser]
    ./src/app/plants/[id]/PlantDetailClient.tsx [Server Component]
    ./src/app/plants/[id]/page.tsx [Server Component]

  Client Component SSR:
    ./src/lib/relatedContent.ts [Client Component SSR]
    ./src/app/plants/[id]/PlantDetailClient.tsx [Client Component SSR]
    ./src/app/plants/[id]/PlantDetailClient.tsx [Server Component]
    ./src/app/plants/[id]/page.tsx [Server Component] @ http://localhost:3001/_next/static/chunks/node_modules_next_dist_0u_w_5s._.js:1945
[    3971ms] [ERROR] ./src/lib/relatedContent.ts:11:1
Export diaries doesn't exist in target module
   9 |  */
  10 |
> 11 | import { diaries as localDiaries, diaryCategories } from "@/data/diary";
     | ^^^^^^^^^^^^^^^^^^^^^^^^^^^^^^^^^^^^^^^^^^^^^^^^^^^^^^^^^^^^^^^^^^^^^^^^
  12 | import { guides as localGuides, guideCategories } from "@/data/guides";
  13 |
  14 | export interface RelatedItem {

The export diaries was not found in module [project]/src/data/diary.ts [app-ssr] (ecmascript).
Did you mean to import diaryEntries?
All exports of the module are statically known (It doesn't have dynamic exports). So it's known statically that the requested export doesn't exist.

Import traces:
  Client Component Browser:
    ./src/lib/relatedContent.ts [Client Component Browser]
    ./src/app/plants/[id]/PlantDetailClient.tsx [Client Component Browser]
    ./src/app/plants/[id]/PlantDetailClient.tsx [Server Component]
    ./src/app/plants/[id]/page.tsx [Server Component]

  Client Component SSR:
    ./src/lib/relatedContent.ts [Client Component SSR]
    ./src/app/plants/[id]/PlantDetailClient.tsx [Client Component SSR]
    ./src/app/plants/[id]/PlantDetailClient.tsx [Server Component]
    ./src/app/plants/[id]/page.tsx [Server Component] @ http://localhost:3001/_next/static/chunks/node_modules_next_dist_0u_w_5s._.js:1945
[    4000ms] [ERROR] ./src/lib/relatedContent.ts:11:1
Export diaries doesn't exist in target module
   9 |  */
  10 |
> 11 | import { diaries as localDiaries, diaryCategories } from "@/data/diary";
     | ^^^^^^^^^^^^^^^^^^^^^^^^^^^^^^^^^^^^^^^^^^^^^^^^^^^^^^^^^^^^^^^^^^^^^^^^
  12 | import { guides as localGuides, guideCategories } from "@/data/guides";
  13 |
  14 | export interface RelatedItem {

The export diaries was not found in module [project]/src/data/diary.ts [app-client] (ecmascript).
Did you mean to import diaryEntries?
All exports of the module are statically known (It doesn't have dynamic exports). So it's known statically that the requested export doesn't exist.

Import traces:
  Client Component Browser:
    ./src/lib/relatedContent.ts [Client Component Browser]
    ./src/app/plants/[id]/PlantDetailClient.tsx [Client Component Browser]
    ./src/app/plants/[id]/PlantDetailClient.tsx [Server Component]
    ./src/app/plants/[id]/page.tsx [Server Component]

  Client Component SSR:
    ./src/lib/relatedContent.ts [Client Component SSR]
    ./src/app/plants/[id]/PlantDetailClient.tsx [Client Component SSR]
    ./src/app/plants/[id]/PlantDetailClient.tsx [Server Component]
    ./src/app/plants/[id]/page.tsx [Server Component] @ http://localhost:3001/_next/static/chunks/node_modules_next_dist_0u_w_5s._.js:1945
[    4000ms] [ERROR] ./src/lib/relatedContent.ts:11:1
Export diaries doesn't exist in target module
   9 |  */
  10 |
> 11 | import { diaries as localDiaries, diaryCategories } from "@/data/diary";
     | ^^^^^^^^^^^^^^^^^^^^^^^^^^^^^^^^^^^^^^^^^^^^^^^^^^^^^^^^^^^^^^^^^^^^^^^^
  12 | import { guides as localGuides, guideCategories } from "@/data/guides";
  13 |
  14 | export interface RelatedItem {

The export diaries was not found in module [project]/src/data/diary.ts [app-ssr] (ecmascript).
Did you mean to import diaryEntries?
All exports of the module are statically known (It doesn't have dynamic exports). So it's known statically that the requested export doesn't exist.

Import traces:
  Client Component Browser:
    ./src/lib/relatedContent.ts [Client Component Browser]
    ./src/app/plants/[id]/PlantDetailClient.tsx [Client Component Browser]
    ./src/app/plants/[id]/PlantDetailClient.tsx [Server Component]
    ./src/app/plants/[id]/page.tsx [Server Component]

  Client Component SSR:
    ./src/lib/relatedContent.ts [Client Component SSR]
    ./src/app/plants/[id]/PlantDetailClient.tsx [Client Component SSR]
    ./src/app/plants/[id]/PlantDetailClient.tsx [Server Component]
    ./src/app/plants/[id]/page.tsx [Server Component] @ http://localhost:3001/_next/static/chunks/node_modules_next_dist_0u_w_5s._.js:1945
[    4149ms] [LOG] [Fast Refresh] rebuilding @ http://localhost:3001/_next/static/chunks/node_modules_next_dist_0u_w_5s._.js:1226
[    4149ms] [ERROR] ./src/lib/relatedContent.ts:11:1
Export diaries doesn't exist in target module
   9 |  */
  10 |
> 11 | import { diaries as localDiaries, diaryCategories } from "@/data/diary";
     | ^^^^^^^^^^^^^^^^^^^^^^^^^^^^^^^^^^^^^^^^^^^^^^^^^^^^^^^^^^^^^^^^^^^^^^^^
  12 | import { guides as localGuides, guideCategories } from "@/data/guides";
  13 |
  14 | export interface RelatedItem {

The export diaries was not found in module [project]/src/data/diary.ts [app-client] (ecmascript).
Did you mean to import diaryEntries?
All exports of the module are statically known (It doesn't have dynamic exports). So it's known statically that the requested export doesn't exist.

Import traces:
  Client Component Browser:
    ./src/lib/relatedContent.ts [Client Component Browser]
    ./src/app/plants/[id]/PlantDetailClient.tsx [Client Component Browser]
    ./src/app/plants/[id]/PlantDetailClient.tsx [Server Component]
    ./src/app/plants/[id]/page.tsx [Server Component]

  Client Component SSR:
    ./src/lib/relatedContent.ts [Client Component SSR]
    ./src/app/plants/[id]/PlantDetailClient.tsx [Client Component SSR]
    ./src/app/plants/[id]/PlantDetailClient.tsx [Server Component]
    ./src/app/plants/[id]/page.tsx [Server Component] @ http://localhost:3001/_next/static/chunks/node_modules_next_dist_0u_w_5s._.js:1945
[    4149ms] [ERROR] ./src/lib/relatedContent.ts:11:1
Export diaries doesn't exist in target module
   9 |  */
  10 |
> 11 | import { diaries as localDiaries, diaryCategories } from "@/data/diary";
     | ^^^^^^^^^^^^^^^^^^^^^^^^^^^^^^^^^^^^^^^^^^^^^^^^^^^^^^^^^^^^^^^^^^^^^^^^
  12 | import { guides as localGuides, guideCategories } from "@/data/guides";
  13 |
  14 | export interface RelatedItem {

The export diaries was not found in module [project]/src/data/diary.ts [app-ssr] (ecmascript).
Did you mean to import diaryEntries?
All exports of the module are statically known (It doesn't have dynamic exports). So it's known statically that the requested export doesn't exist.

Import traces:
  Client Component Browser:
    ./src/lib/relatedContent.ts [Client Component Browser]
    ./src/app/plants/[id]/PlantDetailClient.tsx [Client Component Browser]
    ./src/app/plants/[id]/PlantDetailClient.tsx [Server Component]
    ./src/app/plants/[id]/page.tsx [Server Component]

  Client Component SSR:
    ./src/lib/relatedContent.ts [Client Component SSR]
    ./src/app/plants/[id]/PlantDetailClient.tsx [Client Component SSR]
    ./src/app/plants/[id]/PlantDetailClient.tsx [Server Component]
    ./src/app/plants/[id]/page.tsx [Server Component] @ http://localhost:3001/_next/static/chunks/node_modules_next_dist_0u_w_5s._.js:1945
[    4196ms] [ERROR] ./src/lib/relatedContent.ts:11:1
Export diaries doesn't exist in target module
   9 |  */
  10 |
> 11 | import { diaries as localDiaries, diaryCategories } from "@/data/diary";
     | ^^^^^^^^^^^^^^^^^^^^^^^^^^^^^^^^^^^^^^^^^^^^^^^^^^^^^^^^^^^^^^^^^^^^^^^^
  12 | import { guides as localGuides, guideCategories } from "@/data/guides";
  13 |
  14 | export interface RelatedItem {

The export diaries was not found in module [project]/src/data/diary.ts [app-client] (ecmascript).
Did you mean to import diaryEntries?
All exports of the module are statically known (It doesn't have dynamic exports). So it's known statically that the requested export doesn't exist.

Import traces:
  Client Component Browser:
    ./src/lib/relatedContent.ts [Client Component Browser]
    ./src/app/plants/[id]/PlantDetailClient.tsx [Client Component Browser]
    ./src/app/plants/[id]/PlantDetailClient.tsx [Server Component]
    ./src/app/plants/[id]/page.tsx [Server Component]

  Client Component SSR:
    ./src/lib/relatedContent.ts [Client Component SSR]
    ./src/app/plants/[id]/PlantDetailClient.tsx [Client Component SSR]
    ./src/app/plants/[id]/PlantDetailClient.tsx [Server Component]
    ./src/app/plants/[id]/page.tsx [Server Component] @ http://localhost:3001/_next/static/chunks/node_modules_next_dist_0u_w_5s._.js:1945
[    4196ms] [ERROR] ./src/lib/relatedContent.ts:11:1
Export diaries doesn't exist in target module
   9 |  */
  10 |
> 11 | import { diaries as localDiaries, diaryCategories } from "@/data/diary";
     | ^^^^^^^^^^^^^^^^^^^^^^^^^^^^^^^^^^^^^^^^^^^^^^^^^^^^^^^^^^^^^^^^^^^^^^^^
  12 | import { guides as localGuides, guideCategories } from "@/data/guides";
  13 |
  14 | export interface RelatedItem {

The export diaries was not found in module [project]/src/data/diary.ts [app-ssr] (ecmascript).
Did you mean to import diaryEntries?
All exports of the module are statically known (It doesn't have dynamic exports). So it's known statically that the requested export doesn't exist.

Import traces:
  Client Component Browser:
    ./src/lib/relatedContent.ts [Client Component Browser]
    ./src/app/plants/[id]/PlantDetailClient.tsx [Client Component Browser]
    ./src/app/plants/[id]/PlantDetailClient.tsx [Server Component]
    ./src/app/plants/[id]/page.tsx [Server Component]

  Client Component SSR:
    ./src/lib/relatedContent.ts [Client Component SSR]
    ./src/app/plants/[id]/PlantDetailClient.tsx [Client Component SSR]
    ./src/app/plants/[id]/PlantDetailClient.tsx [Server Component]
    ./src/app/plants/[id]/page.tsx [Server Component] @ http://localhost:3001/_next/static/chunks/node_modules_next_dist_0u_w_5s._.js:1945
[    4242ms] [ERROR] ./src/lib/relatedContent.ts:11:1
Export diaries doesn't exist in target module
   9 |  */
  10 |
> 11 | import { diaries as localDiaries, diaryCategories } from "@/data/diary";
     | ^^^^^^^^^^^^^^^^^^^^^^^^^^^^^^^^^^^^^^^^^^^^^^^^^^^^^^^^^^^^^^^^^^^^^^^^
  12 | import { guides as localGuides, guideCategories } from "@/data/guides";
  13 |
  14 | export interface RelatedItem {

The export diaries was not found in module [project]/src/data/diary.ts [app-client] (ecmascript).
Did you mean to import diaryEntries?
All exports of the module are statically known (It doesn't have dynamic exports). So it's known statically that the requested export doesn't exist.

Import traces:
  Client Component Browser:
    ./src/lib/relatedContent.ts [Client Component Browser]
    ./src/app/plants/[id]/PlantDetailClient.tsx [Client Component Browser]
    ./src/app/plants/[id]/PlantDetailClient.tsx [Server Component]
    ./src/app/plants/[id]/page.tsx [Server Component]

  Client Component SSR:
    ./src/lib/relatedContent.ts [Client Component SSR]
    ./src/app/plants/[id]/PlantDetailClient.tsx [Client Component SSR]
    ./src/app/plants/[id]/PlantDetailClient.tsx [Server Component]
    ./src/app/plants/[id]/page.tsx [Server Component] @ http://localhost:3001/_next/static/chunks/node_modules_next_dist_0u_w_5s._.js:1945
[    4242ms] [ERROR] ./src/lib/relatedContent.ts:11:1
Export diaries doesn't exist in target module
   9 |  */
  10 |
> 11 | import { diaries as localDiaries, diaryCategories } from "@/data/diary";
     | ^^^^^^^^^^^^^^^^^^^^^^^^^^^^^^^^^^^^^^^^^^^^^^^^^^^^^^^^^^^^^^^^^^^^^^^^
  12 | import { guides as localGuides, guideCategories } from "@/data/guides";
  13 |
  14 | export interface RelatedItem {

The export diaries was not found in module [project]/src/data/diary.ts [app-ssr] (ecmascript).
Did you mean to import diaryEntries?
All exports of the module are statically known (It doesn't have dynamic exports). So it's known statically that the requested export doesn't exist.

Import traces:
  Client Component Browser:
    ./src/lib/relatedContent.ts [Client Component Browser]
    ./src/app/plants/[id]/PlantDetailClient.tsx [Client Component Browser]
    ./src/app/plants/[id]/PlantDetailClient.tsx [Server Component]
    ./src/app/plants/[id]/page.tsx [Server Component]

  Client Component SSR:
    ./src/lib/relatedContent.ts [Client Component SSR]
    ./src/app/plants/[id]/PlantDetailClient.tsx [Client Component SSR]
    ./src/app/plants/[id]/PlantDetailClient.tsx [Server Component]
    ./src/app/plants/[id]/page.tsx [Server Component] @ http://localhost:3001/_next/static/chunks/node_modules_next_dist_0u_w_5s._.js:1945
[    4291ms] [ERROR] ./src/lib/relatedContent.ts:11:1
Export diaries doesn't exist in target module
   9 |  */
  10 |
> 11 | import { diaries as localDiaries, diaryCategories } from "@/data/diary";
     | ^^^^^^^^^^^^^^^^^^^^^^^^^^^^^^^^^^^^^^^^^^^^^^^^^^^^^^^^^^^^^^^^^^^^^^^^
  12 | import { guides as localGuides, guideCategories } from "@/data/guides";
  13 |
  14 | export interface RelatedItem {

The export diaries was not found in module [project]/src/data/diary.ts [app-client] (ecmascript).
Did you mean to import diaryEntries?
All exports of the module are statically known (It doesn't have dynamic exports). So it's known statically that the requested export doesn't exist.

Import traces:
  Client Component Browser:
    ./src/lib/relatedContent.ts [Client Component Browser]
    ./src/app/plants/[id]/PlantDetailClient.tsx [Client Component Browser]
    ./src/app/plants/[id]/PlantDetailClient.tsx [Server Component]
    ./src/app/plants/[id]/page.tsx [Server Component]

  Client Component SSR:
    ./src/lib/relatedContent.ts [Client Component SSR]
    ./src/app/plants/[id]/PlantDetailClient.tsx [Client Component SSR]
    ./src/app/plants/[id]/PlantDetailClient.tsx [Server Component]
    ./src/app/plants/[id]/page.tsx [Server Component] @ http://localhost:3001/_next/static/chunks/node_modules_next_dist_0u_w_5s._.js:1945
[    4291ms] [ERROR] ./src/lib/relatedContent.ts:11:1
Export diaries doesn't exist in target module
   9 |  */
  10 |
> 11 | import { diaries as localDiaries, diaryCategories } from "@/data/diary";
     | ^^^^^^^^^^^^^^^^^^^^^^^^^^^^^^^^^^^^^^^^^^^^^^^^^^^^^^^^^^^^^^^^^^^^^^^^
  12 | import { guides as localGuides, guideCategories } from "@/data/guides";
  13 |
  14 | export interface RelatedItem {

The export diaries was not found in module [project]/src/data/diary.ts [app-ssr] (ecmascript).
Did you mean to import diaryEntries?
All exports of the module are statically known (It doesn't have dynamic exports). So it's known statically that the requested export doesn't exist.

Import traces:
  Client Component Browser:
    ./src/lib/relatedContent.ts [Client Component Browser]
    ./src/app/plants/[id]/PlantDetailClient.tsx [Client Component Browser]
    ./src/app/plants/[id]/PlantDetailClient.tsx [Server Component]
    ./src/app/plants/[id]/page.tsx [Server Component]

  Client Component SSR:
    ./src/lib/relatedContent.ts [Client Component SSR]
    ./src/app/plants/[id]/PlantDetailClient.tsx [Client Component SSR]
    ./src/app/plants/[id]/PlantDetailClient.tsx [Server Component]
    ./src/app/plants/[id]/page.tsx [Server Component] @ http://localhost:3001/_next/static/chunks/node_modules_next_dist_0u_w_5s._.js:1945
[    4337ms] [ERROR] ./src/lib/relatedContent.ts:11:1
Export diaries doesn't exist in target module
   9 |  */
  10 |
> 11 | import { diaries as localDiaries, diaryCategories } from "@/data/diary";
     | ^^^^^^^^^^^^^^^^^^^^^^^^^^^^^^^^^^^^^^^^^^^^^^^^^^^^^^^^^^^^^^^^^^^^^^^^
  12 | import { guides as localGuides, guideCategories } from "@/data/guides";
  13 |
  14 | export interface RelatedItem {

The export diaries was not found in module [project]/src/data/diary.ts [app-client] (ecmascript).
Did you mean to import diaryEntries?
All exports of the module are statically known (It doesn't have dynamic exports). So it's known statically that the requested export doesn't exist.

Import traces:
  Client Component Browser:
    ./src/lib/relatedContent.ts [Client Component Browser]
    ./src/app/plants/[id]/PlantDetailClient.tsx [Client Component Browser]
    ./src/app/plants/[id]/PlantDetailClient.tsx [Server Component]
    ./src/app/plants/[id]/page.tsx [Server Component]

  Client Component SSR:
    ./src/lib/relatedContent.ts [Client Component SSR]
    ./src/app/plants/[id]/PlantDetailClient.tsx [Client Component SSR]
    ./src/app/plants/[id]/PlantDetailClient.tsx [Server Component]
    ./src/app/plants/[id]/page.tsx [Server Component] @ http://localhost:3001/_next/static/chunks/node_modules_next_dist_0u_w_5s._.js:1945
[    4337ms] [ERROR] ./src/lib/relatedContent.ts:11:1
Export diaries doesn't exist in target module
   9 |  */
  10 |
> 11 | import { diaries as localDiaries, diaryCategories } from "@/data/diary";
     | ^^^^^^^^^^^^^^^^^^^^^^^^^^^^^^^^^^^^^^^^^^^^^^^^^^^^^^^^^^^^^^^^^^^^^^^^
  12 | import { guides as localGuides, guideCategories } from "@/data/guides";
  13 |
  14 | export interface RelatedItem {

The export diaries was not found in module [project]/src/data/diary.ts [app-ssr] (ecmascript).
Did you mean to import diaryEntries?
All exports of the module are statically known (It doesn't have dynamic exports). So it's known statically that the requested export doesn't exist.

Import traces:
  Client Component Browser:
    ./src/lib/relatedContent.ts [Client Component Browser]
    ./src/app/plants/[id]/PlantDetailClient.tsx [Client Component Browser]
    ./src/app/plants/[id]/PlantDetailClient.tsx [Server Component]
    ./src/app/plants/[id]/page.tsx [Server Component]

  Client Component SSR:
    ./src/lib/relatedContent.ts [Client Component SSR]
    ./src/app/plants/[id]/PlantDetailClient.tsx [Client Component SSR]
    ./src/app/plants/[id]/PlantDetailClient.tsx [Server Component]
    ./src/app/plants/[id]/page.tsx [Server Component] @ http://localhost:3001/_next/static/chunks/node_modules_next_dist_0u_w_5s._.js:1945
[    4383ms] [ERROR] ./src/lib/relatedContent.ts:11:1
Export diaries doesn't exist in target module
   9 |  */
  10 |
> 11 | import { diaries as localDiaries, diaryCategories } from "@/data/diary";
     | ^^^^^^^^^^^^^^^^^^^^^^^^^^^^^^^^^^^^^^^^^^^^^^^^^^^^^^^^^^^^^^^^^^^^^^^^
  12 | import { guides as localGuides, guideCategories } from "@/data/guides";
  13 |
  14 | export interface RelatedItem {

The export diaries was not found in module [project]/src/data/diary.ts [app-client] (ecmascript).
Did you mean to import diaryEntries?
All exports of the module are statically known (It doesn't have dynamic exports). So it's known statically that the requested export doesn't exist.

Import traces:
  Client Component Browser:
    ./src/lib/relatedContent.ts [Client Component Browser]
    ./src/app/plants/[id]/PlantDetailClient.tsx [Client Component Browser]
    ./src/app/plants/[id]/PlantDetailClient.tsx [Server Component]
    ./src/app/plants/[id]/page.tsx [Server Component]

  Client Component SSR:
    ./src/lib/relatedContent.ts [Client Component SSR]
    ./src/app/plants/[id]/PlantDetailClient.tsx [Client Component SSR]
    ./src/app/plants/[id]/PlantDetailClient.tsx [Server Component]
    ./src/app/plants/[id]/page.tsx [Server Component] @ http://localhost:3001/_next/static/chunks/node_modules_next_dist_0u_w_5s._.js:1945
[    4383ms] [ERROR] ./src/lib/relatedContent.ts:11:1
Export diaries doesn't exist in target module
   9 |  */
  10 |
> 11 | import { diaries as localDiaries, diaryCategories } from "@/data/diary";
     | ^^^^^^^^^^^^^^^^^^^^^^^^^^^^^^^^^^^^^^^^^^^^^^^^^^^^^^^^^^^^^^^^^^^^^^^^
  12 | import { guides as localGuides, guideCategories } from "@/data/guides";
  13 |
  14 | export interface RelatedItem {

The export diaries was not found in module [project]/src/data/diary.ts [app-ssr] (ecmascript).
Did you mean to import diaryEntries?
All exports of the module are statically known (It doesn't have dynamic exports). So it's known statically that the requested export doesn't exist.

Import traces:
  Client Component Browser:
    ./src/lib/relatedContent.ts [Client Component Browser]
    ./src/app/plants/[id]/PlantDetailClient.tsx [Client Component Browser]
    ./src/app/plants/[id]/PlantDetailClient.tsx [Server Component]
    ./src/app/plants/[id]/page.tsx [Server Component]

  Client Component SSR:
    ./src/lib/relatedContent.ts [Client Component SSR]
    ./src/app/plants/[id]/PlantDetailClient.tsx [Client Component SSR]
    ./src/app/plants/[id]/PlantDetailClient.tsx [Server Component]
    ./src/app/plants/[id]/page.tsx [Server Component] @ http://localhost:3001/_next/static/chunks/node_modules_next_dist_0u_w_5s._.js:1945
[    4430ms] [ERROR] ./src/lib/relatedContent.ts:11:1
Export diaries doesn't exist in target module
   9 |  */
  10 |
> 11 | import { diaries as localDiaries, diaryCategories } from "@/data/diary";
     | ^^^^^^^^^^^^^^^^^^^^^^^^^^^^^^^^^^^^^^^^^^^^^^^^^^^^^^^^^^^^^^^^^^^^^^^^
  12 | import { guides as localGuides, guideCategories } from "@/data/guides";
  13 |
  14 | export interface RelatedItem {

The export diaries was not found in module [project]/src/data/diary.ts [app-client] (ecmascript).
Did you mean to import diaryEntries?
All exports of the module are statically known (It doesn't have dynamic exports). So it's known statically that the requested export doesn't exist.

Import traces:
  Client Component Browser:
    ./src/lib/relatedContent.ts [Client Component Browser]
    ./src/app/plants/[id]/PlantDetailClient.tsx [Client Component Browser]
    ./src/app/plants/[id]/PlantDetailClient.tsx [Server Component]
    ./src/app/plants/[id]/page.tsx [Server Component]

  Client Component SSR:
    ./src/lib/relatedContent.ts [Client Component SSR]
    ./src/app/plants/[id]/PlantDetailClient.tsx [Client Component SSR]
    ./src/app/plants/[id]/PlantDetailClient.tsx [Server Component]
    ./src/app/plants/[id]/page.tsx [Server Component] @ http://localhost:3001/_next/static/chunks/node_modules_next_dist_0u_w_5s._.js:1945
[    4430ms] [ERROR] ./src/lib/relatedContent.ts:11:1
Export diaries doesn't exist in target module
   9 |  */
  10 |
> 11 | import { diaries as localDiaries, diaryCategories } from "@/data/diary";
     | ^^^^^^^^^^^^^^^^^^^^^^^^^^^^^^^^^^^^^^^^^^^^^^^^^^^^^^^^^^^^^^^^^^^^^^^^
  12 | import { guides as localGuides, guideCategories } from "@/data/guides";
  13 |
  14 | export interface RelatedItem {

The export diaries was not found in module [project]/src/data/diary.ts [app-ssr] (ecmascript).
Did you mean to import diaryEntries?
All exports of the module are statically known (It doesn't have dynamic exports). So it's known statically that the requested export doesn't exist.

Import traces:
  Client Component Browser:
    ./src/lib/relatedContent.ts [Client Component Browser]
    ./src/app/plants/[id]/PlantDetailClient.tsx [Client Component Browser]
    ./src/app/plants/[id]/PlantDetailClient.tsx [Server Component]
    ./src/app/plants/[id]/page.tsx [Server Component]

  Client Component SSR:
    ./src/lib/relatedContent.ts [Client Component SSR]
    ./src/app/plants/[id]/PlantDetailClient.tsx [Client Component SSR]
    ./src/app/plants/[id]/PlantDetailClient.tsx [Server Component]
    ./src/app/plants/[id]/page.tsx [Server Component] @ http://localhost:3001/_next/static/chunks/node_modules_next_dist_0u_w_5s._.js:1945
[    4477ms] [ERROR] ./src/lib/relatedContent.ts:11:1
Export diaries doesn't exist in target module
   9 |  */
  10 |
> 11 | import { diaries as localDiaries, diaryCategories } from "@/data/diary";
     | ^^^^^^^^^^^^^^^^^^^^^^^^^^^^^^^^^^^^^^^^^^^^^^^^^^^^^^^^^^^^^^^^^^^^^^^^
  12 | import { guides as localGuides, guideCategories } from "@/data/guides";
  13 |
  14 | export interface RelatedItem {

The export diaries was not found in module [project]/src/data/diary.ts [app-client] (ecmascript).
Did you mean to import diaryEntries?
All exports of the module are statically known (It doesn't have dynamic exports). So it's known statically that the requested export doesn't exist.

Import traces:
  Client Component Browser:
    ./src/lib/relatedContent.ts [Client Component Browser]
    ./src/app/plants/[id]/PlantDetailClient.tsx [Client Component Browser]
    ./src/app/plants/[id]/PlantDetailClient.tsx [Server Component]
    ./src/app/plants/[id]/page.tsx [Server Component]

  Client Component SSR:
    ./src/lib/relatedContent.ts [Client Component SSR]
    ./src/app/plants/[id]/PlantDetailClient.tsx [Client Component SSR]
    ./src/app/plants/[id]/PlantDetailClient.tsx [Server Component]
    ./src/app/plants/[id]/page.tsx [Server Component] @ http://localhost:3001/_next/static/chunks/node_modules_next_dist_0u_w_5s._.js:1945
[    4477ms] [ERROR] ./src/lib/relatedContent.ts:11:1
Export diaries doesn't exist in target module
   9 |  */
  10 |
> 11 | import { diaries as localDiaries, diaryCategories } from "@/data/diary";
     | ^^^^^^^^^^^^^^^^^^^^^^^^^^^^^^^^^^^^^^^^^^^^^^^^^^^^^^^^^^^^^^^^^^^^^^^^
  12 | import { guides as localGuides, guideCategories } from "@/data/guides";
  13 |
  14 | export interface RelatedItem {

The export diaries was not found in module [project]/src/data/diary.ts [app-ssr] (ecmascript).
Did you mean to import diaryEntries?
All exports of the module are statically known (It doesn't have dynamic exports). So it's known statically that the requested export doesn't exist.

Import traces:
  Client Component Browser:
    ./src/lib/relatedContent.ts [Client Component Browser]
    ./src/app/plants/[id]/PlantDetailClient.tsx [Client Component Browser]
    ./src/app/plants/[id]/PlantDetailClient.tsx [Server Component]
    ./src/app/plants/[id]/page.tsx [Server Component]

  Client Component SSR:
    ./src/lib/relatedContent.ts [Client Component SSR]
    ./src/app/plants/[id]/PlantDetailClient.tsx [Client Component SSR]
    ./src/app/plants/[id]/PlantDetailClient.tsx [Server Component]
    ./src/app/plants/[id]/page.tsx [Server Component] @ http://localhost:3001/_next/static/chunks/node_modules_next_dist_0u_w_5s._.js:1945
[    4524ms] [ERROR] ./src/lib/relatedContent.ts:11:1
Export diaries doesn't exist in target module
   9 |  */
  10 |
> 11 | import { diaries as localDiaries, diaryCategories } from "@/data/diary";
     | ^^^^^^^^^^^^^^^^^^^^^^^^^^^^^^^^^^^^^^^^^^^^^^^^^^^^^^^^^^^^^^^^^^^^^^^^
  12 | import { guides as localGuides, guideCategories } from "@/data/guides";
  13 |
  14 | export interface RelatedItem {

The export diaries was not found in module [project]/src/data/diary.ts [app-client] (ecmascript).
Did you mean to import diaryEntries?
All exports of the module are statically known (It doesn't have dynamic exports). So it's known statically that the requested export doesn't exist.

Import traces:
  Client Component Browser:
    ./src/lib/relatedContent.ts [Client Component Browser]
    ./src/app/plants/[id]/PlantDetailClient.tsx [Client Component Browser]
    ./src/app/plants/[id]/PlantDetailClient.tsx [Server Component]
    ./src/app/plants/[id]/page.tsx [Server Component]

  Client Component SSR:
    ./src/lib/relatedContent.ts [Client Component SSR]
    ./src/app/plants/[id]/PlantDetailClient.tsx [Client Component SSR]
    ./src/app/plants/[id]/PlantDetailClient.tsx [Server Component]
    ./src/app/plants/[id]/page.tsx [Server Component] @ http://localhost:3001/_next/static/chunks/node_modules_next_dist_0u_w_5s._.js:1945
[    4524ms] [ERROR] ./src/lib/relatedContent.ts:11:1
Export diaries doesn't exist in target module
   9 |  */
  10 |
> 11 | import { diaries as localDiaries, diaryCategories } from "@/data/diary";
     | ^^^^^^^^^^^^^^^^^^^^^^^^^^^^^^^^^^^^^^^^^^^^^^^^^^^^^^^^^^^^^^^^^^^^^^^^
  12 | import { guides as localGuides, guideCategories } from "@/data/guides";
  13 |
  14 | export interface RelatedItem {

The export diaries was not found in module [project]/src/data/diary.ts [app-ssr] (ecmascript).
Did you mean to import diaryEntries?
All exports of the module are statically known (It doesn't have dynamic exports). So it's known statically that the requested export doesn't exist.

Import traces:
  Client Component Browser:
    ./src/lib/relatedContent.ts [Client Component Browser]
    ./src/app/plants/[id]/PlantDetailClient.tsx [Client Component Browser]
    ./src/app/plants/[id]/PlantDetailClient.tsx [Server Component]
    ./src/app/plants/[id]/page.tsx [Server Component]

  Client Component SSR:
    ./src/lib/relatedContent.ts [Client Component SSR]
    ./src/app/plants/[id]/PlantDetailClient.tsx [Client Component SSR]
    ./src/app/plants/[id]/PlantDetailClient.tsx [Server Component]
    ./src/app/plants/[id]/page.tsx [Server Component] @ http://localhost:3001/_next/static/chunks/node_modules_next_dist_0u_w_5s._.js:1945
[    4570ms] [ERROR] ./src/lib/relatedContent.ts:11:1
Export diaries doesn't exist in target module
   9 |  */
  10 |
> 11 | import { diaries as localDiaries, diaryCategories } from "@/data/diary";
     | ^^^^^^^^^^^^^^^^^^^^^^^^^^^^^^^^^^^^^^^^^^^^^^^^^^^^^^^^^^^^^^^^^^^^^^^^
  12 | import { guides as localGuides, guideCategories } from "@/data/guides";
  13 |
  14 | export interface RelatedItem {

The export diaries was not found in module [project]/src/data/diary.ts [app-client] (ecmascript).
Did you mean to import diaryEntries?
All exports of the module are statically known (It doesn't have dynamic exports). So it's known statically that the requested export doesn't exist.

Import traces:
  Client Component Browser:
    ./src/lib/relatedContent.ts [Client Component Browser]
    ./src/app/plants/[id]/PlantDetailClient.tsx [Client Component Browser]
    ./src/app/plants/[id]/PlantDetailClient.tsx [Server Component]
    ./src/app/plants/[id]/page.tsx [Server Component]

  Client Component SSR:
    ./src/lib/relatedContent.ts [Client Component SSR]
    ./src/app/plants/[id]/PlantDetailClient.tsx [Client Component SSR]
    ./src/app/plants/[id]/PlantDetailClient.tsx [Server Component]
    ./src/app/plants/[id]/page.tsx [Server Component] @ http://localhost:3001/_next/static/chunks/node_modules_next_dist_0u_w_5s._.js:1945
[    4570ms] [ERROR] ./src/lib/relatedContent.ts:11:1
Export diaries doesn't exist in target module
   9 |  */
  10 |
> 11 | import { diaries as localDiaries, diaryCategories } from "@/data/diary";
     | ^^^^^^^^^^^^^^^^^^^^^^^^^^^^^^^^^^^^^^^^^^^^^^^^^^^^^^^^^^^^^^^^^^^^^^^^
  12 | import { guides as localGuides, guideCategories } from "@/data/guides";
  13 |
  14 | export interface RelatedItem {

The export diaries was not found in module [project]/src/data/diary.ts [app-ssr] (ecmascript).
Did you mean to import diaryEntries?
All exports of the module are statically known (It doesn't have dynamic exports). So it's known statically that the requested export doesn't exist.

Import traces:
  Client Component Browser:
    ./src/lib/relatedContent.ts [Client Component Browser]
    ./src/app/plants/[id]/PlantDetailClient.tsx [Client Component Browser]
    ./src/app/plants/[id]/PlantDetailClient.tsx [Server Component]
    ./src/app/plants/[id]/page.tsx [Server Component]

  Client Component SSR:
    ./src/lib/relatedContent.ts [Client Component SSR]
    ./src/app/plants/[id]/PlantDetailClient.tsx [Client Component SSR]
    ./src/app/plants/[id]/PlantDetailClient.tsx [Server Component]
    ./src/app/plants/[id]/page.tsx [Server Component] @ http://localhost:3001/_next/static/chunks/node_modules_next_dist_0u_w_5s._.js:1945
[    4616ms] [ERROR] ./src/lib/relatedContent.ts:11:1
Export diaries doesn't exist in target module
   9 |  */
  10 |
> 11 | import { diaries as localDiaries, diaryCategories } from "@/data/diary";
     | ^^^^^^^^^^^^^^^^^^^^^^^^^^^^^^^^^^^^^^^^^^^^^^^^^^^^^^^^^^^^^^^^^^^^^^^^
  12 | import { guides as localGuides, guideCategories } from "@/data/guides";
  13 |
  14 | export interface RelatedItem {

The export diaries was not found in module [project]/src/data/diary.ts [app-client] (ecmascript).
Did you mean to import diaryEntries?
All exports of the module are statically known (It doesn't have dynamic exports). So it's known statically that the requested export doesn't exist.

Import traces:
  Client Component Browser:
    ./src/lib/relatedContent.ts [Client Component Browser]
    ./src/app/plants/[id]/PlantDetailClient.tsx [Client Component Browser]
    ./src/app/plants/[id]/PlantDetailClient.tsx [Server Component]
    ./src/app/plants/[id]/page.tsx [Server Component]

  Client Component SSR:
    ./src/lib/relatedContent.ts [Client Component SSR]
    ./src/app/plants/[id]/PlantDetailClient.tsx [Client Component SSR]
    ./src/app/plants/[id]/PlantDetailClient.tsx [Server Component]
    ./src/app/plants/[id]/page.tsx [Server Component] @ http://localhost:3001/_next/static/chunks/node_modules_next_dist_0u_w_5s._.js:1945
[    4616ms] [ERROR] ./src/lib/relatedContent.ts:11:1
Export diaries doesn't exist in target module
   9 |  */
  10 |
> 11 | import { diaries as localDiaries, diaryCategories } from "@/data/diary";
     | ^^^^^^^^^^^^^^^^^^^^^^^^^^^^^^^^^^^^^^^^^^^^^^^^^^^^^^^^^^^^^^^^^^^^^^^^
  12 | import { guides as localGuides, guideCategories } from "@/data/guides";
  13 |
  14 | export interface RelatedItem {

The export diaries was not found in module [project]/src/data/diary.ts [app-ssr] (ecmascript).
Did you mean to import diaryEntries?
All exports of the module are statically known (It doesn't have dynamic exports). So it's known statically that the requested export doesn't exist.

Import traces:
  Client Component Browser:
    ./src/lib/relatedContent.ts [Client Component Browser]
    ./src/app/plants/[id]/PlantDetailClient.tsx [Client Component Browser]
    ./src/app/plants/[id]/PlantDetailClient.tsx [Server Component]
    ./src/app/plants/[id]/page.tsx [Server Component]

  Client Component SSR:
    ./src/lib/relatedContent.ts [Client Component SSR]
    ./src/app/plants/[id]/PlantDetailClient.tsx [Client Component SSR]
    ./src/app/plants/[id]/PlantDetailClient.tsx [Server Component]
    ./src/app/plants/[id]/page.tsx [Server Component] @ http://localhost:3001/_next/static/chunks/node_modules_next_dist_0u_w_5s._.js:1945
[    4662ms] [ERROR] ./src/lib/relatedContent.ts:11:1
Export diaries doesn't exist in target module
   9 |  */
  10 |
> 11 | import { diaries as localDiaries, diaryCategories } from "@/data/diary";
     | ^^^^^^^^^^^^^^^^^^^^^^^^^^^^^^^^^^^^^^^^^^^^^^^^^^^^^^^^^^^^^^^^^^^^^^^^
  12 | import { guides as localGuides, guideCategories } from "@/data/guides";
  13 |
  14 | export interface RelatedItem {

The export diaries was not found in module [project]/src/data/diary.ts [app-client] (ecmascript).
Did you mean to import diaryEntries?
All exports of the module are statically known (It doesn't have dynamic exports). So it's known statically that the requested export doesn't exist.

Import traces:
  Client Component Browser:
    ./src/lib/relatedContent.ts [Client Component Browser]
    ./src/app/plants/[id]/PlantDetailClient.tsx [Client Component Browser]
    ./src/app/plants/[id]/PlantDetailClient.tsx [Server Component]
    ./src/app/plants/[id]/page.tsx [Server Component]

  Client Component SSR:
    ./src/lib/relatedContent.ts [Client Component SSR]
    ./src/app/plants/[id]/PlantDetailClient.tsx [Client Component SSR]
    ./src/app/plants/[id]/PlantDetailClient.tsx [Server Component]
    ./src/app/plants/[id]/page.tsx [Server Component] @ http://localhost:3001/_next/static/chunks/node_modules_next_dist_0u_w_5s._.js:1945
[    4662ms] [ERROR] ./src/lib/relatedContent.ts:11:1
Export diaries doesn't exist in target module
   9 |  */
  10 |
> 11 | import { diaries as localDiaries, diaryCategories } from "@/data/diary";
     | ^^^^^^^^^^^^^^^^^^^^^^^^^^^^^^^^^^^^^^^^^^^^^^^^^^^^^^^^^^^^^^^^^^^^^^^^
  12 | import { guides as localGuides, guideCategories } from "@/data/guides";
  13 |
  14 | export interface RelatedItem {

The export diaries was not found in module [project]/src/data/diary.ts [app-ssr] (ecmascript).
Did you mean to import diaryEntries?
All exports of the module are statically known (It doesn't have dynamic exports). So it's known statically that the requested export doesn't exist.

Import traces:
  Client Component Browser:
    ./src/lib/relatedContent.ts [Client Component Browser]
    ./src/app/plants/[id]/PlantDetailClient.tsx [Client Component Browser]
    ./src/app/plants/[id]/PlantDetailClient.tsx [Server Component]
    ./src/app/plants/[id]/page.tsx [Server Component]

  Client Component SSR:
    ./src/lib/relatedContent.ts [Client Component SSR]
    ./src/app/plants/[id]/PlantDetailClient.tsx [Client Component SSR]
    ./src/app/plants/[id]/PlantDetailClient.tsx [Server Component]
    ./src/app/plants/[id]/page.tsx [Server Component] @ http://localhost:3001/_next/static/chunks/node_modules_next_dist_0u_w_5s._.js:1945
[    4708ms] [ERROR] ./src/lib/relatedContent.ts:11:1
Export diaries doesn't exist in target module
   9 |  */
  10 |
> 11 | import { diaries as localDiaries, diaryCategories } from "@/data/diary";
     | ^^^^^^^^^^^^^^^^^^^^^^^^^^^^^^^^^^^^^^^^^^^^^^^^^^^^^^^^^^^^^^^^^^^^^^^^
  12 | import { guides as localGuides, guideCategories } from "@/data/guides";
  13 |
  14 | export interface RelatedItem {

The export diaries was not found in module [project]/src/data/diary.ts [app-client] (ecmascript).
Did you mean to import diaryEntries?
All exports of the module are statically known (It doesn't have dynamic exports). So it's known statically that the requested export doesn't exist.

Import traces:
  Client Component Browser:
    ./src/lib/relatedContent.ts [Client Component Browser]
    ./src/app/plants/[id]/PlantDetailClient.tsx [Client Component Browser]
    ./src/app/plants/[id]/PlantDetailClient.tsx [Server Component]
    ./src/app/plants/[id]/page.tsx [Server Component]

  Client Component SSR:
    ./src/lib/relatedContent.ts [Client Component SSR]
    ./src/app/plants/[id]/PlantDetailClient.tsx [Client Component SSR]
    ./src/app/plants/[id]/PlantDetailClient.tsx [Server Component]
    ./src/app/plants/[id]/page.tsx [Server Component] @ http://localhost:3001/_next/static/chunks/node_modules_next_dist_0u_w_5s._.js:1945
[    4709ms] [ERROR] ./src/lib/relatedContent.ts:11:1
Export diaries doesn't exist in target module
   9 |  */
  10 |
> 11 | import { diaries as localDiaries, diaryCategories } from "@/data/diary";
     | ^^^^^^^^^^^^^^^^^^^^^^^^^^^^^^^^^^^^^^^^^^^^^^^^^^^^^^^^^^^^^^^^^^^^^^^^
  12 | import { guides as localGuides, guideCategories } from "@/data/guides";
  13 |
  14 | export interface RelatedItem {

The export diaries was not found in module [project]/src/data/diary.ts [app-ssr] (ecmascript).
Did you mean to import diaryEntries?
All exports of the module are statically known (It doesn't have dynamic exports). So it's known statically that the requested export doesn't exist.

Import traces:
  Client Component Browser:
    ./src/lib/relatedContent.ts [Client Component Browser]
    ./src/app/plants/[id]/PlantDetailClient.tsx [Client Component Browser]
    ./src/app/plants/[id]/PlantDetailClient.tsx [Server Component]
    ./src/app/plants/[id]/page.tsx [Server Component]

  Client Component SSR:
    ./src/lib/relatedContent.ts [Client Component SSR]
    ./src/app/plants/[id]/PlantDetailClient.tsx [Client Component SSR]
    ./src/app/plants/[id]/PlantDetailClient.tsx [Server Component]
    ./src/app/plants/[id]/page.tsx [Server Component] @ http://localhost:3001/_next/static/chunks/node_modules_next_dist_0u_w_5s._.js:1945
[    4755ms] [ERROR] ./src/lib/relatedContent.ts:11:1
Export diaries doesn't exist in target module
   9 |  */
  10 |
> 11 | import { diaries as localDiaries, diaryCategories } from "@/data/diary";
     | ^^^^^^^^^^^^^^^^^^^^^^^^^^^^^^^^^^^^^^^^^^^^^^^^^^^^^^^^^^^^^^^^^^^^^^^^
  12 | import { guides as localGuides, guideCategories } from "@/data/guides";
  13 |
  14 | export interface RelatedItem {

The export diaries was not found in module [project]/src/data/diary.ts [app-client] (ecmascript).
Did you mean to import diaryEntries?
All exports of the module are statically known (It doesn't have dynamic exports). So it's known statically that the requested export doesn't exist.

Import traces:
  Client Component Browser:
    ./src/lib/relatedContent.ts [Client Component Browser]
    ./src/app/plants/[id]/PlantDetailClient.tsx [Client Component Browser]
    ./src/app/plants/[id]/PlantDetailClient.tsx [Server Component]
    ./src/app/plants/[id]/page.tsx [Server Component]

  Client Component SSR:
    ./src/lib/relatedContent.ts [Client Component SSR]
    ./src/app/plants/[id]/PlantDetailClient.tsx [Client Component SSR]
    ./src/app/plants/[id]/PlantDetailClient.tsx [Server Component]
    ./src/app/plants/[id]/page.tsx [Server Component] @ http://localhost:3001/_next/static/chunks/node_modules_next_dist_0u_w_5s._.js:1945
[    4755ms] [ERROR] ./src/lib/relatedContent.ts:11:1
Export diaries doesn't exist in target module
   9 |  */
  10 |
> 11 | import { diaries as localDiaries, diaryCategories } from "@/data/diary";
     | ^^^^^^^^^^^^^^^^^^^^^^^^^^^^^^^^^^^^^^^^^^^^^^^^^^^^^^^^^^^^^^^^^^^^^^^^
  12 | import { guides as localGuides, guideCategories } from "@/data/guides";
  13 |
  14 | export interface RelatedItem {

The export diaries was not found in module [project]/src/data/diary.ts [app-ssr] (ecmascript).
Did you mean to import diaryEntries?
All exports of the module are statically known (It doesn't have dynamic exports). So it's known statically that the requested export doesn't exist.

Import traces:
  Client Component Browser:
    ./src/lib/relatedContent.ts [Client Component Browser]
    ./src/app/plants/[id]/PlantDetailClient.tsx [Client Component Browser]
    ./src/app/plants/[id]/PlantDetailClient.tsx [Server Component]
    ./src/app/plants/[id]/page.tsx [Server Component]

  Client Component SSR:
    ./src/lib/relatedContent.ts [Client Component SSR]
    ./src/app/plants/[id]/PlantDetailClient.tsx [Client Component SSR]
    ./src/app/plants/[id]/PlantDetailClient.tsx [Server Component]
    ./src/app/plants/[id]/page.tsx [Server Component] @ http://localhost:3001/_next/static/chunks/node_modules_next_dist_0u_w_5s._.js:1945
[    4794ms] [ERROR] ./src/lib/relatedContent.ts:11:1
Export diaries doesn't exist in target module
   9 |  */
  10 |
> 11 | import { diaries as localDiaries, diaryCategories } from "@/data/diary";
     | ^^^^^^^^^^^^^^^^^^^^^^^^^^^^^^^^^^^^^^^^^^^^^^^^^^^^^^^^^^^^^^^^^^^^^^^^
  12 | import { guides as localGuides, guideCategories } from "@/data/guides";
  13 |
  14 | export interface RelatedItem {

The export diaries was not found in module [project]/src/data/diary.ts [app-client] (ecmascript).
Did you mean to import diaryEntries?
All exports of the module are statically known (It doesn't have dynamic exports). So it's known statically that the requested export doesn't exist.

Import traces:
  Client Component Browser:
    ./src/lib/relatedContent.ts [Client Component Browser]
    ./src/app/plants/[id]/PlantDetailClient.tsx [Client Component Browser]
    ./src/app/plants/[id]/PlantDetailClient.tsx [Server Component]
    ./src/app/plants/[id]/page.tsx [Server Component]

  Client Component SSR:
    ./src/lib/relatedContent.ts [Client Component SSR]
    ./src/app/plants/[id]/PlantDetailClient.tsx [Client Component SSR]
    ./src/app/plants/[id]/PlantDetailClient.tsx [Server Component]
    ./src/app/plants/[id]/page.tsx [Server Component] @ http://localhost:3001/_next/static/chunks/node_modules_next_dist_0u_w_5s._.js:1945
[    4794ms] [ERROR] ./src/lib/relatedContent.ts:11:1
Export diaries doesn't exist in target module
   9 |  */
  10 |
> 11 | import { diaries as localDiaries, diaryCategories } from "@/data/diary";
     | ^^^^^^^^^^^^^^^^^^^^^^^^^^^^^^^^^^^^^^^^^^^^^^^^^^^^^^^^^^^^^^^^^^^^^^^^
  12 | import { guides as localGuides, guideCategories } from "@/data/guides";
  13 |
  14 | export interface RelatedItem {

The export diaries was not found in module [project]/src/data/diary.ts [app-ssr] (ecmascript).
Did you mean to import diaryEntries?
All exports of the module are statically known (It doesn't have dynamic exports). So it's known statically that the requested export doesn't exist.

Import traces:
  Client Component Browser:
    ./src/lib/relatedContent.ts [Client Component Browser]
    ./src/app/plants/[id]/PlantDetailClient.tsx [Client Component Browser]
    ./src/app/plants/[id]/PlantDetailClient.tsx [Server Component]
    ./src/app/plants/[id]/page.tsx [Server Component]

  Client Component SSR:
    ./src/lib/relatedContent.ts [Client Component SSR]
    ./src/app/plants/[id]/PlantDetailClient.tsx [Client Component SSR]
    ./src/app/plants/[id]/PlantDetailClient.tsx [Server Component]
    ./src/app/plants/[id]/page.tsx [Server Component] @ http://localhost:3001/_next/static/chunks/node_modules_next_dist_0u_w_5s._.js:1945
[    4841ms] [ERROR] ./src/lib/relatedContent.ts:11:1
Export diaries doesn't exist in target module
   9 |  */
  10 |
> 11 | import { diaries as localDiaries, diaryCategories } from "@/data/diary";
     | ^^^^^^^^^^^^^^^^^^^^^^^^^^^^^^^^^^^^^^^^^^^^^^^^^^^^^^^^^^^^^^^^^^^^^^^^
  12 | import { guides as localGuides, guideCategories } from "@/data/guides";
  13 |
  14 | export interface RelatedItem {

The export diaries was not found in module [project]/src/data/diary.ts [app-client] (ecmascript).
Did you mean to import diaryEntries?
All exports of the module are statically known (It doesn't have dynamic exports). So it's known statically that the requested export doesn't exist.

Import traces:
  Client Component Browser:
    ./src/lib/relatedContent.ts [Client Component Browser]
    ./src/app/plants/[id]/PlantDetailClient.tsx [Client Component Browser]
    ./src/app/plants/[id]/PlantDetailClient.tsx [Server Component]
    ./src/app/plants/[id]/page.tsx [Server Component]

  Client Component SSR:
    ./src/lib/relatedContent.ts [Client Component SSR]
    ./src/app/plants/[id]/PlantDetailClient.tsx [Client Component SSR]
    ./src/app/plants/[id]/PlantDetailClient.tsx [Server Component]
    ./src/app/plants/[id]/page.tsx [Server Component] @ http://localhost:3001/_next/static/chunks/node_modules_next_dist_0u_w_5s._.js:1945
[    4841ms] [ERROR] ./src/lib/relatedContent.ts:11:1
Export diaries doesn't exist in target module
   9 |  */
  10 |
> 11 | import { diaries as localDiaries, diaryCategories } from "@/data/diary";
     | ^^^^^^^^^^^^^^^^^^^^^^^^^^^^^^^^^^^^^^^^^^^^^^^^^^^^^^^^^^^^^^^^^^^^^^^^
  12 | import { guides as localGuides, guideCategories } from "@/data/guides";
  13 |
  14 | export interface RelatedItem {

The export diaries was not found in module [project]/src/data/diary.ts [app-ssr] (ecmascript).
Did you mean to import diaryEntries?
All exports of the module are statically known (It doesn't have dynamic exports). So it's known statically that the requested export doesn't exist.

Import traces:
  Client Component Browser:
    ./src/lib/relatedContent.ts [Client Component Browser]
    ./src/app/plants/[id]/PlantDetailClient.tsx [Client Component Browser]
    ./src/app/plants/[id]/PlantDetailClient.tsx [Server Component]
    ./src/app/plants/[id]/page.tsx [Server Component]

  Client Component SSR:
    ./src/lib/relatedContent.ts [Client Component SSR]
    ./src/app/plants/[id]/PlantDetailClient.tsx [Client Component SSR]
    ./src/app/plants/[id]/PlantDetailClient.tsx [Server Component]
    ./src/app/plants/[id]/page.tsx [Server Component] @ http://localhost:3001/_next/static/chunks/node_modules_next_dist_0u_w_5s._.js:1945
[    4888ms] [ERROR] ./src/lib/relatedContent.ts:11:1
Export diaries doesn't exist in target module
   9 |  */
  10 |
> 11 | import { diaries as localDiaries, diaryCategories } from "@/data/diary";
     | ^^^^^^^^^^^^^^^^^^^^^^^^^^^^^^^^^^^^^^^^^^^^^^^^^^^^^^^^^^^^^^^^^^^^^^^^
  12 | import { guides as localGuides, guideCategories } from "@/data/guides";
  13 |
  14 | export interface RelatedItem {

The export diaries was not found in module [project]/src/data/diary.ts [app-client] (ecmascript).
Did you mean to import diaryEntries?
All exports of the module are statically known (It doesn't have dynamic exports). So it's known statically that the requested export doesn't exist.

Import traces:
  Client Component Browser:
    ./src/lib/relatedContent.ts [Client Component Browser]
    ./src/app/plants/[id]/PlantDetailClient.tsx [Client Component Browser]
    ./src/app/plants/[id]/PlantDetailClient.tsx [Server Component]
    ./src/app/plants/[id]/page.tsx [Server Component]

  Client Component SSR:
    ./src/lib/relatedContent.ts [Client Component SSR]
    ./src/app/plants/[id]/PlantDetailClient.tsx [Client Component SSR]
    ./src/app/plants/[id]/PlantDetailClient.tsx [Server Component]
    ./src/app/plants/[id]/page.tsx [Server Component] @ http://localhost:3001/_next/static/chunks/node_modules_next_dist_0u_w_5s._.js:1945
[    4888ms] [ERROR] ./src/lib/relatedContent.ts:11:1
Export diaries doesn't exist in target module
   9 |  */
  10 |
> 11 | import { diaries as localDiaries, diaryCategories } from "@/data/diary";
     | ^^^^^^^^^^^^^^^^^^^^^^^^^^^^^^^^^^^^^^^^^^^^^^^^^^^^^^^^^^^^^^^^^^^^^^^^
  12 | import { guides as localGuides, guideCategories } from "@/data/guides";
  13 |
  14 | export interface RelatedItem {

The export diaries was not found in module [project]/src/data/diary.ts [app-ssr] (ecmascript).
Did you mean to import diaryEntries?
All exports of the module are statically known (It doesn't have dynamic exports). So it's known statically that the requested export doesn't exist.

Import traces:
  Client Component Browser:
    ./src/lib/relatedContent.ts [Client Component Browser]
    ./src/app/plants/[id]/PlantDetailClient.tsx [Client Component Browser]
    ./src/app/plants/[id]/PlantDetailClient.tsx [Server Component]
    ./src/app/plants/[id]/page.tsx [Server Component]

  Client Component SSR:
    ./src/lib/relatedContent.ts [Client Component SSR]
    ./src/app/plants/[id]/PlantDetailClient.tsx [Client Component SSR]
    ./src/app/plants/[id]/PlantDetailClient.tsx [Server Component]
    ./src/app/plants/[id]/page.tsx [Server Component] @ http://localhost:3001/_next/static/chunks/node_modules_next_dist_0u_w_5s._.js:1945
[    4936ms] [ERROR] ./src/lib/relatedContent.ts:11:1
Export diaries doesn't exist in target module
   9 |  */
  10 |
> 11 | import { diaries as localDiaries, diaryCategories } from "@/data/diary";
     | ^^^^^^^^^^^^^^^^^^^^^^^^^^^^^^^^^^^^^^^^^^^^^^^^^^^^^^^^^^^^^^^^^^^^^^^^
  12 | import { guides as localGuides, guideCategories } from "@/data/guides";
  13 |
  14 | export interface RelatedItem {

The export diaries was not found in module [project]/src/data/diary.ts [app-client] (ecmascript).
Did you mean to import diaryEntries?
All exports of the module are statically known (It doesn't have dynamic exports). So it's known statically that the requested export doesn't exist.

Import traces:
  Client Component Browser:
    ./src/lib/relatedContent.ts [Client Component Browser]
    ./src/app/plants/[id]/PlantDetailClient.tsx [Client Component Browser]
    ./src/app/plants/[id]/PlantDetailClient.tsx [Server Component]
    ./src/app/plants/[id]/page.tsx [Server Component]

  Client Component SSR:
    ./src/lib/relatedContent.ts [Client Component SSR]
    ./src/app/plants/[id]/PlantDetailClient.tsx [Client Component SSR]
    ./src/app/plants/[id]/PlantDetailClient.tsx [Server Component]
    ./src/app/plants/[id]/page.tsx [Server Component] @ http://localhost:3001/_next/static/chunks/node_modules_next_dist_0u_w_5s._.js:1945
[    4936ms] [ERROR] ./src/lib/relatedContent.ts:11:1
Export diaries doesn't exist in target module
   9 |  */
  10 |
> 11 | import { diaries as localDiaries, diaryCategories } from "@/data/diary";
     | ^^^^^^^^^^^^^^^^^^^^^^^^^^^^^^^^^^^^^^^^^^^^^^^^^^^^^^^^^^^^^^^^^^^^^^^^
  12 | import { guides as localGuides, guideCategories } from "@/data/guides";
  13 |
  14 | export interface RelatedItem {

The export diaries was not found in module [project]/src/data/diary.ts [app-ssr] (ecmascript).
Did you mean to import diaryEntries?
All exports of the module are statically known (It doesn't have dynamic exports). So it's known statically that the requested export doesn't exist.

Import traces:
  Client Component Browser:
    ./src/lib/relatedContent.ts [Client Component Browser]
    ./src/app/plants/[id]/PlantDetailClient.tsx [Client Component Browser]
    ./src/app/plants/[id]/PlantDetailClient.tsx [Server Component]
    ./src/app/plants/[id]/page.tsx [Server Component]

  Client Component SSR:
    ./src/lib/relatedContent.ts [Client Component SSR]
    ./src/app/plants/[id]/PlantDetailClient.tsx [Client Component SSR]
    ./src/app/plants/[id]/PlantDetailClient.tsx [Server Component]
    ./src/app/plants/[id]/page.tsx [Server Component] @ http://localhost:3001/_next/static/chunks/node_modules_next_dist_0u_w_5s._.js:1945
[    4982ms] [ERROR] ./src/lib/relatedContent.ts:11:1
Export diaries doesn't exist in target module
   9 |  */
  10 |
> 11 | import { diaries as localDiaries, diaryCategories } from "@/data/diary";
     | ^^^^^^^^^^^^^^^^^^^^^^^^^^^^^^^^^^^^^^^^^^^^^^^^^^^^^^^^^^^^^^^^^^^^^^^^
  12 | import { guides as localGuides, guideCategories } from "@/data/guides";
  13 |
  14 | export interface RelatedItem {

The export diaries was not found in module [project]/src/data/diary.ts [app-client] (ecmascript).
Did you mean to import diaryEntries?
All exports of the module are statically known (It doesn't have dynamic exports). So it's known statically that the requested export doesn't exist.

Import traces:
  Client Component Browser:
    ./src/lib/relatedContent.ts [Client Component Browser]
    ./src/app/plants/[id]/PlantDetailClient.tsx [Client Component Browser]
    ./src/app/plants/[id]/PlantDetailClient.tsx [Server Component]
    ./src/app/plants/[id]/page.tsx [Server Component]

  Client Component SSR:
    ./src/lib/relatedContent.ts [Client Component SSR]
    ./src/app/plants/[id]/PlantDetailClient.tsx [Client Component SSR]
    ./src/app/plants/[id]/PlantDetailClient.tsx [Server Component]
    ./src/app/plants/[id]/page.tsx [Server Component] @ http://localhost:3001/_next/static/chunks/node_modules_next_dist_0u_w_5s._.js:1945
[    4982ms] [ERROR] ./src/lib/relatedContent.ts:11:1
Export diaries doesn't exist in target module
   9 |  */
  10 |
> 11 | import { diaries as localDiaries, diaryCategories } from "@/data/diary";
     | ^^^^^^^^^^^^^^^^^^^^^^^^^^^^^^^^^^^^^^^^^^^^^^^^^^^^^^^^^^^^^^^^^^^^^^^^
  12 | import { guides as localGuides, guideCategories } from "@/data/guides";
  13 |
  14 | export interface RelatedItem {

The export diaries was not found in module [project]/src/data/diary.ts [app-ssr] (ecmascript).
Did you mean to import diaryEntries?
All exports of the module are statically known (It doesn't have dynamic exports). So it's known statically that the requested export doesn't exist.

Import traces:
  Client Component Browser:
    ./src/lib/relatedContent.ts [Client Component Browser]
    ./src/app/plants/[id]/PlantDetailClient.tsx [Client Component Browser]
    ./src/app/plants/[id]/PlantDetailClient.tsx [Server Component]
    ./src/app/plants/[id]/page.tsx [Server Component]

  Client Component SSR:
    ./src/lib/relatedContent.ts [Client Component SSR]
    ./src/app/plants/[id]/PlantDetailClient.tsx [Client Component SSR]
    ./src/app/plants/[id]/PlantDetailClient.tsx [Server Component]
    ./src/app/plants/[id]/page.tsx [Server Component] @ http://localhost:3001/_next/static/chunks/node_modules_next_dist_0u_w_5s._.js:1945
[    5028ms] [ERROR] ./src/lib/relatedContent.ts:11:1
Export diaries doesn't exist in target module
   9 |  */
  10 |
> 11 | import { diaries as localDiaries, diaryCategories } from "@/data/diary";
     | ^^^^^^^^^^^^^^^^^^^^^^^^^^^^^^^^^^^^^^^^^^^^^^^^^^^^^^^^^^^^^^^^^^^^^^^^
  12 | import { guides as localGuides, guideCategories } from "@/data/guides";
  13 |
  14 | export interface RelatedItem {

The export diaries was not found in module [project]/src/data/diary.ts [app-client] (ecmascript).
Did you mean to import diaryEntries?
All exports of the module are statically known (It doesn't have dynamic exports). So it's known statically that the requested export doesn't exist.

Import traces:
  Client Component Browser:
    ./src/lib/relatedContent.ts [Client Component Browser]
    ./src/app/plants/[id]/PlantDetailClient.tsx [Client Component Browser]
    ./src/app/plants/[id]/PlantDetailClient.tsx [Server Component]
    ./src/app/plants/[id]/page.tsx [Server Component]

  Client Component SSR:
    ./src/lib/relatedContent.ts [Client Component SSR]
    ./src/app/plants/[id]/PlantDetailClient.tsx [Client Component SSR]
    ./src/app/plants/[id]/PlantDetailClient.tsx [Server Component]
    ./src/app/plants/[id]/page.tsx [Server Component] @ http://localhost:3001/_next/static/chunks/node_modules_next_dist_0u_w_5s._.js:1945
[    5028ms] [ERROR] ./src/lib/relatedContent.ts:11:1
Export diaries doesn't exist in target module
   9 |  */
  10 |
> 11 | import { diaries as localDiaries, diaryCategories } from "@/data/diary";
     | ^^^^^^^^^^^^^^^^^^^^^^^^^^^^^^^^^^^^^^^^^^^^^^^^^^^^^^^^^^^^^^^^^^^^^^^^
  12 | import { guides as localGuides, guideCategories } from "@/data/guides";
  13 |
  14 | export interface RelatedItem {

The export diaries was not found in module [project]/src/data/diary.ts [app-ssr] (ecmascript).
Did you mean to import diaryEntries?
All exports of the module are statically known (It doesn't have dynamic exports). So it's known statically that the requested export doesn't exist.

Import traces:
  Client Component Browser:
    ./src/lib/relatedContent.ts [Client Component Browser]
    ./src/app/plants/[id]/PlantDetailClient.tsx [Client Component Browser]
    ./src/app/plants/[id]/PlantDetailClient.tsx [Server Component]
    ./src/app/plants/[id]/page.tsx [Server Component]

  Client Component SSR:
    ./src/lib/relatedContent.ts [Client Component SSR]
    ./src/app/plants/[id]/PlantDetailClient.tsx [Client Component SSR]
    ./src/app/plants/[id]/PlantDetailClient.tsx [Server Component]
    ./src/app/plants/[id]/page.tsx [Server Component] @ http://localhost:3001/_next/static/chunks/node_modules_next_dist_0u_w_5s._.js:1945
[    5075ms] [ERROR] ./src/lib/relatedContent.ts:11:1
Export diaries doesn't exist in target module
   9 |  */
  10 |
> 11 | import { diaries as localDiaries, diaryCategories } from "@/data/diary";
     | ^^^^^^^^^^^^^^^^^^^^^^^^^^^^^^^^^^^^^^^^^^^^^^^^^^^^^^^^^^^^^^^^^^^^^^^^
  12 | import { guides as localGuides, guideCategories } from "@/data/guides";
  13 |
  14 | export interface RelatedItem {

The export diaries was not found in module [project]/src/data/diary.ts [app-client] (ecmascript).
Did you mean to import diaryEntries?
All exports of the module are statically known (It doesn't have dynamic exports). So it's known statically that the requested export doesn't exist.

Import traces:
  Client Component Browser:
    ./src/lib/relatedContent.ts [Client Component Browser]
    ./src/app/plants/[id]/PlantDetailClient.tsx [Client Component Browser]
    ./src/app/plants/[id]/PlantDetailClient.tsx [Server Component]
    ./src/app/plants/[id]/page.tsx [Server Component]

  Client Component SSR:
    ./src/lib/relatedContent.ts [Client Component SSR]
    ./src/app/plants/[id]/PlantDetailClient.tsx [Client Component SSR]
    ./src/app/plants/[id]/PlantDetailClient.tsx [Server Component]
    ./src/app/plants/[id]/page.tsx [Server Component] @ http://localhost:3001/_next/static/chunks/node_modules_next_dist_0u_w_5s._.js:1945
[    5075ms] [ERROR] ./src/lib/relatedContent.ts:11:1
Export diaries doesn't exist in target module
   9 |  */
  10 |
> 11 | import { diaries as localDiaries, diaryCategories } from "@/data/diary";
     | ^^^^^^^^^^^^^^^^^^^^^^^^^^^^^^^^^^^^^^^^^^^^^^^^^^^^^^^^^^^^^^^^^^^^^^^^
  12 | import { guides as localGuides, guideCategories } from "@/data/guides";
  13 |
  14 | export interface RelatedItem {

The export diaries was not found in module [project]/src/data/diary.ts [app-ssr] (ecmascript).
Did you mean to import diaryEntries?
All exports of the module are statically known (It doesn't have dynamic exports). So it's known statically that the requested export doesn't exist.

Import traces:
  Client Component Browser:
    ./src/lib/relatedContent.ts [Client Component Browser]
    ./src/app/plants/[id]/PlantDetailClient.tsx [Client Component Browser]
    ./src/app/plants/[id]/PlantDetailClient.tsx [Server Component]
    ./src/app/plants/[id]/page.tsx [Server Component]

  Client Component SSR:
    ./src/lib/relatedContent.ts [Client Component SSR]
    ./src/app/plants/[id]/PlantDetailClient.tsx [Client Component SSR]
    ./src/app/plants/[id]/PlantDetailClient.tsx [Server Component]
    ./src/app/plants/[id]/page.tsx [Server Component] @ http://localhost:3001/_next/static/chunks/node_modules_next_dist_0u_w_5s._.js:1945
[    5123ms] [ERROR] ./src/lib/relatedContent.ts:11:1
Export diaries doesn't exist in target module
   9 |  */
  10 |
> 11 | import { diaries as localDiaries, diaryCategories } from "@/data/diary";
     | ^^^^^^^^^^^^^^^^^^^^^^^^^^^^^^^^^^^^^^^^^^^^^^^^^^^^^^^^^^^^^^^^^^^^^^^^
  12 | import { guides as localGuides, guideCategories } from "@/data/guides";
  13 |
  14 | export interface RelatedItem {

The export diaries was not found in module [project]/src/data/diary.ts [app-client] (ecmascript).
Did you mean to import diaryEntries?
All exports of the module are statically known (It doesn't have dynamic exports). So it's known statically that the requested export doesn't exist.

Import traces:
  Client Component Browser:
    ./src/lib/relatedContent.ts [Client Component Browser]
    ./src/app/plants/[id]/PlantDetailClient.tsx [Client Component Browser]
    ./src/app/plants/[id]/PlantDetailClient.tsx [Server Component]
    ./src/app/plants/[id]/page.tsx [Server Component]

  Client Component SSR:
    ./src/lib/relatedContent.ts [Client Component SSR]
    ./src/app/plants/[id]/PlantDetailClient.tsx [Client Component SSR]
    ./src/app/plants/[id]/PlantDetailClient.tsx [Server Component]
    ./src/app/plants/[id]/page.tsx [Server Component] @ http://localhost:3001/_next/static/chunks/node_modules_next_dist_0u_w_5s._.js:1945
[    5123ms] [ERROR] ./src/lib/relatedContent.ts:11:1
Export diaries doesn't exist in target module
   9 |  */
  10 |
> 11 | import { diaries as localDiaries, diaryCategories } from "@/data/diary";
     | ^^^^^^^^^^^^^^^^^^^^^^^^^^^^^^^^^^^^^^^^^^^^^^^^^^^^^^^^^^^^^^^^^^^^^^^^
  12 | import { guides as localGuides, guideCategories } from "@/data/guides";
  13 |
  14 | export interface RelatedItem {

The export diaries was not found in module [project]/src/data/diary.ts [app-ssr] (ecmascript).
Did you mean to import diaryEntries?
All exports of the module are statically known (It doesn't have dynamic exports). So it's known statically that the requested export doesn't exist.

Import traces:
  Client Component Browser:
    ./src/lib/relatedContent.ts [Client Component Browser]
    ./src/app/plants/[id]/PlantDetailClient.tsx [Client Component Browser]
    ./src/app/plants/[id]/PlantDetailClient.tsx [Server Component]
    ./src/app/plants/[id]/page.tsx [Server Component]

  Client Component SSR:
    ./src/lib/relatedContent.ts [Client Component SSR]
    ./src/app/plants/[id]/PlantDetailClient.tsx [Client Component SSR]
    ./src/app/plants/[id]/PlantDetailClient.tsx [Server Component]
    ./src/app/plants/[id]/page.tsx [Server Component] @ http://localhost:3001/_next/static/chunks/node_modules_next_dist_0u_w_5s._.js:1945
[    5172ms] [ERROR] ./src/lib/relatedContent.ts:11:1
Export diaries doesn't exist in target module
   9 |  */
  10 |
> 11 | import { diaries as localDiaries, diaryCategories } from "@/data/diary";
     | ^^^^^^^^^^^^^^^^^^^^^^^^^^^^^^^^^^^^^^^^^^^^^^^^^^^^^^^^^^^^^^^^^^^^^^^^
  12 | import { guides as localGuides, guideCategories } from "@/data/guides";
  13 |
  14 | export interface RelatedItem {

The export diaries was not found in module [project]/src/data/diary.ts [app-client] (ecmascript).
Did you mean to import diaryEntries?
All exports of the module are statically known (It doesn't have dynamic exports). So it's known statically that the requested export doesn't exist.

Import traces:
  Client Component Browser:
    ./src/lib/relatedContent.ts [Client Component Browser]
    ./src/app/plants/[id]/PlantDetailClient.tsx [Client Component Browser]
    ./src/app/plants/[id]/PlantDetailClient.tsx [Server Component]
    ./src/app/plants/[id]/page.tsx [Server Component]

  Client Component SSR:
    ./src/lib/relatedContent.ts [Client Component SSR]
    ./src/app/plants/[id]/PlantDetailClient.tsx [Client Component SSR]
    ./src/app/plants/[id]/PlantDetailClient.tsx [Server Component]
    ./src/app/plants/[id]/page.tsx [Server Component] @ http://localhost:3001/_next/static/chunks/node_modules_next_dist_0u_w_5s._.js:1945
[    5173ms] [ERROR] ./src/lib/relatedContent.ts:11:1
Export diaries doesn't exist in target module
   9 |  */
  10 |
> 11 | import { diaries as localDiaries, diaryCategories } from "@/data/diary";
     | ^^^^^^^^^^^^^^^^^^^^^^^^^^^^^^^^^^^^^^^^^^^^^^^^^^^^^^^^^^^^^^^^^^^^^^^^
  12 | import { guides as localGuides, guideCategories } from "@/data/guides";
  13 |
  14 | export interface RelatedItem {

The export diaries was not found in module [project]/src/data/diary.ts [app-ssr] (ecmascript).
Did you mean to import diaryEntries?
All exports of the module are statically known (It doesn't have dynamic exports). So it's known statically that the requested export doesn't exist.

Import traces:
  Client Component Browser:
    ./src/lib/relatedContent.ts [Client Component Browser]
    ./src/app/plants/[id]/PlantDetailClient.tsx [Client Component Browser]
    ./src/app/plants/[id]/PlantDetailClient.tsx [Server Component]
    ./src/app/plants/[id]/page.tsx [Server Component]

  Client Component SSR:
    ./src/lib/relatedContent.ts [Client Component SSR]
    ./src/app/plants/[id]/PlantDetailClient.tsx [Client Component SSR]
    ./src/app/plants/[id]/PlantDetailClient.tsx [Server Component]
    ./src/app/plants/[id]/page.tsx [Server Component] @ http://localhost:3001/_next/static/chunks/node_modules_next_dist_0u_w_5s._.js:1945
[    5220ms] [ERROR] ./src/lib/relatedContent.ts:11:1
Export diaries doesn't exist in target module
   9 |  */
  10 |
> 11 | import { diaries as localDiaries, diaryCategories } from "@/data/diary";
     | ^^^^^^^^^^^^^^^^^^^^^^^^^^^^^^^^^^^^^^^^^^^^^^^^^^^^^^^^^^^^^^^^^^^^^^^^
  12 | import { guides as localGuides, guideCategories } from "@/data/guides";
  13 |
  14 | export interface RelatedItem {

The export diaries was not found in module [project]/src/data/diary.ts [app-client] (ecmascript).
Did you mean to import diaryEntries?
All exports of the module are statically known (It doesn't have dynamic exports). So it's known statically that the requested export doesn't exist.

Import traces:
  Client Component Browser:
    ./src/lib/relatedContent.ts [Client Component Browser]
    ./src/app/plants/[id]/PlantDetailClient.tsx [Client Component Browser]
    ./src/app/plants/[id]/PlantDetailClient.tsx [Server Component]
    ./src/app/plants/[id]/page.tsx [Server Component]

  Client Component SSR:
    ./src/lib/relatedContent.ts [Client Component SSR]
    ./src/app/plants/[id]/PlantDetailClient.tsx [Client Component SSR]
    ./src/app/plants/[id]/PlantDetailClient.tsx [Server Component]
    ./src/app/plants/[id]/page.tsx [Server Component] @ http://localhost:3001/_next/static/chunks/node_modules_next_dist_0u_w_5s._.js:1945
[    5220ms] [ERROR] ./src/lib/relatedContent.ts:11:1
Export diaries doesn't exist in target module
   9 |  */
  10 |
> 11 | import { diaries as localDiaries, diaryCategories } from "@/data/diary";
     | ^^^^^^^^^^^^^^^^^^^^^^^^^^^^^^^^^^^^^^^^^^^^^^^^^^^^^^^^^^^^^^^^^^^^^^^^
  12 | import { guides as localGuides, guideCategories } from "@/data/guides";
  13 |
  14 | export interface RelatedItem {

The export diaries was not found in module [project]/src/data/diary.ts [app-ssr] (ecmascript).
Did you mean to import diaryEntries?
All exports of the module are statically known (It doesn't have dynamic exports). So it's known statically that the requested export doesn't exist.

Import traces:
  Client Component Browser:
    ./src/lib/relatedContent.ts [Client Component Browser]
    ./src/app/plants/[id]/PlantDetailClient.tsx [Client Component Browser]
    ./src/app/plants/[id]/PlantDetailClient.tsx [Server Component]
    ./src/app/plants/[id]/page.tsx [Server Component]

  Client Component SSR:
    ./src/lib/relatedContent.ts [Client Component SSR]
    ./src/app/plants/[id]/PlantDetailClient.tsx [Client Component SSR]
    ./src/app/plants/[id]/PlantDetailClient.tsx [Server Component]
    ./src/app/plants/[id]/page.tsx [Server Component] @ http://localhost:3001/_next/static/chunks/node_modules_next_dist_0u_w_5s._.js:1945
[    5268ms] [ERROR] ./src/lib/relatedContent.ts:11:1
Export diaries doesn't exist in target module
   9 |  */
  10 |
> 11 | import { diaries as localDiaries, diaryCategories } from "@/data/diary";
     | ^^^^^^^^^^^^^^^^^^^^^^^^^^^^^^^^^^^^^^^^^^^^^^^^^^^^^^^^^^^^^^^^^^^^^^^^
  12 | import { guides as localGuides, guideCategories } from "@/data/guides";
  13 |
  14 | export interface RelatedItem {

The export diaries was not found in module [project]/src/data/diary.ts [app-client] (ecmascript).
Did you mean to import diaryEntries?
All exports of the module are statically known (It doesn't have dynamic exports). So it's known statically that the requested export doesn't exist.

Import traces:
  Client Component Browser:
    ./src/lib/relatedContent.ts [Client Component Browser]
    ./src/app/plants/[id]/PlantDetailClient.tsx [Client Component Browser]
    ./src/app/plants/[id]/PlantDetailClient.tsx [Server Component]
    ./src/app/plants/[id]/page.tsx [Server Component]

  Client Component SSR:
    ./src/lib/relatedContent.ts [Client Component SSR]
    ./src/app/plants/[id]/PlantDetailClient.tsx [Client Component SSR]
    ./src/app/plants/[id]/PlantDetailClient.tsx [Server Component]
    ./src/app/plants/[id]/page.tsx [Server Component] @ http://localhost:3001/_next/static/chunks/node_modules_next_dist_0u_w_5s._.js:1945
[    5268ms] [ERROR] ./src/lib/relatedContent.ts:11:1
Export diaries doesn't exist in target module
   9 |  */
  10 |
> 11 | import { diaries as localDiaries, diaryCategories } from "@/data/diary";
     | ^^^^^^^^^^^^^^^^^^^^^^^^^^^^^^^^^^^^^^^^^^^^^^^^^^^^^^^^^^^^^^^^^^^^^^^^
  12 | import { guides as localGuides, guideCategories } from "@/data/guides";
  13 |
  14 | export interface RelatedItem {

The export diaries was not found in module [project]/src/data/diary.ts [app-ssr] (ecmascript).
Did you mean to import diaryEntries?
All exports of the module are statically known (It doesn't have dynamic exports). So it's known statically that the requested export doesn't exist.

Import traces:
  Client Component Browser:
    ./src/lib/relatedContent.ts [Client Component Browser]
    ./src/app/plants/[id]/PlantDetailClient.tsx [Client Component Browser]
    ./src/app/plants/[id]/PlantDetailClient.tsx [Server Component]
    ./src/app/plants/[id]/page.tsx [Server Component]

  Client Component SSR:
    ./src/lib/relatedContent.ts [Client Component SSR]
    ./src/app/plants/[id]/PlantDetailClient.tsx [Client Component SSR]
    ./src/app/plants/[id]/PlantDetailClient.tsx [Server Component]
    ./src/app/plants/[id]/page.tsx [Server Component] @ http://localhost:3001/_next/static/chunks/node_modules_next_dist_0u_w_5s._.js:1945
[    5317ms] [ERROR] ./src/lib/relatedContent.ts:11:1
Export diaries doesn't exist in target module
   9 |  */
  10 |
> 11 | import { diaries as localDiaries, diaryCategories } from "@/data/diary";
     | ^^^^^^^^^^^^^^^^^^^^^^^^^^^^^^^^^^^^^^^^^^^^^^^^^^^^^^^^^^^^^^^^^^^^^^^^
  12 | import { guides as localGuides, guideCategories } from "@/data/guides";
  13 |
  14 | export interface RelatedItem {

The export diaries was not found in module [project]/src/data/diary.ts [app-client] (ecmascript).
Did you mean to import diaryEntries?
All exports of the module are statically known (It doesn't have dynamic exports). So it's known statically that the requested export doesn't exist.

Import traces:
  Client Component Browser:
    ./src/lib/relatedContent.ts [Client Component Browser]
    ./src/app/plants/[id]/PlantDetailClient.tsx [Client Component Browser]
    ./src/app/plants/[id]/PlantDetailClient.tsx [Server Component]
    ./src/app/plants/[id]/page.tsx [Server Component]

  Client Component SSR:
    ./src/lib/relatedContent.ts [Client Component SSR]
    ./src/app/plants/[id]/PlantDetailClient.tsx [Client Component SSR]
    ./src/app/plants/[id]/PlantDetailClient.tsx [Server Component]
    ./src/app/plants/[id]/page.tsx [Server Component] @ http://localhost:3001/_next/static/chunks/node_modules_next_dist_0u_w_5s._.js:1945
[    5317ms] [ERROR] ./src/lib/relatedContent.ts:11:1
Export diaries doesn't exist in target module
   9 |  */
  10 |
> 11 | import { diaries as localDiaries, diaryCategories } from "@/data/diary";
     | ^^^^^^^^^^^^^^^^^^^^^^^^^^^^^^^^^^^^^^^^^^^^^^^^^^^^^^^^^^^^^^^^^^^^^^^^
  12 | import { guides as localGuides, guideCategories } from "@/data/guides";
  13 |
  14 | export interface RelatedItem {

The export diaries was not found in module [project]/src/data/diary.ts [app-ssr] (ecmascript).
Did you mean to import diaryEntries?
All exports of the module are statically known (It doesn't have dynamic exports). So it's known statically that the requested export doesn't exist.

Import traces:
  Client Component Browser:
    ./src/lib/relatedContent.ts [Client Component Browser]
    ./src/app/plants/[id]/PlantDetailClient.tsx [Client Component Browser]
    ./src/app/plants/[id]/PlantDetailClient.tsx [Server Component]
    ./src/app/plants/[id]/page.tsx [Server Component]

  Client Component SSR:
    ./src/lib/relatedContent.ts [Client Component SSR]
    ./src/app/plants/[id]/PlantDetailClient.tsx [Client Component SSR]
    ./src/app/plants/[id]/PlantDetailClient.tsx [Server Component]
    ./src/app/plants/[id]/page.tsx [Server Component] @ http://localhost:3001/_next/static/chunks/node_modules_next_dist_0u_w_5s._.js:1945
[    5366ms] [ERROR] ./src/lib/relatedContent.ts:11:1
Export diaries doesn't exist in target module
   9 |  */
  10 |
> 11 | import { diaries as localDiaries, diaryCategories } from "@/data/diary";
     | ^^^^^^^^^^^^^^^^^^^^^^^^^^^^^^^^^^^^^^^^^^^^^^^^^^^^^^^^^^^^^^^^^^^^^^^^
  12 | import { guides as localGuides, guideCategories } from "@/data/guides";
  13 |
  14 | export interface RelatedItem {

The export diaries was not found in module [project]/src/data/diary.ts [app-client] (ecmascript).
Did you mean to import diaryEntries?
All exports of the module are statically known (It doesn't have dynamic exports). So it's known statically that the requested export doesn't exist.

Import traces:
  Client Component Browser:
    ./src/lib/relatedContent.ts [Client Component Browser]
    ./src/app/plants/[id]/PlantDetailClient.tsx [Client Component Browser]
    ./src/app/plants/[id]/PlantDetailClient.tsx [Server Component]
    ./src/app/plants/[id]/page.tsx [Server Component]

  Client Component SSR:
    ./src/lib/relatedContent.ts [Client Component SSR]
    ./src/app/plants/[id]/PlantDetailClient.tsx [Client Component SSR]
    ./src/app/plants/[id]/PlantDetailClient.tsx [Server Component]
    ./src/app/plants/[id]/page.tsx [Server Component] @ http://localhost:3001/_next/static/chunks/node_modules_next_dist_0u_w_5s._.js:1945
[    5367ms] [ERROR] ./src/lib/relatedContent.ts:11:1
Export diaries doesn't exist in target module
   9 |  */
  10 |
> 11 | import { diaries as localDiaries, diaryCategories } from "@/data/diary";
     | ^^^^^^^^^^^^^^^^^^^^^^^^^^^^^^^^^^^^^^^^^^^^^^^^^^^^^^^^^^^^^^^^^^^^^^^^
  12 | import { guides as localGuides, guideCategories } from "@/data/guides";
  13 |
  14 | export interface RelatedItem {

The export diaries was not found in module [project]/src/data/diary.ts [app-ssr] (ecmascript).
Did you mean to import diaryEntries?
All exports of the module are statically known (It doesn't have dynamic exports). So it's known statically that the requested export doesn't exist.

Import traces:
  Client Component Browser:
    ./src/lib/relatedContent.ts [Client Component Browser]
    ./src/app/plants/[id]/PlantDetailClient.tsx [Client Component Browser]
    ./src/app/plants/[id]/PlantDetailClient.tsx [Server Component]
    ./src/app/plants/[id]/page.tsx [Server Component]

  Client Component SSR:
    ./src/lib/relatedContent.ts [Client Component SSR]
    ./src/app/plants/[id]/PlantDetailClient.tsx [Client Component SSR]
    ./src/app/plants/[id]/PlantDetailClient.tsx [Server Component]
    ./src/app/plants/[id]/page.tsx [Server Component] @ http://localhost:3001/_next/static/chunks/node_modules_next_dist_0u_w_5s._.js:1945
[    5410ms] [ERROR] ./src/lib/relatedContent.ts:11:1
Export diaries doesn't exist in target module
   9 |  */
  10 |
> 11 | import { diaries as localDiaries, diaryCategories } from "@/data/diary";
     | ^^^^^^^^^^^^^^^^^^^^^^^^^^^^^^^^^^^^^^^^^^^^^^^^^^^^^^^^^^^^^^^^^^^^^^^^
  12 | import { guides as localGuides, guideCategories } from "@/data/guides";
  13 |
  14 | export interface RelatedItem {

The export diaries was not found in module [project]/src/data/diary.ts [app-client] (ecmascript).
Did you mean to import diaryEntries?
All exports of the module are statically known (It doesn't have dynamic exports). So it's known statically that the requested export doesn't exist.

Import traces:
  Client Component Browser:
    ./src/lib/relatedContent.ts [Client Component Browser]
    ./src/app/plants/[id]/PlantDetailClient.tsx [Client Component Browser]
    ./src/app/plants/[id]/PlantDetailClient.tsx [Server Component]
    ./src/app/plants/[id]/page.tsx [Server Component]

  Client Component SSR:
    ./src/lib/relatedContent.ts [Client Component SSR]
    ./src/app/plants/[id]/PlantDetailClient.tsx [Client Component SSR]
    ./src/app/plants/[id]/PlantDetailClient.tsx [Server Component]
    ./src/app/plants/[id]/page.tsx [Server Component] @ http://localhost:3001/_next/static/chunks/node_modules_next_dist_0u_w_5s._.js:1945
[    5411ms] [ERROR] ./src/lib/relatedContent.ts:11:1
Export diaries doesn't exist in target module
   9 |  */
  10 |
> 11 | import { diaries as localDiaries, diaryCategories } from "@/data/diary";
     | ^^^^^^^^^^^^^^^^^^^^^^^^^^^^^^^^^^^^^^^^^^^^^^^^^^^^^^^^^^^^^^^^^^^^^^^^
  12 | import { guides as localGuides, guideCategories } from "@/data/guides";
  13 |
  14 | export interface RelatedItem {

The export diaries was not found in module [project]/src/data/diary.ts [app-ssr] (ecmascript).
Did you mean to import diaryEntries?
All exports of the module are statically known (It doesn't have dynamic exports). So it's known statically that the requested export doesn't exist.

Import traces:
  Client Component Browser:
    ./src/lib/relatedContent.ts [Client Component Browser]
    ./src/app/plants/[id]/PlantDetailClient.tsx [Client Component Browser]
    ./src/app/plants/[id]/PlantDetailClient.tsx [Server Component]
    ./src/app/plants/[id]/page.tsx [Server Component]

  Client Component SSR:
    ./src/lib/relatedContent.ts [Client Component SSR]
    ./src/app/plants/[id]/PlantDetailClient.tsx [Client Component SSR]
    ./src/app/plants/[id]/PlantDetailClient.tsx [Server Component]
    ./src/app/plants/[id]/page.tsx [Server Component] @ http://localhost:3001/_next/static/chunks/node_modules_next_dist_0u_w_5s._.js:1945
[    5458ms] [ERROR] ./src/lib/relatedContent.ts:11:1
Export diaries doesn't exist in target module
   9 |  */
  10 |
> 11 | import { diaries as localDiaries, diaryCategories } from "@/data/diary";
     | ^^^^^^^^^^^^^^^^^^^^^^^^^^^^^^^^^^^^^^^^^^^^^^^^^^^^^^^^^^^^^^^^^^^^^^^^
  12 | import { guides as localGuides, guideCategories } from "@/data/guides";
  13 |
  14 | export interface RelatedItem {

The export diaries was not found in module [project]/src/data/diary.ts [app-client] (ecmascript).
Did you mean to import diaryEntries?
All exports of the module are statically known (It doesn't have dynamic exports). So it's known statically that the requested export doesn't exist.

Import traces:
  Client Component Browser:
    ./src/lib/relatedContent.ts [Client Component Browser]
    ./src/app/plants/[id]/PlantDetailClient.tsx [Client Component Browser]
    ./src/app/plants/[id]/PlantDetailClient.tsx [Server Component]
    ./src/app/plants/[id]/page.tsx [Server Component]

  Client Component SSR:
    ./src/lib/relatedContent.ts [Client Component SSR]
    ./src/app/plants/[id]/PlantDetailClient.tsx [Client Component SSR]
    ./src/app/plants/[id]/PlantDetailClient.tsx [Server Component]
    ./src/app/plants/[id]/page.tsx [Server Component] @ http://localhost:3001/_next/static/chunks/node_modules_next_dist_0u_w_5s._.js:1945
[    5458ms] [ERROR] ./src/lib/relatedContent.ts:11:1
Export diaries doesn't exist in target module
   9 |  */
  10 |
> 11 | import { diaries as localDiaries, diaryCategories } from "@/data/diary";
     | ^^^^^^^^^^^^^^^^^^^^^^^^^^^^^^^^^^^^^^^^^^^^^^^^^^^^^^^^^^^^^^^^^^^^^^^^
  12 | import { guides as localGuides, guideCategories } from "@/data/guides";
  13 |
  14 | export interface RelatedItem {

The export diaries was not found in module [project]/src/data/diary.ts [app-ssr] (ecmascript).
Did you mean to import diaryEntries?
All exports of the module are statically known (It doesn't have dynamic exports). So it's known statically that the requested export doesn't exist.

Import traces:
  Client Component Browser:
    ./src/lib/relatedContent.ts [Client Component Browser]
    ./src/app/plants/[id]/PlantDetailClient.tsx [Client Component Browser]
    ./src/app/plants/[id]/PlantDetailClient.tsx [Server Component]
    ./src/app/plants/[id]/page.tsx [Server Component]

  Client Component SSR:
    ./src/lib/relatedContent.ts [Client Component SSR]
    ./src/app/plants/[id]/PlantDetailClient.tsx [Client Component SSR]
    ./src/app/plants/[id]/PlantDetailClient.tsx [Server Component]
    ./src/app/plants/[id]/page.tsx [Server Component] @ http://localhost:3001/_next/static/chunks/node_modules_next_dist_0u_w_5s._.js:1945
[    5503ms] [ERROR] ./src/lib/relatedContent.ts:11:1
Export diaries doesn't exist in target module
   9 |  */
  10 |
> 11 | import { diaries as localDiaries, diaryCategories } from "@/data/diary";
     | ^^^^^^^^^^^^^^^^^^^^^^^^^^^^^^^^^^^^^^^^^^^^^^^^^^^^^^^^^^^^^^^^^^^^^^^^
  12 | import { guides as localGuides, guideCategories } from "@/data/guides";
  13 |
  14 | export interface RelatedItem {

The export diaries was not found in module [project]/src/data/diary.ts [app-client] (ecmascript).
Did you mean to import diaryEntries?
All exports of the module are statically known (It doesn't have dynamic exports). So it's known statically that the requested export doesn't exist.

Import traces:
  Client Component Browser:
    ./src/lib/relatedContent.ts [Client Component Browser]
    ./src/app/plants/[id]/PlantDetailClient.tsx [Client Component Browser]
    ./src/app/plants/[id]/PlantDetailClient.tsx [Server Component]
    ./src/app/plants/[id]/page.tsx [Server Component]

  Client Component SSR:
    ./src/lib/relatedContent.ts [Client Component SSR]
    ./src/app/plants/[id]/PlantDetailClient.tsx [Client Component SSR]
    ./src/app/plants/[id]/PlantDetailClient.tsx [Server Component]
    ./src/app/plants/[id]/page.tsx [Server Component] @ http://localhost:3001/_next/static/chunks/node_modules_next_dist_0u_w_5s._.js:1945
[    5504ms] [ERROR] ./src/lib/relatedContent.ts:11:1
Export diaries doesn't exist in target module
   9 |  */
  10 |
> 11 | import { diaries as localDiaries, diaryCategories } from "@/data/diary";
     | ^^^^^^^^^^^^^^^^^^^^^^^^^^^^^^^^^^^^^^^^^^^^^^^^^^^^^^^^^^^^^^^^^^^^^^^^
  12 | import { guides as localGuides, guideCategories } from "@/data/guides";
  13 |
  14 | export interface RelatedItem {

The export diaries was not found in module [project]/src/data/diary.ts [app-ssr] (ecmascript).
Did you mean to import diaryEntries?
All exports of the module are statically known (It doesn't have dynamic exports). So it's known statically that the requested export doesn't exist.

Import traces:
  Client Component Browser:
    ./src/lib/relatedContent.ts [Client Component Browser]
    ./src/app/plants/[id]/PlantDetailClient.tsx [Client Component Browser]
    ./src/app/plants/[id]/PlantDetailClient.tsx [Server Component]
    ./src/app/plants/[id]/page.tsx [Server Component]

  Client Component SSR:
    ./src/lib/relatedContent.ts [Client Component SSR]
    ./src/app/plants/[id]/PlantDetailClient.tsx [Client Component SSR]
    ./src/app/plants/[id]/PlantDetailClient.tsx [Server Component]
    ./src/app/plants/[id]/page.tsx [Server Component] @ http://localhost:3001/_next/static/chunks/node_modules_next_dist_0u_w_5s._.js:1945
[    5550ms] [ERROR] ./src/lib/relatedContent.ts:11:1
Export diaries doesn't exist in target module
   9 |  */
  10 |
> 11 | import { diaries as localDiaries, diaryCategories } from "@/data/diary";
     | ^^^^^^^^^^^^^^^^^^^^^^^^^^^^^^^^^^^^^^^^^^^^^^^^^^^^^^^^^^^^^^^^^^^^^^^^
  12 | import { guides as localGuides, guideCategories } from "@/data/guides";
  13 |
  14 | export interface RelatedItem {

The export diaries was not found in module [project]/src/data/diary.ts [app-client] (ecmascript).
Did you mean to import diaryEntries?
All exports of the module are statically known (It doesn't have dynamic exports). So it's known statically that the requested export doesn't exist.

Import traces:
  Client Component Browser:
    ./src/lib/relatedContent.ts [Client Component Browser]
    ./src/app/plants/[id]/PlantDetailClient.tsx [Client Component Browser]
    ./src/app/plants/[id]/PlantDetailClient.tsx [Server Component]
    ./src/app/plants/[id]/page.tsx [Server Component]

  Client Component SSR:
    ./src/lib/relatedContent.ts [Client Component SSR]
    ./src/app/plants/[id]/PlantDetailClient.tsx [Client Component SSR]
    ./src/app/plants/[id]/PlantDetailClient.tsx [Server Component]
    ./src/app/plants/[id]/page.tsx [Server Component] @ http://localhost:3001/_next/static/chunks/node_modules_next_dist_0u_w_5s._.js:1945
[    5550ms] [ERROR] ./src/lib/relatedContent.ts:11:1
Export diaries doesn't exist in target module
   9 |  */
  10 |
> 11 | import { diaries as localDiaries, diaryCategories } from "@/data/diary";
     | ^^^^^^^^^^^^^^^^^^^^^^^^^^^^^^^^^^^^^^^^^^^^^^^^^^^^^^^^^^^^^^^^^^^^^^^^
  12 | import { guides as localGuides, guideCategories } from "@/data/guides";
  13 |
  14 | export interface RelatedItem {

The export diaries was not found in module [project]/src/data/diary.ts [app-ssr] (ecmascript).
Did you mean to import diaryEntries?
All exports of the module are statically known (It doesn't have dynamic exports). So it's known statically that the requested export doesn't exist.

Import traces:
  Client Component Browser:
    ./src/lib/relatedContent.ts [Client Component Browser]
    ./src/app/plants/[id]/PlantDetailClient.tsx [Client Component Browser]
    ./src/app/plants/[id]/PlantDetailClient.tsx [Server Component]
    ./src/app/plants/[id]/page.tsx [Server Component]

  Client Component SSR:
    ./src/lib/relatedContent.ts [Client Component SSR]
    ./src/app/plants/[id]/PlantDetailClient.tsx [Client Component SSR]
    ./src/app/plants/[id]/PlantDetailClient.tsx [Server Component]
    ./src/app/plants/[id]/page.tsx [Server Component] @ http://localhost:3001/_next/static/chunks/node_modules_next_dist_0u_w_5s._.js:1945
[    5598ms] [ERROR] ./src/lib/relatedContent.ts:11:1
Export diaries doesn't exist in target module
   9 |  */
  10 |
> 11 | import { diaries as localDiaries, diaryCategories } from "@/data/diary";
     | ^^^^^^^^^^^^^^^^^^^^^^^^^^^^^^^^^^^^^^^^^^^^^^^^^^^^^^^^^^^^^^^^^^^^^^^^
  12 | import { guides as localGuides, guideCategories } from "@/data/guides";
  13 |
  14 | export interface RelatedItem {

The export diaries was not found in module [project]/src/data/diary.ts [app-client] (ecmascript).
Did you mean to import diaryEntries?
All exports of the module are statically known (It doesn't have dynamic exports). So it's known statically that the requested export doesn't exist.

Import traces:
  Client Component Browser:
    ./src/lib/relatedContent.ts [Client Component Browser]
    ./src/app/plants/[id]/PlantDetailClient.tsx [Client Component Browser]
    ./src/app/plants/[id]/PlantDetailClient.tsx [Server Component]
    ./src/app/plants/[id]/page.tsx [Server Component]

  Client Component SSR:
    ./src/lib/relatedContent.ts [Client Component SSR]
    ./src/app/plants/[id]/PlantDetailClient.tsx [Client Component SSR]
    ./src/app/plants/[id]/PlantDetailClient.tsx [Server Component]
    ./src/app/plants/[id]/page.tsx [Server Component] @ http://localhost:3001/_next/static/chunks/node_modules_next_dist_0u_w_5s._.js:1945
[    5598ms] [ERROR] ./src/lib/relatedContent.ts:11:1
Export diaries doesn't exist in target module
   9 |  */
  10 |
> 11 | import { diaries as localDiaries, diaryCategories } from "@/data/diary";
     | ^^^^^^^^^^^^^^^^^^^^^^^^^^^^^^^^^^^^^^^^^^^^^^^^^^^^^^^^^^^^^^^^^^^^^^^^
  12 | import { guides as localGuides, guideCategories } from "@/data/guides";
  13 |
  14 | export interface RelatedItem {

The export diaries was not found in module [project]/src/data/diary.ts [app-ssr] (ecmascript).
Did you mean to import diaryEntries?
All exports of the module are statically known (It doesn't have dynamic exports). So it's known statically that the requested export doesn't exist.

Import traces:
  Client Component Browser:
    ./src/lib/relatedContent.ts [Client Component Browser]
    ./src/app/plants/[id]/PlantDetailClient.tsx [Client Component Browser]
    ./src/app/plants/[id]/PlantDetailClient.tsx [Server Component]
    ./src/app/plants/[id]/page.tsx [Server Component]

  Client Component SSR:
    ./src/lib/relatedContent.ts [Client Component SSR]
    ./src/app/plants/[id]/PlantDetailClient.tsx [Client Component SSR]
    ./src/app/plants/[id]/PlantDetailClient.tsx [Server Component]
    ./src/app/plants/[id]/page.tsx [Server Component] @ http://localhost:3001/_next/static/chunks/node_modules_next_dist_0u_w_5s._.js:1945
[    5645ms] [ERROR] ./src/lib/relatedContent.ts:11:1
Export diaries doesn't exist in target module
   9 |  */
  10 |
> 11 | import { diaries as localDiaries, diaryCategories } from "@/data/diary";
     | ^^^^^^^^^^^^^^^^^^^^^^^^^^^^^^^^^^^^^^^^^^^^^^^^^^^^^^^^^^^^^^^^^^^^^^^^
  12 | import { guides as localGuides, guideCategories } from "@/data/guides";
  13 |
  14 | export interface RelatedItem {

The export diaries was not found in module [project]/src/data/diary.ts [app-client] (ecmascript).
Did you mean to import diaryEntries?
All exports of the module are statically known (It doesn't have dynamic exports). So it's known statically that the requested export doesn't exist.

Import traces:
  Client Component Browser:
    ./src/lib/relatedContent.ts [Client Component Browser]
    ./src/app/plants/[id]/PlantDetailClient.tsx [Client Component Browser]
    ./src/app/plants/[id]/PlantDetailClient.tsx [Server Component]
    ./src/app/plants/[id]/page.tsx [Server Component]

  Client Component SSR:
    ./src/lib/relatedContent.ts [Client Component SSR]
    ./src/app/plants/[id]/PlantDetailClient.tsx [Client Component SSR]
    ./src/app/plants/[id]/PlantDetailClient.tsx [Server Component]
    ./src/app/plants/[id]/page.tsx [Server Component] @ http://localhost:3001/_next/static/chunks/node_modules_next_dist_0u_w_5s._.js:1945
[    5645ms] [ERROR] ./src/lib/relatedContent.ts:11:1
Export diaries doesn't exist in target module
   9 |  */
  10 |
> 11 | import { diaries as localDiaries, diaryCategories } from "@/data/diary";
     | ^^^^^^^^^^^^^^^^^^^^^^^^^^^^^^^^^^^^^^^^^^^^^^^^^^^^^^^^^^^^^^^^^^^^^^^^
  12 | import { guides as localGuides, guideCategories } from "@/data/guides";
  13 |
  14 | export interface RelatedItem {

The export diaries was not found in module [project]/src/data/diary.ts [app-ssr] (ecmascript).
Did you mean to import diaryEntries?
All exports of the module are statically known (It doesn't have dynamic exports). So it's known statically that the requested export doesn't exist.

Import traces:
  Client Component Browser:
    ./src/lib/relatedContent.ts [Client Component Browser]
    ./src/app/plants/[id]/PlantDetailClient.tsx [Client Component Browser]
    ./src/app/plants/[id]/PlantDetailClient.tsx [Server Component]
    ./src/app/plants/[id]/page.tsx [Server Component]

  Client Component SSR:
    ./src/lib/relatedContent.ts [Client Component SSR]
    ./src/app/plants/[id]/PlantDetailClient.tsx [Client Component SSR]
    ./src/app/plants/[id]/PlantDetailClient.tsx [Server Component]
    ./src/app/plants/[id]/page.tsx [Server Component] @ http://localhost:3001/_next/static/chunks/node_modules_next_dist_0u_w_5s._.js:1945
[    5693ms] [ERROR] ./src/lib/relatedContent.ts:11:1
Export diaries doesn't exist in target module
   9 |  */
  10 |
> 11 | import { diaries as localDiaries, diaryCategories } from "@/data/diary";
     | ^^^^^^^^^^^^^^^^^^^^^^^^^^^^^^^^^^^^^^^^^^^^^^^^^^^^^^^^^^^^^^^^^^^^^^^^
  12 | import { guides as localGuides, guideCategories } from "@/data/guides";
  13 |
  14 | export interface RelatedItem {

The export diaries was not found in module [project]/src/data/diary.ts [app-client] (ecmascript).
Did you mean to import diaryEntries?
All exports of the module are statically known (It doesn't have dynamic exports). So it's known statically that the requested export doesn't exist.

Import traces:
  Client Component Browser:
    ./src/lib/relatedContent.ts [Client Component Browser]
    ./src/app/plants/[id]/PlantDetailClient.tsx [Client Component Browser]
    ./src/app/plants/[id]/PlantDetailClient.tsx [Server Component]
    ./src/app/plants/[id]/page.tsx [Server Component]

  Client Component SSR:
    ./src/lib/relatedContent.ts [Client Component SSR]
    ./src/app/plants/[id]/PlantDetailClient.tsx [Client Component SSR]
    ./src/app/plants/[id]/PlantDetailClient.tsx [Server Component]
    ./src/app/plants/[id]/page.tsx [Server Component] @ http://localhost:3001/_next/static/chunks/node_modules_next_dist_0u_w_5s._.js:1945
[    5694ms] [ERROR] ./src/lib/relatedContent.ts:11:1
Export diaries doesn't exist in target module
   9 |  */
  10 |
> 11 | import { diaries as localDiaries, diaryCategories } from "@/data/diary";
     | ^^^^^^^^^^^^^^^^^^^^^^^^^^^^^^^^^^^^^^^^^^^^^^^^^^^^^^^^^^^^^^^^^^^^^^^^
  12 | import { guides as localGuides, guideCategories } from "@/data/guides";
  13 |
  14 | export interface RelatedItem {

The export diaries was not found in module [project]/src/data/diary.ts [app-ssr] (ecmascript).
Did you mean to import diaryEntries?
All exports of the module are statically known (It doesn't have dynamic exports). So it's known statically that the requested export doesn't exist.

Import traces:
  Client Component Browser:
    ./src/lib/relatedContent.ts [Client Component Browser]
    ./src/app/plants/[id]/PlantDetailClient.tsx [Client Component Browser]
    ./src/app/plants/[id]/PlantDetailClient.tsx [Server Component]
    ./src/app/plants/[id]/page.tsx [Server Component]

  Client Component SSR:
    ./src/lib/relatedContent.ts [Client Component SSR]
    ./src/app/plants/[id]/PlantDetailClient.tsx [Client Component SSR]
    ./src/app/plants/[id]/PlantDetailClient.tsx [Server Component]
    ./src/app/plants/[id]/page.tsx [Server Component] @ http://localhost:3001/_next/static/chunks/node_modules_next_dist_0u_w_5s._.js:1945
[    5742ms] [ERROR] ./src/lib/relatedContent.ts:11:1
Export diaries doesn't exist in target module
   9 |  */
  10 |
> 11 | import { diaries as localDiaries, diaryCategories } from "@/data/diary";
     | ^^^^^^^^^^^^^^^^^^^^^^^^^^^^^^^^^^^^^^^^^^^^^^^^^^^^^^^^^^^^^^^^^^^^^^^^
  12 | import { guides as localGuides, guideCategories } from "@/data/guides";
  13 |
  14 | export interface RelatedItem {

The export diaries was not found in module [project]/src/data/diary.ts [app-client] (ecmascript).
Did you mean to import diaryEntries?
All exports of the module are statically known (It doesn't have dynamic exports). So it's known statically that the requested export doesn't exist.

Import traces:
  Client Component Browser:
    ./src/lib/relatedContent.ts [Client Component Browser]
    ./src/app/plants/[id]/PlantDetailClient.tsx [Client Component Browser]
    ./src/app/plants/[id]/PlantDetailClient.tsx [Server Component]
    ./src/app/plants/[id]/page.tsx [Server Component]

  Client Component SSR:
    ./src/lib/relatedContent.ts [Client Component SSR]
    ./src/app/plants/[id]/PlantDetailClient.tsx [Client Component SSR]
    ./src/app/plants/[id]/PlantDetailClient.tsx [Server Component]
    ./src/app/plants/[id]/page.tsx [Server Component] @ http://localhost:3001/_next/static/chunks/node_modules_next_dist_0u_w_5s._.js:1945
[    5742ms] [ERROR] ./src/lib/relatedContent.ts:11:1
Export diaries doesn't exist in target module
   9 |  */
  10 |
> 11 | import { diaries as localDiaries, diaryCategories } from "@/data/diary";
     | ^^^^^^^^^^^^^^^^^^^^^^^^^^^^^^^^^^^^^^^^^^^^^^^^^^^^^^^^^^^^^^^^^^^^^^^^
  12 | import { guides as localGuides, guideCategories } from "@/data/guides";
  13 |
  14 | export interface RelatedItem {

The export diaries was not found in module [project]/src/data/diary.ts [app-ssr] (ecmascript).
Did you mean to import diaryEntries?
All exports of the module are statically known (It doesn't have dynamic exports). So it's known statically that the requested export doesn't exist.

Import traces:
  Client Component Browser:
    ./src/lib/relatedContent.ts [Client Component Browser]
    ./src/app/plants/[id]/PlantDetailClient.tsx [Client Component Browser]
    ./src/app/plants/[id]/PlantDetailClient.tsx [Server Component]
    ./src/app/plants/[id]/page.tsx [Server Component]

  Client Component SSR:
    ./src/lib/relatedContent.ts [Client Component SSR]
    ./src/app/plants/[id]/PlantDetailClient.tsx [Client Component SSR]
    ./src/app/plants/[id]/PlantDetailClient.tsx [Server Component]
    ./src/app/plants/[id]/page.tsx [Server Component] @ http://localhost:3001/_next/static/chunks/node_modules_next_dist_0u_w_5s._.js:1945
[    5791ms] [ERROR] ./src/lib/relatedContent.ts:11:1
Export diaries doesn't exist in target module
   9 |  */
  10 |
> 11 | import { diaries as localDiaries, diaryCategories } from "@/data/diary";
     | ^^^^^^^^^^^^^^^^^^^^^^^^^^^^^^^^^^^^^^^^^^^^^^^^^^^^^^^^^^^^^^^^^^^^^^^^
  12 | import { guides as localGuides, guideCategories } from "@/data/guides";
  13 |
  14 | export interface RelatedItem {

The export diaries was not found in module [project]/src/data/diary.ts [app-client] (ecmascript).
Did you mean to import diaryEntries?
All exports of the module are statically known (It doesn't have dynamic exports). So it's known statically that the requested export doesn't exist.

Import traces:
  Client Component Browser:
    ./src/lib/relatedContent.ts [Client Component Browser]
    ./src/app/plants/[id]/PlantDetailClient.tsx [Client Component Browser]
    ./src/app/plants/[id]/PlantDetailClient.tsx [Server Component]
    ./src/app/plants/[id]/page.tsx [Server Component]

  Client Component SSR:
    ./src/lib/relatedContent.ts [Client Component SSR]
    ./src/app/plants/[id]/PlantDetailClient.tsx [Client Component SSR]
    ./src/app/plants/[id]/PlantDetailClient.tsx [Server Component]
    ./src/app/plants/[id]/page.tsx [Server Component] @ http://localhost:3001/_next/static/chunks/node_modules_next_dist_0u_w_5s._.js:1945
[    5791ms] [ERROR] ./src/lib/relatedContent.ts:11:1
Export diaries doesn't exist in target module
   9 |  */
  10 |
> 11 | import { diaries as localDiaries, diaryCategories } from "@/data/diary";
     | ^^^^^^^^^^^^^^^^^^^^^^^^^^^^^^^^^^^^^^^^^^^^^^^^^^^^^^^^^^^^^^^^^^^^^^^^
  12 | import { guides as localGuides, guideCategories } from "@/data/guides";
  13 |
  14 | export interface RelatedItem {

The export diaries was not found in module [project]/src/data/diary.ts [app-ssr] (ecmascript).
Did you mean to import diaryEntries?
All exports of the module are statically known (It doesn't have dynamic exports). So it's known statically that the requested export doesn't exist.

Import traces:
  Client Component Browser:
    ./src/lib/relatedContent.ts [Client Component Browser]
    ./src/app/plants/[id]/PlantDetailClient.tsx [Client Component Browser]
    ./src/app/plants/[id]/PlantDetailClient.tsx [Server Component]
    ./src/app/plants/[id]/page.tsx [Server Component]

  Client Component SSR:
    ./src/lib/relatedContent.ts [Client Component SSR]
    ./src/app/plants/[id]/PlantDetailClient.tsx [Client Component SSR]
    ./src/app/plants/[id]/PlantDetailClient.tsx [Server Component]
    ./src/app/plants/[id]/page.tsx [Server Component] @ http://localhost:3001/_next/static/chunks/node_modules_next_dist_0u_w_5s._.js:1945
[    5839ms] [ERROR] ./src/lib/relatedContent.ts:11:1
Export diaries doesn't exist in target module
   9 |  */
  10 |
> 11 | import { diaries as localDiaries, diaryCategories } from "@/data/diary";
     | ^^^^^^^^^^^^^^^^^^^^^^^^^^^^^^^^^^^^^^^^^^^^^^^^^^^^^^^^^^^^^^^^^^^^^^^^
  12 | import { guides as localGuides, guideCategories } from "@/data/guides";
  13 |
  14 | export interface RelatedItem {

The export diaries was not found in module [project]/src/data/diary.ts [app-client] (ecmascript).
Did you mean to import diaryEntries?
All exports of the module are statically known (It doesn't have dynamic exports). So it's known statically that the requested export doesn't exist.

Import traces:
  Client Component Browser:
    ./src/lib/relatedContent.ts [Client Component Browser]
    ./src/app/plants/[id]/PlantDetailClient.tsx [Client Component Browser]
    ./src/app/plants/[id]/PlantDetailClient.tsx [Server Component]
    ./src/app/plants/[id]/page.tsx [Server Component]

  Client Component SSR:
    ./src/lib/relatedContent.ts [Client Component SSR]
    ./src/app/plants/[id]/PlantDetailClient.tsx [Client Component SSR]
    ./src/app/plants/[id]/PlantDetailClient.tsx [Server Component]
    ./src/app/plants/[id]/page.tsx [Server Component] @ http://localhost:3001/_next/static/chunks/node_modules_next_dist_0u_w_5s._.js:1945
[    5839ms] [ERROR] ./src/lib/relatedContent.ts:11:1
Export diaries doesn't exist in target module
   9 |  */
  10 |
> 11 | import { diaries as localDiaries, diaryCategories } from "@/data/diary";
     | ^^^^^^^^^^^^^^^^^^^^^^^^^^^^^^^^^^^^^^^^^^^^^^^^^^^^^^^^^^^^^^^^^^^^^^^^
  12 | import { guides as localGuides, guideCategories } from "@/data/guides";
  13 |
  14 | export interface RelatedItem {

The export diaries was not found in module [project]/src/data/diary.ts [app-ssr] (ecmascript).
Did you mean to import diaryEntries?
All exports of the module are statically known (It doesn't have dynamic exports). So it's known statically that the requested export doesn't exist.

Import traces:
  Client Component Browser:
    ./src/lib/relatedContent.ts [Client Component Browser]
    ./src/app/plants/[id]/PlantDetailClient.tsx [Client Component Browser]
    ./src/app/plants/[id]/PlantDetailClient.tsx [Server Component]
    ./src/app/plants/[id]/page.tsx [Server Component]

  Client Component SSR:
    ./src/lib/relatedContent.ts [Client Component SSR]
    ./src/app/plants/[id]/PlantDetailClient.tsx [Client Component SSR]
    ./src/app/plants/[id]/PlantDetailClient.tsx [Server Component]
    ./src/app/plants/[id]/page.tsx [Server Component] @ http://localhost:3001/_next/static/chunks/node_modules_next_dist_0u_w_5s._.js:1945
[    5886ms] [ERROR] ./src/lib/relatedContent.ts:11:1
Export diaries doesn't exist in target module
   9 |  */
  10 |
> 11 | import { diaries as localDiaries, diaryCategories } from "@/data/diary";
     | ^^^^^^^^^^^^^^^^^^^^^^^^^^^^^^^^^^^^^^^^^^^^^^^^^^^^^^^^^^^^^^^^^^^^^^^^
  12 | import { guides as localGuides, guideCategories } from "@/data/guides";
  13 |
  14 | export interface RelatedItem {

The export diaries was not found in module [project]/src/data/diary.ts [app-client] (ecmascript).
Did you mean to import diaryEntries?
All exports of the module are statically known (It doesn't have dynamic exports). So it's known statically that the requested export doesn't exist.

Import traces:
  Client Component Browser:
    ./src/lib/relatedContent.ts [Client Component Browser]
    ./src/app/plants/[id]/PlantDetailClient.tsx [Client Component Browser]
    ./src/app/plants/[id]/PlantDetailClient.tsx [Server Component]
    ./src/app/plants/[id]/page.tsx [Server Component]

  Client Component SSR:
    ./src/lib/relatedContent.ts [Client Component SSR]
    ./src/app/plants/[id]/PlantDetailClient.tsx [Client Component SSR]
    ./src/app/plants/[id]/PlantDetailClient.tsx [Server Component]
    ./src/app/plants/[id]/page.tsx [Server Component] @ http://localhost:3001/_next/static/chunks/node_modules_next_dist_0u_w_5s._.js:1945
[    5886ms] [ERROR] ./src/lib/relatedContent.ts:11:1
Export diaries doesn't exist in target module
   9 |  */
  10 |
> 11 | import { diaries as localDiaries, diaryCategories } from "@/data/diary";
     | ^^^^^^^^^^^^^^^^^^^^^^^^^^^^^^^^^^^^^^^^^^^^^^^^^^^^^^^^^^^^^^^^^^^^^^^^
  12 | import { guides as localGuides, guideCategories } from "@/data/guides";
  13 |
  14 | export interface RelatedItem {

The export diaries was not found in module [project]/src/data/diary.ts [app-ssr] (ecmascript).
Did you mean to import diaryEntries?
All exports of the module are statically known (It doesn't have dynamic exports). So it's known statically that the requested export doesn't exist.

Import traces:
  Client Component Browser:
    ./src/lib/relatedContent.ts [Client Component Browser]
    ./src/app/plants/[id]/PlantDetailClient.tsx [Client Component Browser]
    ./src/app/plants/[id]/PlantDetailClient.tsx [Server Component]
    ./src/app/plants/[id]/page.tsx [Server Component]

  Client Component SSR:
    ./src/lib/relatedContent.ts [Client Component SSR]
    ./src/app/plants/[id]/PlantDetailClient.tsx [Client Component SSR]
    ./src/app/plants/[id]/PlantDetailClient.tsx [Server Component]
    ./src/app/plants/[id]/page.tsx [Server Component] @ http://localhost:3001/_next/static/chunks/node_modules_next_dist_0u_w_5s._.js:1945
[    5933ms] [ERROR] ./src/lib/relatedContent.ts:11:1
Export diaries doesn't exist in target module
   9 |  */
  10 |
> 11 | import { diaries as localDiaries, diaryCategories } from "@/data/diary";
     | ^^^^^^^^^^^^^^^^^^^^^^^^^^^^^^^^^^^^^^^^^^^^^^^^^^^^^^^^^^^^^^^^^^^^^^^^
  12 | import { guides as localGuides, guideCategories } from "@/data/guides";
  13 |
  14 | export interface RelatedItem {

The export diaries was not found in module [project]/src/data/diary.ts [app-client] (ecmascript).
Did you mean to import diaryEntries?
All exports of the module are statically known (It doesn't have dynamic exports). So it's known statically that the requested export doesn't exist.

Import traces:
  Client Component Browser:
    ./src/lib/relatedContent.ts [Client Component Browser]
    ./src/app/plants/[id]/PlantDetailClient.tsx [Client Component Browser]
    ./src/app/plants/[id]/PlantDetailClient.tsx [Server Component]
    ./src/app/plants/[id]/page.tsx [Server Component]

  Client Component SSR:
    ./src/lib/relatedContent.ts [Client Component SSR]
    ./src/app/plants/[id]/PlantDetailClient.tsx [Client Component SSR]
    ./src/app/plants/[id]/PlantDetailClient.tsx [Server Component]
    ./src/app/plants/[id]/page.tsx [Server Component] @ http://localhost:3001/_next/static/chunks/node_modules_next_dist_0u_w_5s._.js:1945
[    5933ms] [ERROR] ./src/lib/relatedContent.ts:11:1
Export diaries doesn't exist in target module
   9 |  */
  10 |
> 11 | import { diaries as localDiaries, diaryCategories } from "@/data/diary";
     | ^^^^^^^^^^^^^^^^^^^^^^^^^^^^^^^^^^^^^^^^^^^^^^^^^^^^^^^^^^^^^^^^^^^^^^^^
  12 | import { guides as localGuides, guideCategories } from "@/data/guides";
  13 |
  14 | export interface RelatedItem {

The export diaries was not found in module [project]/src/data/diary.ts [app-ssr] (ecmascript).
Did you mean to import diaryEntries?
All exports of the module are statically known (It doesn't have dynamic exports). So it's known statically that the requested export doesn't exist.

Import traces:
  Client Component Browser:
    ./src/lib/relatedContent.ts [Client Component Browser]
    ./src/app/plants/[id]/PlantDetailClient.tsx [Client Component Browser]
    ./src/app/plants/[id]/PlantDetailClient.tsx [Server Component]
    ./src/app/plants/[id]/page.tsx [Server Component]

  Client Component SSR:
    ./src/lib/relatedContent.ts [Client Component SSR]
    ./src/app/plants/[id]/PlantDetailClient.tsx [Client Component SSR]
    ./src/app/plants/[id]/PlantDetailClient.tsx [Server Component]
    ./src/app/plants/[id]/page.tsx [Server Component] @ http://localhost:3001/_next/static/chunks/node_modules_next_dist_0u_w_5s._.js:1945
[    5978ms] [ERROR] ./src/lib/relatedContent.ts:11:1
Export diaries doesn't exist in target module
   9 |  */
  10 |
> 11 | import { diaries as localDiaries, diaryCategories } from "@/data/diary";
     | ^^^^^^^^^^^^^^^^^^^^^^^^^^^^^^^^^^^^^^^^^^^^^^^^^^^^^^^^^^^^^^^^^^^^^^^^
  12 | import { guides as localGuides, guideCategories } from "@/data/guides";
  13 |
  14 | export interface RelatedItem {

The export diaries was not found in module [project]/src/data/diary.ts [app-client] (ecmascript).
Did you mean to import diaryEntries?
All exports of the module are statically known (It doesn't have dynamic exports). So it's known statically that the requested export doesn't exist.

Import traces:
  Client Component Browser:
    ./src/lib/relatedContent.ts [Client Component Browser]
    ./src/app/plants/[id]/PlantDetailClient.tsx [Client Component Browser]
    ./src/app/plants/[id]/PlantDetailClient.tsx [Server Component]
    ./src/app/plants/[id]/page.tsx [Server Component]

  Client Component SSR:
    ./src/lib/relatedContent.ts [Client Component SSR]
    ./src/app/plants/[id]/PlantDetailClient.tsx [Client Component SSR]
    ./src/app/plants/[id]/PlantDetailClient.tsx [Server Component]
    ./src/app/plants/[id]/page.tsx [Server Component] @ http://localhost:3001/_next/static/chunks/node_modules_next_dist_0u_w_5s._.js:1945
[    5978ms] [ERROR] ./src/lib/relatedContent.ts:11:1
Export diaries doesn't exist in target module
   9 |  */
  10 |
> 11 | import { diaries as localDiaries, diaryCategories } from "@/data/diary";
     | ^^^^^^^^^^^^^^^^^^^^^^^^^^^^^^^^^^^^^^^^^^^^^^^^^^^^^^^^^^^^^^^^^^^^^^^^
  12 | import { guides as localGuides, guideCategories } from "@/data/guides";
  13 |
  14 | export interface RelatedItem {

The export diaries was not found in module [project]/src/data/diary.ts [app-ssr] (ecmascript).
Did you mean to import diaryEntries?
All exports of the module are statically known (It doesn't have dynamic exports). So it's known statically that the requested export doesn't exist.

Import traces:
  Client Component Browser:
    ./src/lib/relatedContent.ts [Client Component Browser]
    ./src/app/plants/[id]/PlantDetailClient.tsx [Client Component Browser]
    ./src/app/plants/[id]/PlantDetailClient.tsx [Server Component]
    ./src/app/plants/[id]/page.tsx [Server Component]

  Client Component SSR:
    ./src/lib/relatedContent.ts [Client Component SSR]
    ./src/app/plants/[id]/PlantDetailClient.tsx [Client Component SSR]
    ./src/app/plants/[id]/PlantDetailClient.tsx [Server Component]
    ./src/app/plants/[id]/page.tsx [Server Component] @ http://localhost:3001/_next/static/chunks/node_modules_next_dist_0u_w_5s._.js:1945
[    6023ms] [ERROR] ./src/lib/relatedContent.ts:11:1
Export diaries doesn't exist in target module
   9 |  */
  10 |
> 11 | import { diaries as localDiaries, diaryCategories } from "@/data/diary";
     | ^^^^^^^^^^^^^^^^^^^^^^^^^^^^^^^^^^^^^^^^^^^^^^^^^^^^^^^^^^^^^^^^^^^^^^^^
  12 | import { guides as localGuides, guideCategories } from "@/data/guides";
  13 |
  14 | export interface RelatedItem {

The export diaries was not found in module [project]/src/data/diary.ts [app-client] (ecmascript).
Did you mean to import diaryEntries?
All exports of the module are statically known (It doesn't have dynamic exports). So it's known statically that the requested export doesn't exist.

Import traces:
  Client Component Browser:
    ./src/lib/relatedContent.ts [Client Component Browser]
    ./src/app/plants/[id]/PlantDetailClient.tsx [Client Component Browser]
    ./src/app/plants/[id]/PlantDetailClient.tsx [Server Component]
    ./src/app/plants/[id]/page.tsx [Server Component]

  Client Component SSR:
    ./src/lib/relatedContent.ts [Client Component SSR]
    ./src/app/plants/[id]/PlantDetailClient.tsx [Client Component SSR]
    ./src/app/plants/[id]/PlantDetailClient.tsx [Server Component]
    ./src/app/plants/[id]/page.tsx [Server Component] @ http://localhost:3001/_next/static/chunks/node_modules_next_dist_0u_w_5s._.js:1945
[    6023ms] [ERROR] ./src/lib/relatedContent.ts:11:1
Export diaries doesn't exist in target module
   9 |  */
  10 |
> 11 | import { diaries as localDiaries, diaryCategories } from "@/data/diary";
     | ^^^^^^^^^^^^^^^^^^^^^^^^^^^^^^^^^^^^^^^^^^^^^^^^^^^^^^^^^^^^^^^^^^^^^^^^
  12 | import { guides as localGuides, guideCategories } from "@/data/guides";
  13 |
  14 | export interface RelatedItem {

The export diaries was not found in module [project]/src/data/diary.ts [app-ssr] (ecmascript).
Did you mean to import diaryEntries?
All exports of the module are statically known (It doesn't have dynamic exports). So it's known statically that the requested export doesn't exist.

Import traces:
  Client Component Browser:
    ./src/lib/relatedContent.ts [Client Component Browser]
    ./src/app/plants/[id]/PlantDetailClient.tsx [Client Component Browser]
    ./src/app/plants/[id]/PlantDetailClient.tsx [Server Component]
    ./src/app/plants/[id]/page.tsx [Server Component]

  Client Component SSR:
    ./src/lib/relatedContent.ts [Client Component SSR]
    ./src/app/plants/[id]/PlantDetailClient.tsx [Client Component SSR]
    ./src/app/plants/[id]/PlantDetailClient.tsx [Server Component]
    ./src/app/plants/[id]/page.tsx [Server Component] @ http://localhost:3001/_next/static/chunks/node_modules_next_dist_0u_w_5s._.js:1945
[    6070ms] [ERROR] ./src/lib/relatedContent.ts:11:1
Export diaries doesn't exist in target module
   9 |  */
  10 |
> 11 | import { diaries as localDiaries, diaryCategories } from "@/data/diary";
     | ^^^^^^^^^^^^^^^^^^^^^^^^^^^^^^^^^^^^^^^^^^^^^^^^^^^^^^^^^^^^^^^^^^^^^^^^
  12 | import { guides as localGuides, guideCategories } from "@/data/guides";
  13 |
  14 | export interface RelatedItem {

The export diaries was not found in module [project]/src/data/diary.ts [app-client] (ecmascript).
Did you mean to import diaryEntries?
All exports of the module are statically known (It doesn't have dynamic exports). So it's known statically that the requested export doesn't exist.

Import traces:
  Client Component Browser:
    ./src/lib/relatedContent.ts [Client Component Browser]
    ./src/app/plants/[id]/PlantDetailClient.tsx [Client Component Browser]
    ./src/app/plants/[id]/PlantDetailClient.tsx [Server Component]
    ./src/app/plants/[id]/page.tsx [Server Component]

  Client Component SSR:
    ./src/lib/relatedContent.ts [Client Component SSR]
    ./src/app/plants/[id]/PlantDetailClient.tsx [Client Component SSR]
    ./src/app/plants/[id]/PlantDetailClient.tsx [Server Component]
    ./src/app/plants/[id]/page.tsx [Server Component] @ http://localhost:3001/_next/static/chunks/node_modules_next_dist_0u_w_5s._.js:1945
[    6070ms] [ERROR] ./src/lib/relatedContent.ts:11:1
Export diaries doesn't exist in target module
   9 |  */
  10 |
> 11 | import { diaries as localDiaries, diaryCategories } from "@/data/diary";
     | ^^^^^^^^^^^^^^^^^^^^^^^^^^^^^^^^^^^^^^^^^^^^^^^^^^^^^^^^^^^^^^^^^^^^^^^^
  12 | import { guides as localGuides, guideCategories } from "@/data/guides";
  13 |
  14 | export interface RelatedItem {

The export diaries was not found in module [project]/src/data/diary.ts [app-ssr] (ecmascript).
Did you mean to import diaryEntries?
All exports of the module are statically known (It doesn't have dynamic exports). So it's known statically that the requested export doesn't exist.

Import traces:
  Client Component Browser:
    ./src/lib/relatedContent.ts [Client Component Browser]
    ./src/app/plants/[id]/PlantDetailClient.tsx [Client Component Browser]
    ./src/app/plants/[id]/PlantDetailClient.tsx [Server Component]
    ./src/app/plants/[id]/page.tsx [Server Component]

  Client Component SSR:
    ./src/lib/relatedContent.ts [Client Component SSR]
    ./src/app/plants/[id]/PlantDetailClient.tsx [Client Component SSR]
    ./src/app/plants/[id]/PlantDetailClient.tsx [Server Component]
    ./src/app/plants/[id]/page.tsx [Server Component] @ http://localhost:3001/_next/static/chunks/node_modules_next_dist_0u_w_5s._.js:1945
[    6117ms] [ERROR] ./src/lib/relatedContent.ts:11:1
Export diaries doesn't exist in target module
   9 |  */
  10 |
> 11 | import { diaries as localDiaries, diaryCategories } from "@/data/diary";
     | ^^^^^^^^^^^^^^^^^^^^^^^^^^^^^^^^^^^^^^^^^^^^^^^^^^^^^^^^^^^^^^^^^^^^^^^^
  12 | import { guides as localGuides, guideCategories } from "@/data/guides";
  13 |
  14 | export interface RelatedItem {

The export diaries was not found in module [project]/src/data/diary.ts [app-client] (ecmascript).
Did you mean to import diaryEntries?
All exports of the module are statically known (It doesn't have dynamic exports). So it's known statically that the requested export doesn't exist.

Import traces:
  Client Component Browser:
    ./src/lib/relatedContent.ts [Client Component Browser]
    ./src/app/plants/[id]/PlantDetailClient.tsx [Client Component Browser]
    ./src/app/plants/[id]/PlantDetailClient.tsx [Server Component]
    ./src/app/plants/[id]/page.tsx [Server Component]

  Client Component SSR:
    ./src/lib/relatedContent.ts [Client Component SSR]
    ./src/app/plants/[id]/PlantDetailClient.tsx [Client Component SSR]
    ./src/app/plants/[id]/PlantDetailClient.tsx [Server Component]
    ./src/app/plants/[id]/page.tsx [Server Component] @ http://localhost:3001/_next/static/chunks/node_modules_next_dist_0u_w_5s._.js:1945
[    6117ms] [ERROR] ./src/lib/relatedContent.ts:11:1
Export diaries doesn't exist in target module
   9 |  */
  10 |
> 11 | import { diaries as localDiaries, diaryCategories } from "@/data/diary";
     | ^^^^^^^^^^^^^^^^^^^^^^^^^^^^^^^^^^^^^^^^^^^^^^^^^^^^^^^^^^^^^^^^^^^^^^^^
  12 | import { guides as localGuides, guideCategories } from "@/data/guides";
  13 |
  14 | export interface RelatedItem {

The export diaries was not found in module [project]/src/data/diary.ts [app-ssr] (ecmascript).
Did you mean to import diaryEntries?
All exports of the module are statically known (It doesn't have dynamic exports). So it's known statically that the requested export doesn't exist.

Import traces:
  Client Component Browser:
    ./src/lib/relatedContent.ts [Client Component Browser]
    ./src/app/plants/[id]/PlantDetailClient.tsx [Client Component Browser]
    ./src/app/plants/[id]/PlantDetailClient.tsx [Server Component]
    ./src/app/plants/[id]/page.tsx [Server Component]

  Client Component SSR:
    ./src/lib/relatedContent.ts [Client Component SSR]
    ./src/app/plants/[id]/PlantDetailClient.tsx [Client Component SSR]
    ./src/app/plants/[id]/PlantDetailClient.tsx [Server Component]
    ./src/app/plants/[id]/page.tsx [Server Component] @ http://localhost:3001/_next/static/chunks/node_modules_next_dist_0u_w_5s._.js:1945
[    6164ms] [ERROR] ./src/lib/relatedContent.ts:11:1
Export diaries doesn't exist in target module
   9 |  */
  10 |
> 11 | import { diaries as localDiaries, diaryCategories } from "@/data/diary";
     | ^^^^^^^^^^^^^^^^^^^^^^^^^^^^^^^^^^^^^^^^^^^^^^^^^^^^^^^^^^^^^^^^^^^^^^^^
  12 | import { guides as localGuides, guideCategories } from "@/data/guides";
  13 |
  14 | export interface RelatedItem {

The export diaries was not found in module [project]/src/data/diary.ts [app-client] (ecmascript).
Did you mean to import diaryEntries?
All exports of the module are statically known (It doesn't have dynamic exports). So it's known statically that the requested export doesn't exist.

Import traces:
  Client Component Browser:
    ./src/lib/relatedContent.ts [Client Component Browser]
    ./src/app/plants/[id]/PlantDetailClient.tsx [Client Component Browser]
    ./src/app/plants/[id]/PlantDetailClient.tsx [Server Component]
    ./src/app/plants/[id]/page.tsx [Server Component]

  Client Component SSR:
    ./src/lib/relatedContent.ts [Client Component SSR]
    ./src/app/plants/[id]/PlantDetailClient.tsx [Client Component SSR]
    ./src/app/plants/[id]/PlantDetailClient.tsx [Server Component]
    ./src/app/plants/[id]/page.tsx [Server Component] @ http://localhost:3001/_next/static/chunks/node_modules_next_dist_0u_w_5s._.js:1945
[    6165ms] [ERROR] ./src/lib/relatedContent.ts:11:1
Export diaries doesn't exist in target module
   9 |  */
  10 |
> 11 | import { diaries as localDiaries, diaryCategories } from "@/data/diary";
     | ^^^^^^^^^^^^^^^^^^^^^^^^^^^^^^^^^^^^^^^^^^^^^^^^^^^^^^^^^^^^^^^^^^^^^^^^
  12 | import { guides as localGuides, guideCategories } from "@/data/guides";
  13 |
  14 | export interface RelatedItem {

The export diaries was not found in module [project]/src/data/diary.ts [app-ssr] (ecmascript).
Did you mean to import diaryEntries?
All exports of the module are statically known (It doesn't have dynamic exports). So it's known statically that the requested export doesn't exist.

Import traces:
  Client Component Browser:
    ./src/lib/relatedContent.ts [Client Component Browser]
    ./src/app/plants/[id]/PlantDetailClient.tsx [Client Component Browser]
    ./src/app/plants/[id]/PlantDetailClient.tsx [Server Component]
    ./src/app/plants/[id]/page.tsx [Server Component]

  Client Component SSR:
    ./src/lib/relatedContent.ts [Client Component SSR]
    ./src/app/plants/[id]/PlantDetailClient.tsx [Client Component SSR]
    ./src/app/plants/[id]/PlantDetailClient.tsx [Server Component]
    ./src/app/plants/[id]/page.tsx [Server Component] @ http://localhost:3001/_next/static/chunks/node_modules_next_dist_0u_w_5s._.js:1945
[    6211ms] [ERROR] ./src/lib/relatedContent.ts:11:1
Export diaries doesn't exist in target module
   9 |  */
  10 |
> 11 | import { diaries as localDiaries, diaryCategories } from "@/data/diary";
     | ^^^^^^^^^^^^^^^^^^^^^^^^^^^^^^^^^^^^^^^^^^^^^^^^^^^^^^^^^^^^^^^^^^^^^^^^
  12 | import { guides as localGuides, guideCategories } from "@/data/guides";
  13 |
  14 | export interface RelatedItem {

The export diaries was not found in module [project]/src/data/diary.ts [app-client] (ecmascript).
Did you mean to import diaryEntries?
All exports of the module are statically known (It doesn't have dynamic exports). So it's known statically that the requested export doesn't exist.

Import traces:
  Client Component Browser:
    ./src/lib/relatedContent.ts [Client Component Browser]
    ./src/app/plants/[id]/PlantDetailClient.tsx [Client Component Browser]
    ./src/app/plants/[id]/PlantDetailClient.tsx [Server Component]
    ./src/app/plants/[id]/page.tsx [Server Component]

  Client Component SSR:
    ./src/lib/relatedContent.ts [Client Component SSR]
    ./src/app/plants/[id]/PlantDetailClient.tsx [Client Component SSR]
    ./src/app/plants/[id]/PlantDetailClient.tsx [Server Component]
    ./src/app/plants/[id]/page.tsx [Server Component] @ http://localhost:3001/_next/static/chunks/node_modules_next_dist_0u_w_5s._.js:1945
[    6211ms] [ERROR] ./src/lib/relatedContent.ts:11:1
Export diaries doesn't exist in target module
   9 |  */
  10 |
> 11 | import { diaries as localDiaries, diaryCategories } from "@/data/diary";
     | ^^^^^^^^^^^^^^^^^^^^^^^^^^^^^^^^^^^^^^^^^^^^^^^^^^^^^^^^^^^^^^^^^^^^^^^^
  12 | import { guides as localGuides, guideCategories } from "@/data/guides";
  13 |
  14 | export interface RelatedItem {

The export diaries was not found in module [project]/src/data/diary.ts [app-ssr] (ecmascript).
Did you mean to import diaryEntries?
All exports of the module are statically known (It doesn't have dynamic exports). So it's known statically that the requested export doesn't exist.

Import traces:
  Client Component Browser:
    ./src/lib/relatedContent.ts [Client Component Browser]
    ./src/app/plants/[id]/PlantDetailClient.tsx [Client Component Browser]
    ./src/app/plants/[id]/PlantDetailClient.tsx [Server Component]
    ./src/app/plants/[id]/page.tsx [Server Component]

  Client Component SSR:
    ./src/lib/relatedContent.ts [Client Component SSR]
    ./src/app/plants/[id]/PlantDetailClient.tsx [Client Component SSR]
    ./src/app/plants/[id]/PlantDetailClient.tsx [Server Component]
    ./src/app/plants/[id]/page.tsx [Server Component] @ http://localhost:3001/_next/static/chunks/node_modules_next_dist_0u_w_5s._.js:1945
[    6261ms] [ERROR] ./src/lib/relatedContent.ts:11:1
Export diaries doesn't exist in target module
   9 |  */
  10 |
> 11 | import { diaries as localDiaries, diaryCategories } from "@/data/diary";
     | ^^^^^^^^^^^^^^^^^^^^^^^^^^^^^^^^^^^^^^^^^^^^^^^^^^^^^^^^^^^^^^^^^^^^^^^^
  12 | import { guides as localGuides, guideCategories } from "@/data/guides";
  13 |
  14 | export interface RelatedItem {

The export diaries was not found in module [project]/src/data/diary.ts [app-client] (ecmascript).
Did you mean to import diaryEntries?
All exports of the module are statically known (It doesn't have dynamic exports). So it's known statically that the requested export doesn't exist.

Import traces:
  Client Component Browser:
    ./src/lib/relatedContent.ts [Client Component Browser]
    ./src/app/plants/[id]/PlantDetailClient.tsx [Client Component Browser]
    ./src/app/plants/[id]/PlantDetailClient.tsx [Server Component]
    ./src/app/plants/[id]/page.tsx [Server Component]

  Client Component SSR:
    ./src/lib/relatedContent.ts [Client Component SSR]
    ./src/app/plants/[id]/PlantDetailClient.tsx [Client Component SSR]
    ./src/app/plants/[id]/PlantDetailClient.tsx [Server Component]
    ./src/app/plants/[id]/page.tsx [Server Component] @ http://localhost:3001/_next/static/chunks/node_modules_next_dist_0u_w_5s._.js:1945
[    6261ms] [ERROR] ./src/lib/relatedContent.ts:11:1
Export diaries doesn't exist in target module
   9 |  */
  10 |
> 11 | import { diaries as localDiaries, diaryCategories } from "@/data/diary";
     | ^^^^^^^^^^^^^^^^^^^^^^^^^^^^^^^^^^^^^^^^^^^^^^^^^^^^^^^^^^^^^^^^^^^^^^^^
  12 | import { guides as localGuides, guideCategories } from "@/data/guides";
  13 |
  14 | export interface RelatedItem {

The export diaries was not found in module [project]/src/data/diary.ts [app-ssr] (ecmascript).
Did you mean to import diaryEntries?
All exports of the module are statically known (It doesn't have dynamic exports). So it's known statically that the requested export doesn't exist.

Import traces:
  Client Component Browser:
    ./src/lib/relatedContent.ts [Client Component Browser]
    ./src/app/plants/[id]/PlantDetailClient.tsx [Client Component Browser]
    ./src/app/plants/[id]/PlantDetailClient.tsx [Server Component]
    ./src/app/plants/[id]/page.tsx [Server Component]

  Client Component SSR:
    ./src/lib/relatedContent.ts [Client Component SSR]
    ./src/app/plants/[id]/PlantDetailClient.tsx [Client Component SSR]
    ./src/app/plants/[id]/PlantDetailClient.tsx [Server Component]
    ./src/app/plants/[id]/page.tsx [Server Component] @ http://localhost:3001/_next/static/chunks/node_modules_next_dist_0u_w_5s._.js:1945
[    6311ms] [ERROR] ./src/lib/relatedContent.ts:11:1
Export diaries doesn't exist in target module
   9 |  */
  10 |
> 11 | import { diaries as localDiaries, diaryCategories } from "@/data/diary";
     | ^^^^^^^^^^^^^^^^^^^^^^^^^^^^^^^^^^^^^^^^^^^^^^^^^^^^^^^^^^^^^^^^^^^^^^^^
  12 | import { guides as localGuides, guideCategories } from "@/data/guides";
  13 |
  14 | export interface RelatedItem {

The export diaries was not found in module [project]/src/data/diary.ts [app-client] (ecmascript).
Did you mean to import diaryEntries?
All exports of the module are statically known (It doesn't have dynamic exports). So it's known statically that the requested export doesn't exist.

Import traces:
  Client Component Browser:
    ./src/lib/relatedContent.ts [Client Component Browser]
    ./src/app/plants/[id]/PlantDetailClient.tsx [Client Component Browser]
    ./src/app/plants/[id]/PlantDetailClient.tsx [Server Component]
    ./src/app/plants/[id]/page.tsx [Server Component]

  Client Component SSR:
    ./src/lib/relatedContent.ts [Client Component SSR]
    ./src/app/plants/[id]/PlantDetailClient.tsx [Client Component SSR]
    ./src/app/plants/[id]/PlantDetailClient.tsx [Server Component]
    ./src/app/plants/[id]/page.tsx [Server Component] @ http://localhost:3001/_next/static/chunks/node_modules_next_dist_0u_w_5s._.js:1945
[    6311ms] [ERROR] ./src/lib/relatedContent.ts:11:1
Export diaries doesn't exist in target module
   9 |  */
  10 |
> 11 | import { diaries as localDiaries, diaryCategories } from "@/data/diary";
     | ^^^^^^^^^^^^^^^^^^^^^^^^^^^^^^^^^^^^^^^^^^^^^^^^^^^^^^^^^^^^^^^^^^^^^^^^
  12 | import { guides as localGuides, guideCategories } from "@/data/guides";
  13 |
  14 | export interface RelatedItem {

The export diaries was not found in module [project]/src/data/diary.ts [app-ssr] (ecmascript).
Did you mean to import diaryEntries?
All exports of the module are statically known (It doesn't have dynamic exports). So it's known statically that the requested export doesn't exist.

Import traces:
  Client Component Browser:
    ./src/lib/relatedContent.ts [Client Component Browser]
    ./src/app/plants/[id]/PlantDetailClient.tsx [Client Component Browser]
    ./src/app/plants/[id]/PlantDetailClient.tsx [Server Component]
    ./src/app/plants/[id]/page.tsx [Server Component]

  Client Component SSR:
    ./src/lib/relatedContent.ts [Client Component SSR]
    ./src/app/plants/[id]/PlantDetailClient.tsx [Client Component SSR]
    ./src/app/plants/[id]/PlantDetailClient.tsx [Server Component]
    ./src/app/plants/[id]/page.tsx [Server Component] @ http://localhost:3001/_next/static/chunks/node_modules_next_dist_0u_w_5s._.js:1945
[    6360ms] [ERROR] ./src/lib/relatedContent.ts:11:1
Export diaries doesn't exist in target module
   9 |  */
  10 |
> 11 | import { diaries as localDiaries, diaryCategories } from "@/data/diary";
     | ^^^^^^^^^^^^^^^^^^^^^^^^^^^^^^^^^^^^^^^^^^^^^^^^^^^^^^^^^^^^^^^^^^^^^^^^
  12 | import { guides as localGuides, guideCategories } from "@/data/guides";
  13 |
  14 | export interface RelatedItem {

The export diaries was not found in module [project]/src/data/diary.ts [app-client] (ecmascript).
Did you mean to import diaryEntries?
All exports of the module are statically known (It doesn't have dynamic exports). So it's known statically that the requested export doesn't exist.

Import traces:
  Client Component Browser:
    ./src/lib/relatedContent.ts [Client Component Browser]
    ./src/app/plants/[id]/PlantDetailClient.tsx [Client Component Browser]
    ./src/app/plants/[id]/PlantDetailClient.tsx [Server Component]
    ./src/app/plants/[id]/page.tsx [Server Component]

  Client Component SSR:
    ./src/lib/relatedContent.ts [Client Component SSR]
    ./src/app/plants/[id]/PlantDetailClient.tsx [Client Component SSR]
    ./src/app/plants/[id]/PlantDetailClient.tsx [Server Component]
    ./src/app/plants/[id]/page.tsx [Server Component] @ http://localhost:3001/_next/static/chunks/node_modules_next_dist_0u_w_5s._.js:1945
[    6360ms] [ERROR] ./src/lib/relatedContent.ts:11:1
Export diaries doesn't exist in target module
   9 |  */
  10 |
> 11 | import { diaries as localDiaries, diaryCategories } from "@/data/diary";
     | ^^^^^^^^^^^^^^^^^^^^^^^^^^^^^^^^^^^^^^^^^^^^^^^^^^^^^^^^^^^^^^^^^^^^^^^^
  12 | import { guides as localGuides, guideCategories } from "@/data/guides";
  13 |
  14 | export interface RelatedItem {

The export diaries was not found in module [project]/src/data/diary.ts [app-ssr] (ecmascript).
Did you mean to import diaryEntries?
All exports of the module are statically known (It doesn't have dynamic exports). So it's known statically that the requested export doesn't exist.

Import traces:
  Client Component Browser:
    ./src/lib/relatedContent.ts [Client Component Browser]
    ./src/app/plants/[id]/PlantDetailClient.tsx [Client Component Browser]
    ./src/app/plants/[id]/PlantDetailClient.tsx [Server Component]
    ./src/app/plants/[id]/page.tsx [Server Component]

  Client Component SSR:
    ./src/lib/relatedContent.ts [Client Component SSR]
    ./src/app/plants/[id]/PlantDetailClient.tsx [Client Component SSR]
    ./src/app/plants/[id]/PlantDetailClient.tsx [Server Component]
    ./src/app/plants/[id]/page.tsx [Server Component] @ http://localhost:3001/_next/static/chunks/node_modules_next_dist_0u_w_5s._.js:1945
[    6409ms] [ERROR] ./src/lib/relatedContent.ts:11:1
Export diaries doesn't exist in target module
   9 |  */
  10 |
> 11 | import { diaries as localDiaries, diaryCategories } from "@/data/diary";
     | ^^^^^^^^^^^^^^^^^^^^^^^^^^^^^^^^^^^^^^^^^^^^^^^^^^^^^^^^^^^^^^^^^^^^^^^^
  12 | import { guides as localGuides, guideCategories } from "@/data/guides";
  13 |
  14 | export interface RelatedItem {

The export diaries was not found in module [project]/src/data/diary.ts [app-client] (ecmascript).
Did you mean to import diaryEntries?
All exports of the module are statically known (It doesn't have dynamic exports). So it's known statically that the requested export doesn't exist.

Import traces:
  Client Component Browser:
    ./src/lib/relatedContent.ts [Client Component Browser]
    ./src/app/plants/[id]/PlantDetailClient.tsx [Client Component Browser]
    ./src/app/plants/[id]/PlantDetailClient.tsx [Server Component]
    ./src/app/plants/[id]/page.tsx [Server Component]

  Client Component SSR:
    ./src/lib/relatedContent.ts [Client Component SSR]
    ./src/app/plants/[id]/PlantDetailClient.tsx [Client Component SSR]
    ./src/app/plants/[id]/PlantDetailClient.tsx [Server Component]
    ./src/app/plants/[id]/page.tsx [Server Component] @ http://localhost:3001/_next/static/chunks/node_modules_next_dist_0u_w_5s._.js:1945
[    6409ms] [ERROR] ./src/lib/relatedContent.ts:11:1
Export diaries doesn't exist in target module
   9 |  */
  10 |
> 11 | import { diaries as localDiaries, diaryCategories } from "@/data/diary";
     | ^^^^^^^^^^^^^^^^^^^^^^^^^^^^^^^^^^^^^^^^^^^^^^^^^^^^^^^^^^^^^^^^^^^^^^^^
  12 | import { guides as localGuides, guideCategories } from "@/data/guides";
  13 |
  14 | export interface RelatedItem {

The export diaries was not found in module [project]/src/data/diary.ts [app-ssr] (ecmascript).
Did you mean to import diaryEntries?
All exports of the module are statically known (It doesn't have dynamic exports). So it's known statically that the requested export doesn't exist.

Import traces:
  Client Component Browser:
    ./src/lib/relatedContent.ts [Client Component Browser]
    ./src/app/plants/[id]/PlantDetailClient.tsx [Client Component Browser]
    ./src/app/plants/[id]/PlantDetailClient.tsx [Server Component]
    ./src/app/plants/[id]/page.tsx [Server Component]

  Client Component SSR:
    ./src/lib/relatedContent.ts [Client Component SSR]
    ./src/app/plants/[id]/PlantDetailClient.tsx [Client Component SSR]
    ./src/app/plants/[id]/PlantDetailClient.tsx [Server Component]
    ./src/app/plants/[id]/page.tsx [Server Component] @ http://localhost:3001/_next/static/chunks/node_modules_next_dist_0u_w_5s._.js:1945
[    6458ms] [ERROR] ./src/lib/relatedContent.ts:11:1
Export diaries doesn't exist in target module
   9 |  */
  10 |
> 11 | import { diaries as localDiaries, diaryCategories } from "@/data/diary";
     | ^^^^^^^^^^^^^^^^^^^^^^^^^^^^^^^^^^^^^^^^^^^^^^^^^^^^^^^^^^^^^^^^^^^^^^^^
  12 | import { guides as localGuides, guideCategories } from "@/data/guides";
  13 |
  14 | export interface RelatedItem {

The export diaries was not found in module [project]/src/data/diary.ts [app-client] (ecmascript).
Did you mean to import diaryEntries?
All exports of the module are statically known (It doesn't have dynamic exports). So it's known statically that the requested export doesn't exist.

Import traces:
  Client Component Browser:
    ./src/lib/relatedContent.ts [Client Component Browser]
    ./src/app/plants/[id]/PlantDetailClient.tsx [Client Component Browser]
    ./src/app/plants/[id]/PlantDetailClient.tsx [Server Component]
    ./src/app/plants/[id]/page.tsx [Server Component]

  Client Component SSR:
    ./src/lib/relatedContent.ts [Client Component SSR]
    ./src/app/plants/[id]/PlantDetailClient.tsx [Client Component SSR]
    ./src/app/plants/[id]/PlantDetailClient.tsx [Server Component]
    ./src/app/plants/[id]/page.tsx [Server Component] @ http://localhost:3001/_next/static/chunks/node_modules_next_dist_0u_w_5s._.js:1945
[    6458ms] [ERROR] ./src/lib/relatedContent.ts:11:1
Export diaries doesn't exist in target module
   9 |  */
  10 |
> 11 | import { diaries as localDiaries, diaryCategories } from "@/data/diary";
     | ^^^^^^^^^^^^^^^^^^^^^^^^^^^^^^^^^^^^^^^^^^^^^^^^^^^^^^^^^^^^^^^^^^^^^^^^
  12 | import { guides as localGuides, guideCategories } from "@/data/guides";
  13 |
  14 | export interface RelatedItem {

The export diaries was not found in module [project]/src/data/diary.ts [app-ssr] (ecmascript).
Did you mean to import diaryEntries?
All exports of the module are statically known (It doesn't have dynamic exports). So it's known statically that the requested export doesn't exist.

Import traces:
  Client Component Browser:
    ./src/lib/relatedContent.ts [Client Component Browser]
    ./src/app/plants/[id]/PlantDetailClient.tsx [Client Component Browser]
    ./src/app/plants/[id]/PlantDetailClient.tsx [Server Component]
    ./src/app/plants/[id]/page.tsx [Server Component]

  Client Component SSR:
    ./src/lib/relatedContent.ts [Client Component SSR]
    ./src/app/plants/[id]/PlantDetailClient.tsx [Client Component SSR]
    ./src/app/plants/[id]/PlantDetailClient.tsx [Server Component]
    ./src/app/plants/[id]/page.tsx [Server Component] @ http://localhost:3001/_next/static/chunks/node_modules_next_dist_0u_w_5s._.js:1945
[    6505ms] [ERROR] ./src/lib/relatedContent.ts:11:1
Export diaries doesn't exist in target module
   9 |  */
  10 |
> 11 | import { diaries as localDiaries, diaryCategories } from "@/data/diary";
     | ^^^^^^^^^^^^^^^^^^^^^^^^^^^^^^^^^^^^^^^^^^^^^^^^^^^^^^^^^^^^^^^^^^^^^^^^
  12 | import { guides as localGuides, guideCategories } from "@/data/guides";
  13 |
  14 | export interface RelatedItem {

The export diaries was not found in module [project]/src/data/diary.ts [app-client] (ecmascript).
Did you mean to import diaryEntries?
All exports of the module are statically known (It doesn't have dynamic exports). So it's known statically that the requested export doesn't exist.

Import traces:
  Client Component Browser:
    ./src/lib/relatedContent.ts [Client Component Browser]
    ./src/app/plants/[id]/PlantDetailClient.tsx [Client Component Browser]
    ./src/app/plants/[id]/PlantDetailClient.tsx [Server Component]
    ./src/app/plants/[id]/page.tsx [Server Component]

  Client Component SSR:
    ./src/lib/relatedContent.ts [Client Component SSR]
    ./src/app/plants/[id]/PlantDetailClient.tsx [Client Component SSR]
    ./src/app/plants/[id]/PlantDetailClient.tsx [Server Component]
    ./src/app/plants/[id]/page.tsx [Server Component] @ http://localhost:3001/_next/static/chunks/node_modules_next_dist_0u_w_5s._.js:1945
[    6505ms] [ERROR] ./src/lib/relatedContent.ts:11:1
Export diaries doesn't exist in target module
   9 |  */
  10 |
> 11 | import { diaries as localDiaries, diaryCategories } from "@/data/diary";
     | ^^^^^^^^^^^^^^^^^^^^^^^^^^^^^^^^^^^^^^^^^^^^^^^^^^^^^^^^^^^^^^^^^^^^^^^^
  12 | import { guides as localGuides, guideCategories } from "@/data/guides";
  13 |
  14 | export interface RelatedItem {

The export diaries was not found in module [project]/src/data/diary.ts [app-ssr] (ecmascript).
Did you mean to import diaryEntries?
All exports of the module are statically known (It doesn't have dynamic exports). So it's known statically that the requested export doesn't exist.

Import traces:
  Client Component Browser:
    ./src/lib/relatedContent.ts [Client Component Browser]
    ./src/app/plants/[id]/PlantDetailClient.tsx [Client Component Browser]
    ./src/app/plants/[id]/PlantDetailClient.tsx [Server Component]
    ./src/app/plants/[id]/page.tsx [Server Component]

  Client Component SSR:
    ./src/lib/relatedContent.ts [Client Component SSR]
    ./src/app/plants/[id]/PlantDetailClient.tsx [Client Component SSR]
    ./src/app/plants/[id]/PlantDetailClient.tsx [Server Component]
    ./src/app/plants/[id]/page.tsx [Server Component] @ http://localhost:3001/_next/static/chunks/node_modules_next_dist_0u_w_5s._.js:1945
[    6551ms] [ERROR] ./src/lib/relatedContent.ts:11:1
Export diaries doesn't exist in target module
   9 |  */
  10 |
> 11 | import { diaries as localDiaries, diaryCategories } from "@/data/diary";
     | ^^^^^^^^^^^^^^^^^^^^^^^^^^^^^^^^^^^^^^^^^^^^^^^^^^^^^^^^^^^^^^^^^^^^^^^^
  12 | import { guides as localGuides, guideCategories } from "@/data/guides";
  13 |
  14 | export interface RelatedItem {

The export diaries was not found in module [project]/src/data/diary.ts [app-client] (ecmascript).
Did you mean to import diaryEntries?
All exports of the module are statically known (It doesn't have dynamic exports). So it's known statically that the requested export doesn't exist.

Import traces:
  Client Component Browser:
    ./src/lib/relatedContent.ts [Client Component Browser]
    ./src/app/plants/[id]/PlantDetailClient.tsx [Client Component Browser]
    ./src/app/plants/[id]/PlantDetailClient.tsx [Server Component]
    ./src/app/plants/[id]/page.tsx [Server Component]

  Client Component SSR:
    ./src/lib/relatedContent.ts [Client Component SSR]
    ./src/app/plants/[id]/PlantDetailClient.tsx [Client Component SSR]
    ./src/app/plants/[id]/PlantDetailClient.tsx [Server Component]
    ./src/app/plants/[id]/page.tsx [Server Component] @ http://localhost:3001/_next/static/chunks/node_modules_next_dist_0u_w_5s._.js:1945
[    6551ms] [ERROR] ./src/lib/relatedContent.ts:11:1
Export diaries doesn't exist in target module
   9 |  */
  10 |
> 11 | import { diaries as localDiaries, diaryCategories } from "@/data/diary";
     | ^^^^^^^^^^^^^^^^^^^^^^^^^^^^^^^^^^^^^^^^^^^^^^^^^^^^^^^^^^^^^^^^^^^^^^^^
  12 | import { guides as localGuides, guideCategories } from "@/data/guides";
  13 |
  14 | export interface RelatedItem {

The export diaries was not found in module [project]/src/data/diary.ts [app-ssr] (ecmascript).
Did you mean to import diaryEntries?
All exports of the module are statically known (It doesn't have dynamic exports). So it's known statically that the requested export doesn't exist.

Import traces:
  Client Component Browser:
    ./src/lib/relatedContent.ts [Client Component Browser]
    ./src/app/plants/[id]/PlantDetailClient.tsx [Client Component Browser]
    ./src/app/plants/[id]/PlantDetailClient.tsx [Server Component]
    ./src/app/plants/[id]/page.tsx [Server Component]

  Client Component SSR:
    ./src/lib/relatedContent.ts [Client Component SSR]
    ./src/app/plants/[id]/PlantDetailClient.tsx [Client Component SSR]
    ./src/app/plants/[id]/PlantDetailClient.tsx [Server Component]
    ./src/app/plants/[id]/page.tsx [Server Component] @ http://localhost:3001/_next/static/chunks/node_modules_next_dist_0u_w_5s._.js:1945
[    6596ms] [ERROR] ./src/lib/relatedContent.ts:11:1
Export diaries doesn't exist in target module
   9 |  */
  10 |
> 11 | import { diaries as localDiaries, diaryCategories } from "@/data/diary";
     | ^^^^^^^^^^^^^^^^^^^^^^^^^^^^^^^^^^^^^^^^^^^^^^^^^^^^^^^^^^^^^^^^^^^^^^^^
  12 | import { guides as localGuides, guideCategories } from "@/data/guides";
  13 |
  14 | export interface RelatedItem {

The export diaries was not found in module [project]/src/data/diary.ts [app-client] (ecmascript).
Did you mean to import diaryEntries?
All exports of the module are statically known (It doesn't have dynamic exports). So it's known statically that the requested export doesn't exist.

Import traces:
  Client Component Browser:
    ./src/lib/relatedContent.ts [Client Component Browser]
    ./src/app/plants/[id]/PlantDetailClient.tsx [Client Component Browser]
    ./src/app/plants/[id]/PlantDetailClient.tsx [Server Component]
    ./src/app/plants/[id]/page.tsx [Server Component]

  Client Component SSR:
    ./src/lib/relatedContent.ts [Client Component SSR]
    ./src/app/plants/[id]/PlantDetailClient.tsx [Client Component SSR]
    ./src/app/plants/[id]/PlantDetailClient.tsx [Server Component]
    ./src/app/plants/[id]/page.tsx [Server Component] @ http://localhost:3001/_next/static/chunks/node_modules_next_dist_0u_w_5s._.js:1945
[    6596ms] [ERROR] ./src/lib/relatedContent.ts:11:1
Export diaries doesn't exist in target module
   9 |  */
  10 |
> 11 | import { diaries as localDiaries, diaryCategories } from "@/data/diary";
     | ^^^^^^^^^^^^^^^^^^^^^^^^^^^^^^^^^^^^^^^^^^^^^^^^^^^^^^^^^^^^^^^^^^^^^^^^
  12 | import { guides as localGuides, guideCategories } from "@/data/guides";
  13 |
  14 | export interface RelatedItem {

The export diaries was not found in module [project]/src/data/diary.ts [app-ssr] (ecmascript).
Did you mean to import diaryEntries?
All exports of the module are statically known (It doesn't have dynamic exports). So it's known statically that the requested export doesn't exist.

Import traces:
  Client Component Browser:
    ./src/lib/relatedContent.ts [Client Component Browser]
    ./src/app/plants/[id]/PlantDetailClient.tsx [Client Component Browser]
    ./src/app/plants/[id]/PlantDetailClient.tsx [Server Component]
    ./src/app/plants/[id]/page.tsx [Server Component]

  Client Component SSR:
    ./src/lib/relatedContent.ts [Client Component SSR]
    ./src/app/plants/[id]/PlantDetailClient.tsx [Client Component SSR]
    ./src/app/plants/[id]/PlantDetailClient.tsx [Server Component]
    ./src/app/plants/[id]/page.tsx [Server Component] @ http://localhost:3001/_next/static/chunks/node_modules_next_dist_0u_w_5s._.js:1945
[    6643ms] [ERROR] ./src/lib/relatedContent.ts:11:1
Export diaries doesn't exist in target module
   9 |  */
  10 |
> 11 | import { diaries as localDiaries, diaryCategories } from "@/data/diary";
     | ^^^^^^^^^^^^^^^^^^^^^^^^^^^^^^^^^^^^^^^^^^^^^^^^^^^^^^^^^^^^^^^^^^^^^^^^
  12 | import { guides as localGuides, guideCategories } from "@/data/guides";
  13 |
  14 | export interface RelatedItem {

The export diaries was not found in module [project]/src/data/diary.ts [app-client] (ecmascript).
Did you mean to import diaryEntries?
All exports of the module are statically known (It doesn't have dynamic exports). So it's known statically that the requested export doesn't exist.

Import traces:
  Client Component Browser:
    ./src/lib/relatedContent.ts [Client Component Browser]
    ./src/app/plants/[id]/PlantDetailClient.tsx [Client Component Browser]
    ./src/app/plants/[id]/PlantDetailClient.tsx [Server Component]
    ./src/app/plants/[id]/page.tsx [Server Component]

  Client Component SSR:
    ./src/lib/relatedContent.ts [Client Component SSR]
    ./src/app/plants/[id]/PlantDetailClient.tsx [Client Component SSR]
    ./src/app/plants/[id]/PlantDetailClient.tsx [Server Component]
    ./src/app/plants/[id]/page.tsx [Server Component] @ http://localhost:3001/_next/static/chunks/node_modules_next_dist_0u_w_5s._.js:1945
[    6643ms] [ERROR] ./src/lib/relatedContent.ts:11:1
Export diaries doesn't exist in target module
   9 |  */
  10 |
> 11 | import { diaries as localDiaries, diaryCategories } from "@/data/diary";
     | ^^^^^^^^^^^^^^^^^^^^^^^^^^^^^^^^^^^^^^^^^^^^^^^^^^^^^^^^^^^^^^^^^^^^^^^^
  12 | import { guides as localGuides, guideCategories } from "@/data/guides";
  13 |
  14 | export interface RelatedItem {

The export diaries was not found in module [project]/src/data/diary.ts [app-ssr] (ecmascript).
Did you mean to import diaryEntries?
All exports of the module are statically known (It doesn't have dynamic exports). So it's known statically that the requested export doesn't exist.

Import traces:
  Client Component Browser:
    ./src/lib/relatedContent.ts [Client Component Browser]
    ./src/app/plants/[id]/PlantDetailClient.tsx [Client Component Browser]
    ./src/app/plants/[id]/PlantDetailClient.tsx [Server Component]
    ./src/app/plants/[id]/page.tsx [Server Component]

  Client Component SSR:
    ./src/lib/relatedContent.ts [Client Component SSR]
    ./src/app/plants/[id]/PlantDetailClient.tsx [Client Component SSR]
    ./src/app/plants/[id]/PlantDetailClient.tsx [Server Component]
    ./src/app/plants/[id]/page.tsx [Server Component] @ http://localhost:3001/_next/static/chunks/node_modules_next_dist_0u_w_5s._.js:1945
[    6687ms] [ERROR] ./src/lib/relatedContent.ts:11:1
Export diaries doesn't exist in target module
   9 |  */
  10 |
> 11 | import { diaries as localDiaries, diaryCategories } from "@/data/diary";
     | ^^^^^^^^^^^^^^^^^^^^^^^^^^^^^^^^^^^^^^^^^^^^^^^^^^^^^^^^^^^^^^^^^^^^^^^^
  12 | import { guides as localGuides, guideCategories } from "@/data/guides";
  13 |
  14 | export interface RelatedItem {

The export diaries was not found in module [project]/src/data/diary.ts [app-client] (ecmascript).
Did you mean to import diaryEntries?
All exports of the module are statically known (It doesn't have dynamic exports). So it's known statically that the requested export doesn't exist.

Import traces:
  Client Component Browser:
    ./src/lib/relatedContent.ts [Client Component Browser]
    ./src/app/plants/[id]/PlantDetailClient.tsx [Client Component Browser]
    ./src/app/plants/[id]/PlantDetailClient.tsx [Server Component]
    ./src/app/plants/[id]/page.tsx [Server Component]

  Client Component SSR:
    ./src/lib/relatedContent.ts [Client Component SSR]
    ./src/app/plants/[id]/PlantDetailClient.tsx [Client Component SSR]
    ./src/app/plants/[id]/PlantDetailClient.tsx [Server Component]
    ./src/app/plants/[id]/page.tsx [Server Component] @ http://localhost:3001/_next/static/chunks/node_modules_next_dist_0u_w_5s._.js:1945
[    6687ms] [ERROR] ./src/lib/relatedContent.ts:11:1
Export diaries doesn't exist in target module
   9 |  */
  10 |
> 11 | import { diaries as localDiaries, diaryCategories } from "@/data/diary";
     | ^^^^^^^^^^^^^^^^^^^^^^^^^^^^^^^^^^^^^^^^^^^^^^^^^^^^^^^^^^^^^^^^^^^^^^^^
  12 | import { guides as localGuides, guideCategories } from "@/data/guides";
  13 |
  14 | export interface RelatedItem {

The export diaries was not found in module [project]/src/data/diary.ts [app-ssr] (ecmascript).
Did you mean to import diaryEntries?
All exports of the module are statically known (It doesn't have dynamic exports). So it's known statically that the requested export doesn't exist.

Import traces:
  Client Component Browser:
    ./src/lib/relatedContent.ts [Client Component Browser]
    ./src/app/plants/[id]/PlantDetailClient.tsx [Client Component Browser]
    ./src/app/plants/[id]/PlantDetailClient.tsx [Server Component]
    ./src/app/plants/[id]/page.tsx [Server Component]

  Client Component SSR:
    ./src/lib/relatedContent.ts [Client Component SSR]
    ./src/app/plants/[id]/PlantDetailClient.tsx [Client Component SSR]
    ./src/app/plants/[id]/PlantDetailClient.tsx [Server Component]
    ./src/app/plants/[id]/page.tsx [Server Component] @ http://localhost:3001/_next/static/chunks/node_modules_next_dist_0u_w_5s._.js:1945
[    6735ms] [ERROR] ./src/lib/relatedContent.ts:11:1
Export diaries doesn't exist in target module
   9 |  */
  10 |
> 11 | import { diaries as localDiaries, diaryCategories } from "@/data/diary";
     | ^^^^^^^^^^^^^^^^^^^^^^^^^^^^^^^^^^^^^^^^^^^^^^^^^^^^^^^^^^^^^^^^^^^^^^^^
  12 | import { guides as localGuides, guideCategories } from "@/data/guides";
  13 |
  14 | export interface RelatedItem {

The export diaries was not found in module [project]/src/data/diary.ts [app-client] (ecmascript).
Did you mean to import diaryEntries?
All exports of the module are statically known (It doesn't have dynamic exports). So it's known statically that the requested export doesn't exist.

Import traces:
  Client Component Browser:
    ./src/lib/relatedContent.ts [Client Component Browser]
    ./src/app/plants/[id]/PlantDetailClient.tsx [Client Component Browser]
    ./src/app/plants/[id]/PlantDetailClient.tsx [Server Component]
    ./src/app/plants/[id]/page.tsx [Server Component]

  Client Component SSR:
    ./src/lib/relatedContent.ts [Client Component SSR]
    ./src/app/plants/[id]/PlantDetailClient.tsx [Client Component SSR]
    ./src/app/plants/[id]/PlantDetailClient.tsx [Server Component]
    ./src/app/plants/[id]/page.tsx [Server Component] @ http://localhost:3001/_next/static/chunks/node_modules_next_dist_0u_w_5s._.js:1945
[    6735ms] [ERROR] ./src/lib/relatedContent.ts:11:1
Export diaries doesn't exist in target module
   9 |  */
  10 |
> 11 | import { diaries as localDiaries, diaryCategories } from "@/data/diary";
     | ^^^^^^^^^^^^^^^^^^^^^^^^^^^^^^^^^^^^^^^^^^^^^^^^^^^^^^^^^^^^^^^^^^^^^^^^
  12 | import { guides as localGuides, guideCategories } from "@/data/guides";
  13 |
  14 | export interface RelatedItem {

The export diaries was not found in module [project]/src/data/diary.ts [app-ssr] (ecmascript).
Did you mean to import diaryEntries?
All exports of the module are statically known (It doesn't have dynamic exports). So it's known statically that the requested export doesn't exist.

Import traces:
  Client Component Browser:
    ./src/lib/relatedContent.ts [Client Component Browser]
    ./src/app/plants/[id]/PlantDetailClient.tsx [Client Component Browser]
    ./src/app/plants/[id]/PlantDetailClient.tsx [Server Component]
    ./src/app/plants/[id]/page.tsx [Server Component]

  Client Component SSR:
    ./src/lib/relatedContent.ts [Client Component SSR]
    ./src/app/plants/[id]/PlantDetailClient.tsx [Client Component SSR]
    ./src/app/plants/[id]/PlantDetailClient.tsx [Server Component]
    ./src/app/plants/[id]/page.tsx [Server Component] @ http://localhost:3001/_next/static/chunks/node_modules_next_dist_0u_w_5s._.js:1945
[    6782ms] [ERROR] ./src/lib/relatedContent.ts:11:1
Export diaries doesn't exist in target module
   9 |  */
  10 |
> 11 | import { diaries as localDiaries, diaryCategories } from "@/data/diary";
     | ^^^^^^^^^^^^^^^^^^^^^^^^^^^^^^^^^^^^^^^^^^^^^^^^^^^^^^^^^^^^^^^^^^^^^^^^
  12 | import { guides as localGuides, guideCategories } from "@/data/guides";
  13 |
  14 | export interface RelatedItem {

The export diaries was not found in module [project]/src/data/diary.ts [app-client] (ecmascript).
Did you mean to import diaryEntries?
All exports of the module are statically known (It doesn't have dynamic exports). So it's known statically that the requested export doesn't exist.

Import traces:
  Client Component Browser:
    ./src/lib/relatedContent.ts [Client Component Browser]
    ./src/app/plants/[id]/PlantDetailClient.tsx [Client Component Browser]
    ./src/app/plants/[id]/PlantDetailClient.tsx [Server Component]
    ./src/app/plants/[id]/page.tsx [Server Component]

  Client Component SSR:
    ./src/lib/relatedContent.ts [Client Component SSR]
    ./src/app/plants/[id]/PlantDetailClient.tsx [Client Component SSR]
    ./src/app/plants/[id]/PlantDetailClient.tsx [Server Component]
    ./src/app/plants/[id]/page.tsx [Server Component] @ http://localhost:3001/_next/static/chunks/node_modules_next_dist_0u_w_5s._.js:1945
[    6783ms] [ERROR] ./src/lib/relatedContent.ts:11:1
Export diaries doesn't exist in target module
   9 |  */
  10 |
> 11 | import { diaries as localDiaries, diaryCategories } from "@/data/diary";
     | ^^^^^^^^^^^^^^^^^^^^^^^^^^^^^^^^^^^^^^^^^^^^^^^^^^^^^^^^^^^^^^^^^^^^^^^^
  12 | import { guides as localGuides, guideCategories } from "@/data/guides";
  13 |
  14 | export interface RelatedItem {

The export diaries was not found in module [project]/src/data/diary.ts [app-ssr] (ecmascript).
Did you mean to import diaryEntries?
All exports of the module are statically known (It doesn't have dynamic exports). So it's known statically that the requested export doesn't exist.

Import traces:
  Client Component Browser:
    ./src/lib/relatedContent.ts [Client Component Browser]
    ./src/app/plants/[id]/PlantDetailClient.tsx [Client Component Browser]
    ./src/app/plants/[id]/PlantDetailClient.tsx [Server Component]
    ./src/app/plants/[id]/page.tsx [Server Component]

  Client Component SSR:
    ./src/lib/relatedContent.ts [Client Component SSR]
    ./src/app/plants/[id]/PlantDetailClient.tsx [Client Component SSR]
    ./src/app/plants/[id]/PlantDetailClient.tsx [Server Component]
    ./src/app/plants/[id]/page.tsx [Server Component] @ http://localhost:3001/_next/static/chunks/node_modules_next_dist_0u_w_5s._.js:1945
[    6830ms] [ERROR] ./src/lib/relatedContent.ts:11:1
Export diaries doesn't exist in target module
   9 |  */
  10 |
> 11 | import { diaries as localDiaries, diaryCategories } from "@/data/diary";
     | ^^^^^^^^^^^^^^^^^^^^^^^^^^^^^^^^^^^^^^^^^^^^^^^^^^^^^^^^^^^^^^^^^^^^^^^^
  12 | import { guides as localGuides, guideCategories } from "@/data/guides";
  13 |
  14 | export interface RelatedItem {

The export diaries was not found in module [project]/src/data/diary.ts [app-client] (ecmascript).
Did you mean to import diaryEntries?
All exports of the module are statically known (It doesn't have dynamic exports). So it's known statically that the requested export doesn't exist.

Import traces:
  Client Component Browser:
    ./src/lib/relatedContent.ts [Client Component Browser]
    ./src/app/plants/[id]/PlantDetailClient.tsx [Client Component Browser]
    ./src/app/plants/[id]/PlantDetailClient.tsx [Server Component]
    ./src/app/plants/[id]/page.tsx [Server Component]

  Client Component SSR:
    ./src/lib/relatedContent.ts [Client Component SSR]
    ./src/app/plants/[id]/PlantDetailClient.tsx [Client Component SSR]
    ./src/app/plants/[id]/PlantDetailClient.tsx [Server Component]
    ./src/app/plants/[id]/page.tsx [Server Component] @ http://localhost:3001/_next/static/chunks/node_modules_next_dist_0u_w_5s._.js:1945
[    6830ms] [ERROR] ./src/lib/relatedContent.ts:11:1
Export diaries doesn't exist in target module
   9 |  */
  10 |
> 11 | import { diaries as localDiaries, diaryCategories } from "@/data/diary";
     | ^^^^^^^^^^^^^^^^^^^^^^^^^^^^^^^^^^^^^^^^^^^^^^^^^^^^^^^^^^^^^^^^^^^^^^^^
  12 | import { guides as localGuides, guideCategories } from "@/data/guides";
  13 |
  14 | export interface RelatedItem {

The export diaries was not found in module [project]/src/data/diary.ts [app-ssr] (ecmascript).
Did you mean to import diaryEntries?
All exports of the module are statically known (It doesn't have dynamic exports). So it's known statically that the requested export doesn't exist.

Import traces:
  Client Component Browser:
    ./src/lib/relatedContent.ts [Client Component Browser]
    ./src/app/plants/[id]/PlantDetailClient.tsx [Client Component Browser]
    ./src/app/plants/[id]/PlantDetailClient.tsx [Server Component]
    ./src/app/plants/[id]/page.tsx [Server Component]

  Client Component SSR:
    ./src/lib/relatedContent.ts [Client Component SSR]
    ./src/app/plants/[id]/PlantDetailClient.tsx [Client Component SSR]
    ./src/app/plants/[id]/PlantDetailClient.tsx [Server Component]
    ./src/app/plants/[id]/page.tsx [Server Component] @ http://localhost:3001/_next/static/chunks/node_modules_next_dist_0u_w_5s._.js:1945
[    6878ms] [ERROR] ./src/lib/relatedContent.ts:11:1
Export diaries doesn't exist in target module
   9 |  */
  10 |
> 11 | import { diaries as localDiaries, diaryCategories } from "@/data/diary";
     | ^^^^^^^^^^^^^^^^^^^^^^^^^^^^^^^^^^^^^^^^^^^^^^^^^^^^^^^^^^^^^^^^^^^^^^^^
  12 | import { guides as localGuides, guideCategories } from "@/data/guides";
  13 |
  14 | export interface RelatedItem {

The export diaries was not found in module [project]/src/data/diary.ts [app-client] (ecmascript).
Did you mean to import diaryEntries?
All exports of the module are statically known (It doesn't have dynamic exports). So it's known statically that the requested export doesn't exist.

Import traces:
  Client Component Browser:
    ./src/lib/relatedContent.ts [Client Component Browser]
    ./src/app/plants/[id]/PlantDetailClient.tsx [Client Component Browser]
    ./src/app/plants/[id]/PlantDetailClient.tsx [Server Component]
    ./src/app/plants/[id]/page.tsx [Server Component]

  Client Component SSR:
    ./src/lib/relatedContent.ts [Client Component SSR]
    ./src/app/plants/[id]/PlantDetailClient.tsx [Client Component SSR]
    ./src/app/plants/[id]/PlantDetailClient.tsx [Server Component]
    ./src/app/plants/[id]/page.tsx [Server Component] @ http://localhost:3001/_next/static/chunks/node_modules_next_dist_0u_w_5s._.js:1945
[    6879ms] [ERROR] ./src/lib/relatedContent.ts:11:1
Export diaries doesn't exist in target module
   9 |  */
  10 |
> 11 | import { diaries as localDiaries, diaryCategories } from "@/data/diary";
     | ^^^^^^^^^^^^^^^^^^^^^^^^^^^^^^^^^^^^^^^^^^^^^^^^^^^^^^^^^^^^^^^^^^^^^^^^
  12 | import { guides as localGuides, guideCategories } from "@/data/guides";
  13 |
  14 | export interface RelatedItem {

The export diaries was not found in module [project]/src/data/diary.ts [app-ssr] (ecmascript).
Did you mean to import diaryEntries?
All exports of the module are statically known (It doesn't have dynamic exports). So it's known statically that the requested export doesn't exist.

Import traces:
  Client Component Browser:
    ./src/lib/relatedContent.ts [Client Component Browser]
    ./src/app/plants/[id]/PlantDetailClient.tsx [Client Component Browser]
    ./src/app/plants/[id]/PlantDetailClient.tsx [Server Component]
    ./src/app/plants/[id]/page.tsx [Server Component]

  Client Component SSR:
    ./src/lib/relatedContent.ts [Client Component SSR]
    ./src/app/plants/[id]/PlantDetailClient.tsx [Client Component SSR]
    ./src/app/plants/[id]/PlantDetailClient.tsx [Server Component]
    ./src/app/plants/[id]/page.tsx [Server Component] @ http://localhost:3001/_next/static/chunks/node_modules_next_dist_0u_w_5s._.js:1945
[    6927ms] [ERROR] ./src/lib/relatedContent.ts:11:1
Export diaries doesn't exist in target module
   9 |  */
  10 |
> 11 | import { diaries as localDiaries, diaryCategories } from "@/data/diary";
     | ^^^^^^^^^^^^^^^^^^^^^^^^^^^^^^^^^^^^^^^^^^^^^^^^^^^^^^^^^^^^^^^^^^^^^^^^
  12 | import { guides as localGuides, guideCategories } from "@/data/guides";
  13 |
  14 | export interface RelatedItem {

The export diaries was not found in module [project]/src/data/diary.ts [app-client] (ecmascript).
Did you mean to import diaryEntries?
All exports of the module are statically known (It doesn't have dynamic exports). So it's known statically that the requested export doesn't exist.

Import traces:
  Client Component Browser:
    ./src/lib/relatedContent.ts [Client Component Browser]
    ./src/app/plants/[id]/PlantDetailClient.tsx [Client Component Browser]
    ./src/app/plants/[id]/PlantDetailClient.tsx [Server Component]
    ./src/app/plants/[id]/page.tsx [Server Component]

  Client Component SSR:
    ./src/lib/relatedContent.ts [Client Component SSR]
    ./src/app/plants/[id]/PlantDetailClient.tsx [Client Component SSR]
    ./src/app/plants/[id]/PlantDetailClient.tsx [Server Component]
    ./src/app/plants/[id]/page.tsx [Server Component] @ http://localhost:3001/_next/static/chunks/node_modules_next_dist_0u_w_5s._.js:1945
[    6927ms] [ERROR] ./src/lib/relatedContent.ts:11:1
Export diaries doesn't exist in target module
   9 |  */
  10 |
> 11 | import { diaries as localDiaries, diaryCategories } from "@/data/diary";
     | ^^^^^^^^^^^^^^^^^^^^^^^^^^^^^^^^^^^^^^^^^^^^^^^^^^^^^^^^^^^^^^^^^^^^^^^^
  12 | import { guides as localGuides, guideCategories } from "@/data/guides";
  13 |
  14 | export interface RelatedItem {

The export diaries was not found in module [project]/src/data/diary.ts [app-ssr] (ecmascript).
Did you mean to import diaryEntries?
All exports of the module are statically known (It doesn't have dynamic exports). So it's known statically that the requested export doesn't exist.

Import traces:
  Client Component Browser:
    ./src/lib/relatedContent.ts [Client Component Browser]
    ./src/app/plants/[id]/PlantDetailClient.tsx [Client Component Browser]
    ./src/app/plants/[id]/PlantDetailClient.tsx [Server Component]
    ./src/app/plants/[id]/page.tsx [Server Component]

  Client Component SSR:
    ./src/lib/relatedContent.ts [Client Component SSR]
    ./src/app/plants/[id]/PlantDetailClient.tsx [Client Component SSR]
    ./src/app/plants/[id]/PlantDetailClient.tsx [Server Component]
    ./src/app/plants/[id]/page.tsx [Server Component] @ http://localhost:3001/_next/static/chunks/node_modules_next_dist_0u_w_5s._.js:1945
[    6975ms] [ERROR] ./src/lib/relatedContent.ts:11:1
Export diaries doesn't exist in target module
   9 |  */
  10 |
> 11 | import { diaries as localDiaries, diaryCategories } from "@/data/diary";
     | ^^^^^^^^^^^^^^^^^^^^^^^^^^^^^^^^^^^^^^^^^^^^^^^^^^^^^^^^^^^^^^^^^^^^^^^^
  12 | import { guides as localGuides, guideCategories } from "@/data/guides";
  13 |
  14 | export interface RelatedItem {

The export diaries was not found in module [project]/src/data/diary.ts [app-client] (ecmascript).
Did you mean to import diaryEntries?
All exports of the module are statically known (It doesn't have dynamic exports). So it's known statically that the requested export doesn't exist.

Import traces:
  Client Component Browser:
    ./src/lib/relatedContent.ts [Client Component Browser]
    ./src/app/plants/[id]/PlantDetailClient.tsx [Client Component Browser]
    ./src/app/plants/[id]/PlantDetailClient.tsx [Server Component]
    ./src/app/plants/[id]/page.tsx [Server Component]

  Client Component SSR:
    ./src/lib/relatedContent.ts [Client Component SSR]
    ./src/app/plants/[id]/PlantDetailClient.tsx [Client Component SSR]
    ./src/app/plants/[id]/PlantDetailClient.tsx [Server Component]
    ./src/app/plants/[id]/page.tsx [Server Component] @ http://localhost:3001/_next/static/chunks/node_modules_next_dist_0u_w_5s._.js:1945
[    6975ms] [ERROR] ./src/lib/relatedContent.ts:11:1
Export diaries doesn't exist in target module
   9 |  */
  10 |
> 11 | import { diaries as localDiaries, diaryCategories } from "@/data/diary";
     | ^^^^^^^^^^^^^^^^^^^^^^^^^^^^^^^^^^^^^^^^^^^^^^^^^^^^^^^^^^^^^^^^^^^^^^^^
  12 | import { guides as localGuides, guideCategories } from "@/data/guides";
  13 |
  14 | export interface RelatedItem {

The export diaries was not found in module [project]/src/data/diary.ts [app-ssr] (ecmascript).
Did you mean to import diaryEntries?
All exports of the module are statically known (It doesn't have dynamic exports). So it's known statically that the requested export doesn't exist.

Import traces:
  Client Component Browser:
    ./src/lib/relatedContent.ts [Client Component Browser]
    ./src/app/plants/[id]/PlantDetailClient.tsx [Client Component Browser]
    ./src/app/plants/[id]/PlantDetailClient.tsx [Server Component]
    ./src/app/plants/[id]/page.tsx [Server Component]

  Client Component SSR:
    ./src/lib/relatedContent.ts [Client Component SSR]
    ./src/app/plants/[id]/PlantDetailClient.tsx [Client Component SSR]
    ./src/app/plants/[id]/PlantDetailClient.tsx [Server Component]
    ./src/app/plants/[id]/page.tsx [Server Component] @ http://localhost:3001/_next/static/chunks/node_modules_next_dist_0u_w_5s._.js:1945
[    7021ms] [ERROR] ./src/lib/relatedContent.ts:11:1
Export diaries doesn't exist in target module
   9 |  */
  10 |
> 11 | import { diaries as localDiaries, diaryCategories } from "@/data/diary";
     | ^^^^^^^^^^^^^^^^^^^^^^^^^^^^^^^^^^^^^^^^^^^^^^^^^^^^^^^^^^^^^^^^^^^^^^^^
  12 | import { guides as localGuides, guideCategories } from "@/data/guides";
  13 |
  14 | export interface RelatedItem {

The export diaries was not found in module [project]/src/data/diary.ts [app-client] (ecmascript).
Did you mean to import diaryEntries?
All exports of the module are statically known (It doesn't have dynamic exports). So it's known statically that the requested export doesn't exist.

Import traces:
  Client Component Browser:
    ./src/lib/relatedContent.ts [Client Component Browser]
    ./src/app/plants/[id]/PlantDetailClient.tsx [Client Component Browser]
    ./src/app/plants/[id]/PlantDetailClient.tsx [Server Component]
    ./src/app/plants/[id]/page.tsx [Server Component]

  Client Component SSR:
    ./src/lib/relatedContent.ts [Client Component SSR]
    ./src/app/plants/[id]/PlantDetailClient.tsx [Client Component SSR]
    ./src/app/plants/[id]/PlantDetailClient.tsx [Server Component]
    ./src/app/plants/[id]/page.tsx [Server Component] @ http://localhost:3001/_next/static/chunks/node_modules_next_dist_0u_w_5s._.js:1945
[    7021ms] [ERROR] ./src/lib/relatedContent.ts:11:1
Export diaries doesn't exist in target module
   9 |  */
  10 |
> 11 | import { diaries as localDiaries, diaryCategories } from "@/data/diary";
     | ^^^^^^^^^^^^^^^^^^^^^^^^^^^^^^^^^^^^^^^^^^^^^^^^^^^^^^^^^^^^^^^^^^^^^^^^
  12 | import { guides as localGuides, guideCategories } from "@/data/guides";
  13 |
  14 | export interface RelatedItem {

The export diaries was not found in module [project]/src/data/diary.ts [app-ssr] (ecmascript).
Did you mean to import diaryEntries?
All exports of the module are statically known (It doesn't have dynamic exports). So it's known statically that the requested export doesn't exist.

Import traces:
  Client Component Browser:
    ./src/lib/relatedContent.ts [Client Component Browser]
    ./src/app/plants/[id]/PlantDetailClient.tsx [Client Component Browser]
    ./src/app/plants/[id]/PlantDetailClient.tsx [Server Component]
    ./src/app/plants/[id]/page.tsx [Server Component]

  Client Component SSR:
    ./src/lib/relatedContent.ts [Client Component SSR]
    ./src/app/plants/[id]/PlantDetailClient.tsx [Client Component SSR]
    ./src/app/plants/[id]/PlantDetailClient.tsx [Server Component]
    ./src/app/plants/[id]/page.tsx [Server Component] @ http://localhost:3001/_next/static/chunks/node_modules_next_dist_0u_w_5s._.js:1945
[    7067ms] [ERROR] ./src/lib/relatedContent.ts:11:1
Export diaries doesn't exist in target module
   9 |  */
  10 |
> 11 | import { diaries as localDiaries, diaryCategories } from "@/data/diary";
     | ^^^^^^^^^^^^^^^^^^^^^^^^^^^^^^^^^^^^^^^^^^^^^^^^^^^^^^^^^^^^^^^^^^^^^^^^
  12 | import { guides as localGuides, guideCategories } from "@/data/guides";
  13 |
  14 | export interface RelatedItem {

The export diaries was not found in module [project]/src/data/diary.ts [app-client] (ecmascript).
Did you mean to import diaryEntries?
All exports of the module are statically known (It doesn't have dynamic exports). So it's known statically that the requested export doesn't exist.

Import traces:
  Client Component Browser:
    ./src/lib/relatedContent.ts [Client Component Browser]
    ./src/app/plants/[id]/PlantDetailClient.tsx [Client Component Browser]
    ./src/app/plants/[id]/PlantDetailClient.tsx [Server Component]
    ./src/app/plants/[id]/page.tsx [Server Component]

  Client Component SSR:
    ./src/lib/relatedContent.ts [Client Component SSR]
    ./src/app/plants/[id]/PlantDetailClient.tsx [Client Component SSR]
    ./src/app/plants/[id]/PlantDetailClient.tsx [Server Component]
    ./src/app/plants/[id]/page.tsx [Server Component] @ http://localhost:3001/_next/static/chunks/node_modules_next_dist_0u_w_5s._.js:1945
[    7067ms] [ERROR] ./src/lib/relatedContent.ts:11:1
Export diaries doesn't exist in target module
   9 |  */
  10 |
> 11 | import { diaries as localDiaries, diaryCategories } from "@/data/diary";
     | ^^^^^^^^^^^^^^^^^^^^^^^^^^^^^^^^^^^^^^^^^^^^^^^^^^^^^^^^^^^^^^^^^^^^^^^^
  12 | import { guides as localGuides, guideCategories } from "@/data/guides";
  13 |
  14 | export interface RelatedItem {

The export diaries was not found in module [project]/src/data/diary.ts [app-ssr] (ecmascript).
Did you mean to import diaryEntries?
All exports of the module are statically known (It doesn't have dynamic exports). So it's known statically that the requested export doesn't exist.

Import traces:
  Client Component Browser:
    ./src/lib/relatedContent.ts [Client Component Browser]
    ./src/app/plants/[id]/PlantDetailClient.tsx [Client Component Browser]
    ./src/app/plants/[id]/PlantDetailClient.tsx [Server Component]
    ./src/app/plants/[id]/page.tsx [Server Component]

  Client Component SSR:
    ./src/lib/relatedContent.ts [Client Component SSR]
    ./src/app/plants/[id]/PlantDetailClient.tsx [Client Component SSR]
    ./src/app/plants/[id]/PlantDetailClient.tsx [Server Component]
    ./src/app/plants/[id]/page.tsx [Server Component] @ http://localhost:3001/_next/static/chunks/node_modules_next_dist_0u_w_5s._.js:1945
[    7113ms] [ERROR] ./src/lib/relatedContent.ts:11:1
Export diaries doesn't exist in target module
   9 |  */
  10 |
> 11 | import { diaries as localDiaries, diaryCategories } from "@/data/diary";
     | ^^^^^^^^^^^^^^^^^^^^^^^^^^^^^^^^^^^^^^^^^^^^^^^^^^^^^^^^^^^^^^^^^^^^^^^^
  12 | import { guides as localGuides, guideCategories } from "@/data/guides";
  13 |
  14 | export interface RelatedItem {

The export diaries was not found in module [project]/src/data/diary.ts [app-client] (ecmascript).
Did you mean to import diaryEntries?
All exports of the module are statically known (It doesn't have dynamic exports). So it's known statically that the requested export doesn't exist.

Import traces:
  Client Component Browser:
    ./src/lib/relatedContent.ts [Client Component Browser]
    ./src/app/plants/[id]/PlantDetailClient.tsx [Client Component Browser]
    ./src/app/plants/[id]/PlantDetailClient.tsx [Server Component]
    ./src/app/plants/[id]/page.tsx [Server Component]

  Client Component SSR:
    ./src/lib/relatedContent.ts [Client Component SSR]
    ./src/app/plants/[id]/PlantDetailClient.tsx [Client Component SSR]
    ./src/app/plants/[id]/PlantDetailClient.tsx [Server Component]
    ./src/app/plants/[id]/page.tsx [Server Component] @ http://localhost:3001/_next/static/chunks/node_modules_next_dist_0u_w_5s._.js:1945
[    7113ms] [ERROR] ./src/lib/relatedContent.ts:11:1
Export diaries doesn't exist in target module
   9 |  */
  10 |
> 11 | import { diaries as localDiaries, diaryCategories } from "@/data/diary";
     | ^^^^^^^^^^^^^^^^^^^^^^^^^^^^^^^^^^^^^^^^^^^^^^^^^^^^^^^^^^^^^^^^^^^^^^^^
  12 | import { guides as localGuides, guideCategories } from "@/data/guides";
  13 |
  14 | export interface RelatedItem {

The export diaries was not found in module [project]/src/data/diary.ts [app-ssr] (ecmascript).
Did you mean to import diaryEntries?
All exports of the module are statically known (It doesn't have dynamic exports). So it's known statically that the requested export doesn't exist.

Import traces:
  Client Component Browser:
    ./src/lib/relatedContent.ts [Client Component Browser]
    ./src/app/plants/[id]/PlantDetailClient.tsx [Client Component Browser]
    ./src/app/plants/[id]/PlantDetailClient.tsx [Server Component]
    ./src/app/plants/[id]/page.tsx [Server Component]

  Client Component SSR:
    ./src/lib/relatedContent.ts [Client Component SSR]
    ./src/app/plants/[id]/PlantDetailClient.tsx [Client Component SSR]
    ./src/app/plants/[id]/PlantDetailClient.tsx [Server Component]
    ./src/app/plants/[id]/page.tsx [Server Component] @ http://localhost:3001/_next/static/chunks/node_modules_next_dist_0u_w_5s._.js:1945
[    7160ms] [ERROR] ./src/lib/relatedContent.ts:11:1
Export diaries doesn't exist in target module
   9 |  */
  10 |
> 11 | import { diaries as localDiaries, diaryCategories } from "@/data/diary";
     | ^^^^^^^^^^^^^^^^^^^^^^^^^^^^^^^^^^^^^^^^^^^^^^^^^^^^^^^^^^^^^^^^^^^^^^^^
  12 | import { guides as localGuides, guideCategories } from "@/data/guides";
  13 |
  14 | export interface RelatedItem {

The export diaries was not found in module [project]/src/data/diary.ts [app-client] (ecmascript).
Did you mean to import diaryEntries?
All exports of the module are statically known (It doesn't have dynamic exports). So it's known statically that the requested export doesn't exist.

Import traces:
  Client Component Browser:
    ./src/lib/relatedContent.ts [Client Component Browser]
    ./src/app/plants/[id]/PlantDetailClient.tsx [Client Component Browser]
    ./src/app/plants/[id]/PlantDetailClient.tsx [Server Component]
    ./src/app/plants/[id]/page.tsx [Server Component]

  Client Component SSR:
    ./src/lib/relatedContent.ts [Client Component SSR]
    ./src/app/plants/[id]/PlantDetailClient.tsx [Client Component SSR]
    ./src/app/plants/[id]/PlantDetailClient.tsx [Server Component]
    ./src/app/plants/[id]/page.tsx [Server Component] @ http://localhost:3001/_next/static/chunks/node_modules_next_dist_0u_w_5s._.js:1945
[    7160ms] [ERROR] ./src/lib/relatedContent.ts:11:1
Export diaries doesn't exist in target module
   9 |  */
  10 |
> 11 | import { diaries as localDiaries, diaryCategories } from "@/data/diary";
     | ^^^^^^^^^^^^^^^^^^^^^^^^^^^^^^^^^^^^^^^^^^^^^^^^^^^^^^^^^^^^^^^^^^^^^^^^
  12 | import { guides as localGuides, guideCategories } from "@/data/guides";
  13 |
  14 | export interface RelatedItem {

The export diaries was not found in module [project]/src/data/diary.ts [app-ssr] (ecmascript).
Did you mean to import diaryEntries?
All exports of the module are statically known (It doesn't have dynamic exports). So it's known statically that the requested export doesn't exist.

Import traces:
  Client Component Browser:
    ./src/lib/relatedContent.ts [Client Component Browser]
    ./src/app/plants/[id]/PlantDetailClient.tsx [Client Component Browser]
    ./src/app/plants/[id]/PlantDetailClient.tsx [Server Component]
    ./src/app/plants/[id]/page.tsx [Server Component]

  Client Component SSR:
    ./src/lib/relatedContent.ts [Client Component SSR]
    ./src/app/plants/[id]/PlantDetailClient.tsx [Client Component SSR]
    ./src/app/plants/[id]/PlantDetailClient.tsx [Server Component]
    ./src/app/plants/[id]/page.tsx [Server Component] @ http://localhost:3001/_next/static/chunks/node_modules_next_dist_0u_w_5s._.js:1945
[    7207ms] [ERROR] ./src/lib/relatedContent.ts:11:1
Export diaries doesn't exist in target module
   9 |  */
  10 |
> 11 | import { diaries as localDiaries, diaryCategories } from "@/data/diary";
     | ^^^^^^^^^^^^^^^^^^^^^^^^^^^^^^^^^^^^^^^^^^^^^^^^^^^^^^^^^^^^^^^^^^^^^^^^
  12 | import { guides as localGuides, guideCategories } from "@/data/guides";
  13 |
  14 | export interface RelatedItem {

The export diaries was not found in module [project]/src/data/diary.ts [app-client] (ecmascript).
Did you mean to import diaryEntries?
All exports of the module are statically known (It doesn't have dynamic exports). So it's known statically that the requested export doesn't exist.

Import traces:
  Client Component Browser:
    ./src/lib/relatedContent.ts [Client Component Browser]
    ./src/app/plants/[id]/PlantDetailClient.tsx [Client Component Browser]
    ./src/app/plants/[id]/PlantDetailClient.tsx [Server Component]
    ./src/app/plants/[id]/page.tsx [Server Component]

  Client Component SSR:
    ./src/lib/relatedContent.ts [Client Component SSR]
    ./src/app/plants/[id]/PlantDetailClient.tsx [Client Component SSR]
    ./src/app/plants/[id]/PlantDetailClient.tsx [Server Component]
    ./src/app/plants/[id]/page.tsx [Server Component] @ http://localhost:3001/_next/static/chunks/node_modules_next_dist_0u_w_5s._.js:1945
[    7207ms] [ERROR] ./src/lib/relatedContent.ts:11:1
Export diaries doesn't exist in target module
   9 |  */
  10 |
> 11 | import { diaries as localDiaries, diaryCategories } from "@/data/diary";
     | ^^^^^^^^^^^^^^^^^^^^^^^^^^^^^^^^^^^^^^^^^^^^^^^^^^^^^^^^^^^^^^^^^^^^^^^^
  12 | import { guides as localGuides, guideCategories } from "@/data/guides";
  13 |
  14 | export interface RelatedItem {

The export diaries was not found in module [project]/src/data/diary.ts [app-ssr] (ecmascript).
Did you mean to import diaryEntries?
All exports of the module are statically known (It doesn't have dynamic exports). So it's known statically that the requested export doesn't exist.

Import traces:
  Client Component Browser:
    ./src/lib/relatedContent.ts [Client Component Browser]
    ./src/app/plants/[id]/PlantDetailClient.tsx [Client Component Browser]
    ./src/app/plants/[id]/PlantDetailClient.tsx [Server Component]
    ./src/app/plants/[id]/page.tsx [Server Component]

  Client Component SSR:
    ./src/lib/relatedContent.ts [Client Component SSR]
    ./src/app/plants/[id]/PlantDetailClient.tsx [Client Component SSR]
    ./src/app/plants/[id]/PlantDetailClient.tsx [Server Component]
    ./src/app/plants/[id]/page.tsx [Server Component] @ http://localhost:3001/_next/static/chunks/node_modules_next_dist_0u_w_5s._.js:1945
[    7255ms] [ERROR] ./src/lib/relatedContent.ts:11:1
Export diaries doesn't exist in target module
   9 |  */
  10 |
> 11 | import { diaries as localDiaries, diaryCategories } from "@/data/diary";
     | ^^^^^^^^^^^^^^^^^^^^^^^^^^^^^^^^^^^^^^^^^^^^^^^^^^^^^^^^^^^^^^^^^^^^^^^^
  12 | import { guides as localGuides, guideCategories } from "@/data/guides";
  13 |
  14 | export interface RelatedItem {

The export diaries was not found in module [project]/src/data/diary.ts [app-client] (ecmascript).
Did you mean to import diaryEntries?
All exports of the module are statically known (It doesn't have dynamic exports). So it's known statically that the requested export doesn't exist.

Import traces:
  Client Component Browser:
    ./src/lib/relatedContent.ts [Client Component Browser]
    ./src/app/plants/[id]/PlantDetailClient.tsx [Client Component Browser]
    ./src/app/plants/[id]/PlantDetailClient.tsx [Server Component]
    ./src/app/plants/[id]/page.tsx [Server Component]

  Client Component SSR:
    ./src/lib/relatedContent.ts [Client Component SSR]
    ./src/app/plants/[id]/PlantDetailClient.tsx [Client Component SSR]
    ./src/app/plants/[id]/PlantDetailClient.tsx [Server Component]
    ./src/app/plants/[id]/page.tsx [Server Component] @ http://localhost:3001/_next/static/chunks/node_modules_next_dist_0u_w_5s._.js:1945
[    7255ms] [ERROR] ./src/lib/relatedContent.ts:11:1
Export diaries doesn't exist in target module
   9 |  */
  10 |
> 11 | import { diaries as localDiaries, diaryCategories } from "@/data/diary";
     | ^^^^^^^^^^^^^^^^^^^^^^^^^^^^^^^^^^^^^^^^^^^^^^^^^^^^^^^^^^^^^^^^^^^^^^^^
  12 | import { guides as localGuides, guideCategories } from "@/data/guides";
  13 |
  14 | export interface RelatedItem {

The export diaries was not found in module [project]/src/data/diary.ts [app-ssr] (ecmascript).
Did you mean to import diaryEntries?
All exports of the module are statically known (It doesn't have dynamic exports). So it's known statically that the requested export doesn't exist.

Import traces:
  Client Component Browser:
    ./src/lib/relatedContent.ts [Client Component Browser]
    ./src/app/plants/[id]/PlantDetailClient.tsx [Client Component Browser]
    ./src/app/plants/[id]/PlantDetailClient.tsx [Server Component]
    ./src/app/plants/[id]/page.tsx [Server Component]

  Client Component SSR:
    ./src/lib/relatedContent.ts [Client Component SSR]
    ./src/app/plants/[id]/PlantDetailClient.tsx [Client Component SSR]
    ./src/app/plants/[id]/PlantDetailClient.tsx [Server Component]
    ./src/app/plants/[id]/page.tsx [Server Component] @ http://localhost:3001/_next/static/chunks/node_modules_next_dist_0u_w_5s._.js:1945
[    7301ms] [ERROR] ./src/lib/relatedContent.ts:11:1
Export diaries doesn't exist in target module
   9 |  */
  10 |
> 11 | import { diaries as localDiaries, diaryCategories } from "@/data/diary";
     | ^^^^^^^^^^^^^^^^^^^^^^^^^^^^^^^^^^^^^^^^^^^^^^^^^^^^^^^^^^^^^^^^^^^^^^^^
  12 | import { guides as localGuides, guideCategories } from "@/data/guides";
  13 |
  14 | export interface RelatedItem {

The export diaries was not found in module [project]/src/data/diary.ts [app-client] (ecmascript).
Did you mean to import diaryEntries?
All exports of the module are statically known (It doesn't have dynamic exports). So it's known statically that the requested export doesn't exist.

Import traces:
  Client Component Browser:
    ./src/lib/relatedContent.ts [Client Component Browser]
    ./src/app/plants/[id]/PlantDetailClient.tsx [Client Component Browser]
    ./src/app/plants/[id]/PlantDetailClient.tsx [Server Component]
    ./src/app/plants/[id]/page.tsx [Server Component]

  Client Component SSR:
    ./src/lib/relatedContent.ts [Client Component SSR]
    ./src/app/plants/[id]/PlantDetailClient.tsx [Client Component SSR]
    ./src/app/plants/[id]/PlantDetailClient.tsx [Server Component]
    ./src/app/plants/[id]/page.tsx [Server Component] @ http://localhost:3001/_next/static/chunks/node_modules_next_dist_0u_w_5s._.js:1945
[    7301ms] [ERROR] ./src/lib/relatedContent.ts:11:1
Export diaries doesn't exist in target module
   9 |  */
  10 |
> 11 | import { diaries as localDiaries, diaryCategories } from "@/data/diary";
     | ^^^^^^^^^^^^^^^^^^^^^^^^^^^^^^^^^^^^^^^^^^^^^^^^^^^^^^^^^^^^^^^^^^^^^^^^
  12 | import { guides as localGuides, guideCategories } from "@/data/guides";
  13 |
  14 | export interface RelatedItem {

The export diaries was not found in module [project]/src/data/diary.ts [app-ssr] (ecmascript).
Did you mean to import diaryEntries?
All exports of the module are statically known (It doesn't have dynamic exports). So it's known statically that the requested export doesn't exist.

Import traces:
  Client Component Browser:
    ./src/lib/relatedContent.ts [Client Component Browser]
    ./src/app/plants/[id]/PlantDetailClient.tsx [Client Component Browser]
    ./src/app/plants/[id]/PlantDetailClient.tsx [Server Component]
    ./src/app/plants/[id]/page.tsx [Server Component]

  Client Component SSR:
    ./src/lib/relatedContent.ts [Client Component SSR]
    ./src/app/plants/[id]/PlantDetailClient.tsx [Client Component SSR]
    ./src/app/plants/[id]/PlantDetailClient.tsx [Server Component]
    ./src/app/plants/[id]/page.tsx [Server Component] @ http://localhost:3001/_next/static/chunks/node_modules_next_dist_0u_w_5s._.js:1945
[    7350ms] [ERROR] ./src/lib/relatedContent.ts:11:1
Export diaries doesn't exist in target module
   9 |  */
  10 |
> 11 | import { diaries as localDiaries, diaryCategories } from "@/data/diary";
     | ^^^^^^^^^^^^^^^^^^^^^^^^^^^^^^^^^^^^^^^^^^^^^^^^^^^^^^^^^^^^^^^^^^^^^^^^
  12 | import { guides as localGuides, guideCategories } from "@/data/guides";
  13 |
  14 | export interface RelatedItem {

The export diaries was not found in module [project]/src/data/diary.ts [app-client] (ecmascript).
Did you mean to import diaryEntries?
All exports of the module are statically known (It doesn't have dynamic exports). So it's known statically that the requested export doesn't exist.

Import traces:
  Client Component Browser:
    ./src/lib/relatedContent.ts [Client Component Browser]
    ./src/app/plants/[id]/PlantDetailClient.tsx [Client Component Browser]
    ./src/app/plants/[id]/PlantDetailClient.tsx [Server Component]
    ./src/app/plants/[id]/page.tsx [Server Component]

  Client Component SSR:
    ./src/lib/relatedContent.ts [Client Component SSR]
    ./src/app/plants/[id]/PlantDetailClient.tsx [Client Component SSR]
    ./src/app/plants/[id]/PlantDetailClient.tsx [Server Component]
    ./src/app/plants/[id]/page.tsx [Server Component] @ http://localhost:3001/_next/static/chunks/node_modules_next_dist_0u_w_5s._.js:1945
[    7350ms] [ERROR] ./src/lib/relatedContent.ts:11:1
Export diaries doesn't exist in target module
   9 |  */
  10 |
> 11 | import { diaries as localDiaries, diaryCategories } from "@/data/diary";
     | ^^^^^^^^^^^^^^^^^^^^^^^^^^^^^^^^^^^^^^^^^^^^^^^^^^^^^^^^^^^^^^^^^^^^^^^^
  12 | import { guides as localGuides, guideCategories } from "@/data/guides";
  13 |
  14 | export interface RelatedItem {

The export diaries was not found in module [project]/src/data/diary.ts [app-ssr] (ecmascript).
Did you mean to import diaryEntries?
All exports of the module are statically known (It doesn't have dynamic exports). So it's known statically that the requested export doesn't exist.

Import traces:
  Client Component Browser:
    ./src/lib/relatedContent.ts [Client Component Browser]
    ./src/app/plants/[id]/PlantDetailClient.tsx [Client Component Browser]
    ./src/app/plants/[id]/PlantDetailClient.tsx [Server Component]
    ./src/app/plants/[id]/page.tsx [Server Component]

  Client Component SSR:
    ./src/lib/relatedContent.ts [Client Component SSR]
    ./src/app/plants/[id]/PlantDetailClient.tsx [Client Component SSR]
    ./src/app/plants/[id]/PlantDetailClient.tsx [Server Component]
    ./src/app/plants/[id]/page.tsx [Server Component] @ http://localhost:3001/_next/static/chunks/node_modules_next_dist_0u_w_5s._.js:1945
[    7398ms] [ERROR] ./src/lib/relatedContent.ts:11:1
Export diaries doesn't exist in target module
   9 |  */
  10 |
> 11 | import { diaries as localDiaries, diaryCategories } from "@/data/diary";
     | ^^^^^^^^^^^^^^^^^^^^^^^^^^^^^^^^^^^^^^^^^^^^^^^^^^^^^^^^^^^^^^^^^^^^^^^^
  12 | import { guides as localGuides, guideCategories } from "@/data/guides";
  13 |
  14 | export interface RelatedItem {

The export diaries was not found in module [project]/src/data/diary.ts [app-client] (ecmascript).
Did you mean to import diaryEntries?
All exports of the module are statically known (It doesn't have dynamic exports). So it's known statically that the requested export doesn't exist.

Import traces:
  Client Component Browser:
    ./src/lib/relatedContent.ts [Client Component Browser]
    ./src/app/plants/[id]/PlantDetailClient.tsx [Client Component Browser]
    ./src/app/plants/[id]/PlantDetailClient.tsx [Server Component]
    ./src/app/plants/[id]/page.tsx [Server Component]

  Client Component SSR:
    ./src/lib/relatedContent.ts [Client Component SSR]
    ./src/app/plants/[id]/PlantDetailClient.tsx [Client Component SSR]
    ./src/app/plants/[id]/PlantDetailClient.tsx [Server Component]
    ./src/app/plants/[id]/page.tsx [Server Component] @ http://localhost:3001/_next/static/chunks/node_modules_next_dist_0u_w_5s._.js:1945
[    7398ms] [ERROR] ./src/lib/relatedContent.ts:11:1
Export diaries doesn't exist in target module
   9 |  */
  10 |
> 11 | import { diaries as localDiaries, diaryCategories } from "@/data/diary";
     | ^^^^^^^^^^^^^^^^^^^^^^^^^^^^^^^^^^^^^^^^^^^^^^^^^^^^^^^^^^^^^^^^^^^^^^^^
  12 | import { guides as localGuides, guideCategories } from "@/data/guides";
  13 |
  14 | export interface RelatedItem {

The export diaries was not found in module [project]/src/data/diary.ts [app-ssr] (ecmascript).
Did you mean to import diaryEntries?
All exports of the module are statically known (It doesn't have dynamic exports). So it's known statically that the requested export doesn't exist.

Import traces:
  Client Component Browser:
    ./src/lib/relatedContent.ts [Client Component Browser]
    ./src/app/plants/[id]/PlantDetailClient.tsx [Client Component Browser]
    ./src/app/plants/[id]/PlantDetailClient.tsx [Server Component]
    ./src/app/plants/[id]/page.tsx [Server Component]

  Client Component SSR:
    ./src/lib/relatedContent.ts [Client Component SSR]
    ./src/app/plants/[id]/PlantDetailClient.tsx [Client Component SSR]
    ./src/app/plants/[id]/PlantDetailClient.tsx [Server Component]
    ./src/app/plants/[id]/page.tsx [Server Component] @ http://localhost:3001/_next/static/chunks/node_modules_next_dist_0u_w_5s._.js:1945
[    7446ms] [ERROR] ./src/lib/relatedContent.ts:11:1
Export diaries doesn't exist in target module
   9 |  */
  10 |
> 11 | import { diaries as localDiaries, diaryCategories } from "@/data/diary";
     | ^^^^^^^^^^^^^^^^^^^^^^^^^^^^^^^^^^^^^^^^^^^^^^^^^^^^^^^^^^^^^^^^^^^^^^^^
  12 | import { guides as localGuides, guideCategories } from "@/data/guides";
  13 |
  14 | export interface RelatedItem {

The export diaries was not found in module [project]/src/data/diary.ts [app-client] (ecmascript).
Did you mean to import diaryEntries?
All exports of the module are statically known (It doesn't have dynamic exports). So it's known statically that the requested export doesn't exist.

Import traces:
  Client Component Browser:
    ./src/lib/relatedContent.ts [Client Component Browser]
    ./src/app/plants/[id]/PlantDetailClient.tsx [Client Component Browser]
    ./src/app/plants/[id]/PlantDetailClient.tsx [Server Component]
    ./src/app/plants/[id]/page.tsx [Server Component]

  Client Component SSR:
    ./src/lib/relatedContent.ts [Client Component SSR]
    ./src/app/plants/[id]/PlantDetailClient.tsx [Client Component SSR]
    ./src/app/plants/[id]/PlantDetailClient.tsx [Server Component]
    ./src/app/plants/[id]/page.tsx [Server Component] @ http://localhost:3001/_next/static/chunks/node_modules_next_dist_0u_w_5s._.js:1945
[    7446ms] [ERROR] ./src/lib/relatedContent.ts:11:1
Export diaries doesn't exist in target module
   9 |  */
  10 |
> 11 | import { diaries as localDiaries, diaryCategories } from "@/data/diary";
     | ^^^^^^^^^^^^^^^^^^^^^^^^^^^^^^^^^^^^^^^^^^^^^^^^^^^^^^^^^^^^^^^^^^^^^^^^
  12 | import { guides as localGuides, guideCategories } from "@/data/guides";
  13 |
  14 | export interface RelatedItem {

The export diaries was not found in module [project]/src/data/diary.ts [app-ssr] (ecmascript).
Did you mean to import diaryEntries?
All exports of the module are statically known (It doesn't have dynamic exports). So it's known statically that the requested export doesn't exist.

Import traces:
  Client Component Browser:
    ./src/lib/relatedContent.ts [Client Component Browser]
    ./src/app/plants/[id]/PlantDetailClient.tsx [Client Component Browser]
    ./src/app/plants/[id]/PlantDetailClient.tsx [Server Component]
    ./src/app/plants/[id]/page.tsx [Server Component]

  Client Component SSR:
    ./src/lib/relatedContent.ts [Client Component SSR]
    ./src/app/plants/[id]/PlantDetailClient.tsx [Client Component SSR]
    ./src/app/plants/[id]/PlantDetailClient.tsx [Server Component]
    ./src/app/plants/[id]/page.tsx [Server Component] @ http://localhost:3001/_next/static/chunks/node_modules_next_dist_0u_w_5s._.js:1945
[    7494ms] [ERROR] ./src/lib/relatedContent.ts:11:1
Export diaries doesn't exist in target module
   9 |  */
  10 |
> 11 | import { diaries as localDiaries, diaryCategories } from "@/data/diary";
     | ^^^^^^^^^^^^^^^^^^^^^^^^^^^^^^^^^^^^^^^^^^^^^^^^^^^^^^^^^^^^^^^^^^^^^^^^
  12 | import { guides as localGuides, guideCategories } from "@/data/guides";
  13 |
  14 | export interface RelatedItem {

The export diaries was not found in module [project]/src/data/diary.ts [app-client] (ecmascript).
Did you mean to import diaryEntries?
All exports of the module are statically known (It doesn't have dynamic exports). So it's known statically that the requested export doesn't exist.

Import traces:
  Client Component Browser:
    ./src/lib/relatedContent.ts [Client Component Browser]
    ./src/app/plants/[id]/PlantDetailClient.tsx [Client Component Browser]
    ./src/app/plants/[id]/PlantDetailClient.tsx [Server Component]
    ./src/app/plants/[id]/page.tsx [Server Component]

  Client Component SSR:
    ./src/lib/relatedContent.ts [Client Component SSR]
    ./src/app/plants/[id]/PlantDetailClient.tsx [Client Component SSR]
    ./src/app/plants/[id]/PlantDetailClient.tsx [Server Component]
    ./src/app/plants/[id]/page.tsx [Server Component] @ http://localhost:3001/_next/static/chunks/node_modules_next_dist_0u_w_5s._.js:1945
[    7494ms] [ERROR] ./src/lib/relatedContent.ts:11:1
Export diaries doesn't exist in target module
   9 |  */
  10 |
> 11 | import { diaries as localDiaries, diaryCategories } from "@/data/diary";
     | ^^^^^^^^^^^^^^^^^^^^^^^^^^^^^^^^^^^^^^^^^^^^^^^^^^^^^^^^^^^^^^^^^^^^^^^^
  12 | import { guides as localGuides, guideCategories } from "@/data/guides";
  13 |
  14 | export interface RelatedItem {

The export diaries was not found in module [project]/src/data/diary.ts [app-ssr] (ecmascript).
Did you mean to import diaryEntries?
All exports of the module are statically known (It doesn't have dynamic exports). So it's known statically that the requested export doesn't exist.

Import traces:
  Client Component Browser:
    ./src/lib/relatedContent.ts [Client Component Browser]
    ./src/app/plants/[id]/PlantDetailClient.tsx [Client Component Browser]
    ./src/app/plants/[id]/PlantDetailClient.tsx [Server Component]
    ./src/app/plants/[id]/page.tsx [Server Component]

  Client Component SSR:
    ./src/lib/relatedContent.ts [Client Component SSR]
    ./src/app/plants/[id]/PlantDetailClient.tsx [Client Component SSR]
    ./src/app/plants/[id]/PlantDetailClient.tsx [Server Component]
    ./src/app/plants/[id]/page.tsx [Server Component] @ http://localhost:3001/_next/static/chunks/node_modules_next_dist_0u_w_5s._.js:1945
[    7531ms] [ERROR] ./src/lib/relatedContent.ts:11:1
Export diaries doesn't exist in target module
   9 |  */
  10 |
> 11 | import { diaries as localDiaries, diaryCategories } from "@/data/diary";
     | ^^^^^^^^^^^^^^^^^^^^^^^^^^^^^^^^^^^^^^^^^^^^^^^^^^^^^^^^^^^^^^^^^^^^^^^^
  12 | import { guides as localGuides, guideCategories } from "@/data/guides";
  13 |
  14 | export interface RelatedItem {

The export diaries was not found in module [project]/src/data/diary.ts [app-client] (ecmascript).
Did you mean to import diaryEntries?
All exports of the module are statically known (It doesn't have dynamic exports). So it's known statically that the requested export doesn't exist.

Import traces:
  Client Component Browser:
    ./src/lib/relatedContent.ts [Client Component Browser]
    ./src/app/plants/[id]/PlantDetailClient.tsx [Client Component Browser]
    ./src/app/plants/[id]/PlantDetailClient.tsx [Server Component]
    ./src/app/plants/[id]/page.tsx [Server Component]

  Client Component SSR:
    ./src/lib/relatedContent.ts [Client Component SSR]
    ./src/app/plants/[id]/PlantDetailClient.tsx [Client Component SSR]
    ./src/app/plants/[id]/PlantDetailClient.tsx [Server Component]
    ./src/app/plants/[id]/page.tsx [Server Component] @ http://localhost:3001/_next/static/chunks/node_modules_next_dist_0u_w_5s._.js:1945
[    7531ms] [ERROR] ./src/lib/relatedContent.ts:11:1
Export diaries doesn't exist in target module
   9 |  */
  10 |
> 11 | import { diaries as localDiaries, diaryCategories } from "@/data/diary";
     | ^^^^^^^^^^^^^^^^^^^^^^^^^^^^^^^^^^^^^^^^^^^^^^^^^^^^^^^^^^^^^^^^^^^^^^^^
  12 | import { guides as localGuides, guideCategories } from "@/data/guides";
  13 |
  14 | export interface RelatedItem {

The export diaries was not found in module [project]/src/data/diary.ts [app-ssr] (ecmascript).
Did you mean to import diaryEntries?
All exports of the module are statically known (It doesn't have dynamic exports). So it's known statically that the requested export doesn't exist.

Import traces:
  Client Component Browser:
    ./src/lib/relatedContent.ts [Client Component Browser]
    ./src/app/plants/[id]/PlantDetailClient.tsx [Client Component Browser]
    ./src/app/plants/[id]/PlantDetailClient.tsx [Server Component]
    ./src/app/plants/[id]/page.tsx [Server Component]

  Client Component SSR:
    ./src/lib/relatedContent.ts [Client Component SSR]
    ./src/app/plants/[id]/PlantDetailClient.tsx [Client Component SSR]
    ./src/app/plants/[id]/PlantDetailClient.tsx [Server Component]
    ./src/app/plants/[id]/page.tsx [Server Component] @ http://localhost:3001/_next/static/chunks/node_modules_next_dist_0u_w_5s._.js:1945
[    7578ms] [ERROR] ./src/lib/relatedContent.ts:11:1
Export diaries doesn't exist in target module
   9 |  */
  10 |
> 11 | import { diaries as localDiaries, diaryCategories } from "@/data/diary";
     | ^^^^^^^^^^^^^^^^^^^^^^^^^^^^^^^^^^^^^^^^^^^^^^^^^^^^^^^^^^^^^^^^^^^^^^^^
  12 | import { guides as localGuides, guideCategories } from "@/data/guides";
  13 |
  14 | export interface RelatedItem {

The export diaries was not found in module [project]/src/data/diary.ts [app-client] (ecmascript).
Did you mean to import diaryEntries?
All exports of the module are statically known (It doesn't have dynamic exports). So it's known statically that the requested export doesn't exist.

Import traces:
  Client Component Browser:
    ./src/lib/relatedContent.ts [Client Component Browser]
    ./src/app/plants/[id]/PlantDetailClient.tsx [Client Component Browser]
    ./src/app/plants/[id]/PlantDetailClient.tsx [Server Component]
    ./src/app/plants/[id]/page.tsx [Server Component]

  Client Component SSR:
    ./src/lib/relatedContent.ts [Client Component SSR]
    ./src/app/plants/[id]/PlantDetailClient.tsx [Client Component SSR]
    ./src/app/plants/[id]/PlantDetailClient.tsx [Server Component]
    ./src/app/plants/[id]/page.tsx [Server Component] @ http://localhost:3001/_next/static/chunks/node_modules_next_dist_0u_w_5s._.js:1945
[    7578ms] [ERROR] ./src/lib/relatedContent.ts:11:1
Export diaries doesn't exist in target module
   9 |  */
  10 |
> 11 | import { diaries as localDiaries, diaryCategories } from "@/data/diary";
     | ^^^^^^^^^^^^^^^^^^^^^^^^^^^^^^^^^^^^^^^^^^^^^^^^^^^^^^^^^^^^^^^^^^^^^^^^
  12 | import { guides as localGuides, guideCategories } from "@/data/guides";
  13 |
  14 | export interface RelatedItem {

The export diaries was not found in module [project]/src/data/diary.ts [app-ssr] (ecmascript).
Did you mean to import diaryEntries?
All exports of the module are statically known (It doesn't have dynamic exports). So it's known statically that the requested export doesn't exist.

Import traces:
  Client Component Browser:
    ./src/lib/relatedContent.ts [Client Component Browser]
    ./src/app/plants/[id]/PlantDetailClient.tsx [Client Component Browser]
    ./src/app/plants/[id]/PlantDetailClient.tsx [Server Component]
    ./src/app/plants/[id]/page.tsx [Server Component]

  Client Component SSR:
    ./src/lib/relatedContent.ts [Client Component SSR]
    ./src/app/plants/[id]/PlantDetailClient.tsx [Client Component SSR]
    ./src/app/plants/[id]/PlantDetailClient.tsx [Server Component]
    ./src/app/plants/[id]/page.tsx [Server Component] @ http://localhost:3001/_next/static/chunks/node_modules_next_dist_0u_w_5s._.js:1945
[    7624ms] [ERROR] ./src/lib/relatedContent.ts:11:1
Export diaries doesn't exist in target module
   9 |  */
  10 |
> 11 | import { diaries as localDiaries, diaryCategories } from "@/data/diary";
     | ^^^^^^^^^^^^^^^^^^^^^^^^^^^^^^^^^^^^^^^^^^^^^^^^^^^^^^^^^^^^^^^^^^^^^^^^
  12 | import { guides as localGuides, guideCategories } from "@/data/guides";
  13 |
  14 | export interface RelatedItem {

The export diaries was not found in module [project]/src/data/diary.ts [app-client] (ecmascript).
Did you mean to import diaryEntries?
All exports of the module are statically known (It doesn't have dynamic exports). So it's known statically that the requested export doesn't exist.

Import traces:
  Client Component Browser:
    ./src/lib/relatedContent.ts [Client Component Browser]
    ./src/app/plants/[id]/PlantDetailClient.tsx [Client Component Browser]
    ./src/app/plants/[id]/PlantDetailClient.tsx [Server Component]
    ./src/app/plants/[id]/page.tsx [Server Component]

  Client Component SSR:
    ./src/lib/relatedContent.ts [Client Component SSR]
    ./src/app/plants/[id]/PlantDetailClient.tsx [Client Component SSR]
    ./src/app/plants/[id]/PlantDetailClient.tsx [Server Component]
    ./src/app/plants/[id]/page.tsx [Server Component] @ http://localhost:3001/_next/static/chunks/node_modules_next_dist_0u_w_5s._.js:1945
[    7624ms] [ERROR] ./src/lib/relatedContent.ts:11:1
Export diaries doesn't exist in target module
   9 |  */
  10 |
> 11 | import { diaries as localDiaries, diaryCategories } from "@/data/diary";
     | ^^^^^^^^^^^^^^^^^^^^^^^^^^^^^^^^^^^^^^^^^^^^^^^^^^^^^^^^^^^^^^^^^^^^^^^^
  12 | import { guides as localGuides, guideCategories } from "@/data/guides";
  13 |
  14 | export interface RelatedItem {

The export diaries was not found in module [project]/src/data/diary.ts [app-ssr] (ecmascript).
Did you mean to import diaryEntries?
All exports of the module are statically known (It doesn't have dynamic exports). So it's known statically that the requested export doesn't exist.

Import traces:
  Client Component Browser:
    ./src/lib/relatedContent.ts [Client Component Browser]
    ./src/app/plants/[id]/PlantDetailClient.tsx [Client Component Browser]
    ./src/app/plants/[id]/PlantDetailClient.tsx [Server Component]
    ./src/app/plants/[id]/page.tsx [Server Component]

  Client Component SSR:
    ./src/lib/relatedContent.ts [Client Component SSR]
    ./src/app/plants/[id]/PlantDetailClient.tsx [Client Component SSR]
    ./src/app/plants/[id]/PlantDetailClient.tsx [Server Component]
    ./src/app/plants/[id]/page.tsx [Server Component] @ http://localhost:3001/_next/static/chunks/node_modules_next_dist_0u_w_5s._.js:1945
[    7671ms] [ERROR] ./src/lib/relatedContent.ts:11:1
Export diaries doesn't exist in target module
   9 |  */
  10 |
> 11 | import { diaries as localDiaries, diaryCategories } from "@/data/diary";
     | ^^^^^^^^^^^^^^^^^^^^^^^^^^^^^^^^^^^^^^^^^^^^^^^^^^^^^^^^^^^^^^^^^^^^^^^^
  12 | import { guides as localGuides, guideCategories } from "@/data/guides";
  13 |
  14 | export interface RelatedItem {

The export diaries was not found in module [project]/src/data/diary.ts [app-client] (ecmascript).
Did you mean to import diaryEntries?
All exports of the module are statically known (It doesn't have dynamic exports). So it's known statically that the requested export doesn't exist.

Import traces:
  Client Component Browser:
    ./src/lib/relatedContent.ts [Client Component Browser]
    ./src/app/plants/[id]/PlantDetailClient.tsx [Client Component Browser]
    ./src/app/plants/[id]/PlantDetailClient.tsx [Server Component]
    ./src/app/plants/[id]/page.tsx [Server Component]

  Client Component SSR:
    ./src/lib/relatedContent.ts [Client Component SSR]
    ./src/app/plants/[id]/PlantDetailClient.tsx [Client Component SSR]
    ./src/app/plants/[id]/PlantDetailClient.tsx [Server Component]
    ./src/app/plants/[id]/page.tsx [Server Component] @ http://localhost:3001/_next/static/chunks/node_modules_next_dist_0u_w_5s._.js:1945
[    7671ms] [ERROR] ./src/lib/relatedContent.ts:11:1
Export diaries doesn't exist in target module
   9 |  */
  10 |
> 11 | import { diaries as localDiaries, diaryCategories } from "@/data/diary";
     | ^^^^^^^^^^^^^^^^^^^^^^^^^^^^^^^^^^^^^^^^^^^^^^^^^^^^^^^^^^^^^^^^^^^^^^^^
  12 | import { guides as localGuides, guideCategories } from "@/data/guides";
  13 |
  14 | export interface RelatedItem {

The export diaries was not found in module [project]/src/data/diary.ts [app-ssr] (ecmascript).
Did you mean to import diaryEntries?
All exports of the module are statically known (It doesn't have dynamic exports). So it's known statically that the requested export doesn't exist.

Import traces:
  Client Component Browser:
    ./src/lib/relatedContent.ts [Client Component Browser]
    ./src/app/plants/[id]/PlantDetailClient.tsx [Client Component Browser]
    ./src/app/plants/[id]/PlantDetailClient.tsx [Server Component]
    ./src/app/plants/[id]/page.tsx [Server Component]

  Client Component SSR:
    ./src/lib/relatedContent.ts [Client Component SSR]
    ./src/app/plants/[id]/PlantDetailClient.tsx [Client Component SSR]
    ./src/app/plants/[id]/PlantDetailClient.tsx [Server Component]
    ./src/app/plants/[id]/page.tsx [Server Component] @ http://localhost:3001/_next/static/chunks/node_modules_next_dist_0u_w_5s._.js:1945
[    7718ms] [ERROR] ./src/lib/relatedContent.ts:11:1
Export diaries doesn't exist in target module
   9 |  */
  10 |
> 11 | import { diaries as localDiaries, diaryCategories } from "@/data/diary";
     | ^^^^^^^^^^^^^^^^^^^^^^^^^^^^^^^^^^^^^^^^^^^^^^^^^^^^^^^^^^^^^^^^^^^^^^^^
  12 | import { guides as localGuides, guideCategories } from "@/data/guides";
  13 |
  14 | export interface RelatedItem {

The export diaries was not found in module [project]/src/data/diary.ts [app-client] (ecmascript).
Did you mean to import diaryEntries?
All exports of the module are statically known (It doesn't have dynamic exports). So it's known statically that the requested export doesn't exist.

Import traces:
  Client Component Browser:
    ./src/lib/relatedContent.ts [Client Component Browser]
    ./src/app/plants/[id]/PlantDetailClient.tsx [Client Component Browser]
    ./src/app/plants/[id]/PlantDetailClient.tsx [Server Component]
    ./src/app/plants/[id]/page.tsx [Server Component]

  Client Component SSR:
    ./src/lib/relatedContent.ts [Client Component SSR]
    ./src/app/plants/[id]/PlantDetailClient.tsx [Client Component SSR]
    ./src/app/plants/[id]/PlantDetailClient.tsx [Server Component]
    ./src/app/plants/[id]/page.tsx [Server Component] @ http://localhost:3001/_next/static/chunks/node_modules_next_dist_0u_w_5s._.js:1945
[    7718ms] [ERROR] ./src/lib/relatedContent.ts:11:1
Export diaries doesn't exist in target module
   9 |  */
  10 |
> 11 | import { diaries as localDiaries, diaryCategories } from "@/data/diary";
     | ^^^^^^^^^^^^^^^^^^^^^^^^^^^^^^^^^^^^^^^^^^^^^^^^^^^^^^^^^^^^^^^^^^^^^^^^
  12 | import { guides as localGuides, guideCategories } from "@/data/guides";
  13 |
  14 | export interface RelatedItem {

The export diaries was not found in module [project]/src/data/diary.ts [app-ssr] (ecmascript).
Did you mean to import diaryEntries?
All exports of the module are statically known (It doesn't have dynamic exports). So it's known statically that the requested export doesn't exist.

Import traces:
  Client Component Browser:
    ./src/lib/relatedContent.ts [Client Component Browser]
    ./src/app/plants/[id]/PlantDetailClient.tsx [Client Component Browser]
    ./src/app/plants/[id]/PlantDetailClient.tsx [Server Component]
    ./src/app/plants/[id]/page.tsx [Server Component]

  Client Component SSR:
    ./src/lib/relatedContent.ts [Client Component SSR]
    ./src/app/plants/[id]/PlantDetailClient.tsx [Client Component SSR]
    ./src/app/plants/[id]/PlantDetailClient.tsx [Server Component]
    ./src/app/plants/[id]/page.tsx [Server Component] @ http://localhost:3001/_next/static/chunks/node_modules_next_dist_0u_w_5s._.js:1945
[    7766ms] [ERROR] ./src/lib/relatedContent.ts:11:1
Export diaries doesn't exist in target module
   9 |  */
  10 |
> 11 | import { diaries as localDiaries, diaryCategories } from "@/data/diary";
     | ^^^^^^^^^^^^^^^^^^^^^^^^^^^^^^^^^^^^^^^^^^^^^^^^^^^^^^^^^^^^^^^^^^^^^^^^
  12 | import { guides as localGuides, guideCategories } from "@/data/guides";
  13 |
  14 | export interface RelatedItem {

The export diaries was not found in module [project]/src/data/diary.ts [app-client] (ecmascript).
Did you mean to import diaryEntries?
All exports of the module are statically known (It doesn't have dynamic exports). So it's known statically that the requested export doesn't exist.

Import traces:
  Client Component Browser:
    ./src/lib/relatedContent.ts [Client Component Browser]
    ./src/app/plants/[id]/PlantDetailClient.tsx [Client Component Browser]
    ./src/app/plants/[id]/PlantDetailClient.tsx [Server Component]
    ./src/app/plants/[id]/page.tsx [Server Component]

  Client Component SSR:
    ./src/lib/relatedContent.ts [Client Component SSR]
    ./src/app/plants/[id]/PlantDetailClient.tsx [Client Component SSR]
    ./src/app/plants/[id]/PlantDetailClient.tsx [Server Component]
    ./src/app/plants/[id]/page.tsx [Server Component] @ http://localhost:3001/_next/static/chunks/node_modules_next_dist_0u_w_5s._.js:1945
[    7766ms] [ERROR] ./src/lib/relatedContent.ts:11:1
Export diaries doesn't exist in target module
   9 |  */
  10 |
> 11 | import { diaries as localDiaries, diaryCategories } from "@/data/diary";
     | ^^^^^^^^^^^^^^^^^^^^^^^^^^^^^^^^^^^^^^^^^^^^^^^^^^^^^^^^^^^^^^^^^^^^^^^^
  12 | import { guides as localGuides, guideCategories } from "@/data/guides";
  13 |
  14 | export interface RelatedItem {

The export diaries was not found in module [project]/src/data/diary.ts [app-ssr] (ecmascript).
Did you mean to import diaryEntries?
All exports of the module are statically known (It doesn't have dynamic exports). So it's known statically that the requested export doesn't exist.

Import traces:
  Client Component Browser:
    ./src/lib/relatedContent.ts [Client Component Browser]
    ./src/app/plants/[id]/PlantDetailClient.tsx [Client Component Browser]
    ./src/app/plants/[id]/PlantDetailClient.tsx [Server Component]
    ./src/app/plants/[id]/page.tsx [Server Component]

  Client Component SSR:
    ./src/lib/relatedContent.ts [Client Component SSR]
    ./src/app/plants/[id]/PlantDetailClient.tsx [Client Component SSR]
    ./src/app/plants/[id]/PlantDetailClient.tsx [Server Component]
    ./src/app/plants/[id]/page.tsx [Server Component] @ http://localhost:3001/_next/static/chunks/node_modules_next_dist_0u_w_5s._.js:1945
[    7813ms] [ERROR] ./src/lib/relatedContent.ts:11:1
Export diaries doesn't exist in target module
   9 |  */
  10 |
> 11 | import { diaries as localDiaries, diaryCategories } from "@/data/diary";
     | ^^^^^^^^^^^^^^^^^^^^^^^^^^^^^^^^^^^^^^^^^^^^^^^^^^^^^^^^^^^^^^^^^^^^^^^^
  12 | import { guides as localGuides, guideCategories } from "@/data/guides";
  13 |
  14 | export interface RelatedItem {

The export diaries was not found in module [project]/src/data/diary.ts [app-client] (ecmascript).
Did you mean to import diaryEntries?
All exports of the module are statically known (It doesn't have dynamic exports). So it's known statically that the requested export doesn't exist.

Import traces:
  Client Component Browser:
    ./src/lib/relatedContent.ts [Client Component Browser]
    ./src/app/plants/[id]/PlantDetailClient.tsx [Client Component Browser]
    ./src/app/plants/[id]/PlantDetailClient.tsx [Server Component]
    ./src/app/plants/[id]/page.tsx [Server Component]

  Client Component SSR:
    ./src/lib/relatedContent.ts [Client Component SSR]
    ./src/app/plants/[id]/PlantDetailClient.tsx [Client Component SSR]
    ./src/app/plants/[id]/PlantDetailClient.tsx [Server Component]
    ./src/app/plants/[id]/page.tsx [Server Component] @ http://localhost:3001/_next/static/chunks/node_modules_next_dist_0u_w_5s._.js:1945
[    7813ms] [ERROR] ./src/lib/relatedContent.ts:11:1
Export diaries doesn't exist in target module
   9 |  */
  10 |
> 11 | import { diaries as localDiaries, diaryCategories } from "@/data/diary";
     | ^^^^^^^^^^^^^^^^^^^^^^^^^^^^^^^^^^^^^^^^^^^^^^^^^^^^^^^^^^^^^^^^^^^^^^^^
  12 | import { guides as localGuides, guideCategories } from "@/data/guides";
  13 |
  14 | export interface RelatedItem {

The export diaries was not found in module [project]/src/data/diary.ts [app-ssr] (ecmascript).
Did you mean to import diaryEntries?
All exports of the module are statically known (It doesn't have dynamic exports). So it's known statically that the requested export doesn't exist.

Import traces:
  Client Component Browser:
    ./src/lib/relatedContent.ts [Client Component Browser]
    ./src/app/plants/[id]/PlantDetailClient.tsx [Client Component Browser]
    ./src/app/plants/[id]/PlantDetailClient.tsx [Server Component]
    ./src/app/plants/[id]/page.tsx [Server Component]

  Client Component SSR:
    ./src/lib/relatedContent.ts [Client Component SSR]
    ./src/app/plants/[id]/PlantDetailClient.tsx [Client Component SSR]
    ./src/app/plants/[id]/PlantDetailClient.tsx [Server Component]
    ./src/app/plants/[id]/page.tsx [Server Component] @ http://localhost:3001/_next/static/chunks/node_modules_next_dist_0u_w_5s._.js:1945
[    7862ms] [ERROR] ./src/lib/relatedContent.ts:11:1
Export diaries doesn't exist in target module
   9 |  */
  10 |
> 11 | import { diaries as localDiaries, diaryCategories } from "@/data/diary";
     | ^^^^^^^^^^^^^^^^^^^^^^^^^^^^^^^^^^^^^^^^^^^^^^^^^^^^^^^^^^^^^^^^^^^^^^^^
  12 | import { guides as localGuides, guideCategories } from "@/data/guides";
  13 |
  14 | export interface RelatedItem {

The export diaries was not found in module [project]/src/data/diary.ts [app-client] (ecmascript).
Did you mean to import diaryEntries?
All exports of the module are statically known (It doesn't have dynamic exports). So it's known statically that the requested export doesn't exist.

Import traces:
  Client Component Browser:
    ./src/lib/relatedContent.ts [Client Component Browser]
    ./src/app/plants/[id]/PlantDetailClient.tsx [Client Component Browser]
    ./src/app/plants/[id]/PlantDetailClient.tsx [Server Component]
    ./src/app/plants/[id]/page.tsx [Server Component]

  Client Component SSR:
    ./src/lib/relatedContent.ts [Client Component SSR]
    ./src/app/plants/[id]/PlantDetailClient.tsx [Client Component SSR]
    ./src/app/plants/[id]/PlantDetailClient.tsx [Server Component]
    ./src/app/plants/[id]/page.tsx [Server Component] @ http://localhost:3001/_next/static/chunks/node_modules_next_dist_0u_w_5s._.js:1945
[    7862ms] [ERROR] ./src/lib/relatedContent.ts:11:1
Export diaries doesn't exist in target module
   9 |  */
  10 |
> 11 | import { diaries as localDiaries, diaryCategories } from "@/data/diary";
     | ^^^^^^^^^^^^^^^^^^^^^^^^^^^^^^^^^^^^^^^^^^^^^^^^^^^^^^^^^^^^^^^^^^^^^^^^
  12 | import { guides as localGuides, guideCategories } from "@/data/guides";
  13 |
  14 | export interface RelatedItem {

The export diaries was not found in module [project]/src/data/diary.ts [app-ssr] (ecmascript).
Did you mean to import diaryEntries?
All exports of the module are statically known (It doesn't have dynamic exports). So it's known statically that the requested export doesn't exist.

Import traces:
  Client Component Browser:
    ./src/lib/relatedContent.ts [Client Component Browser]
    ./src/app/plants/[id]/PlantDetailClient.tsx [Client Component Browser]
    ./src/app/plants/[id]/PlantDetailClient.tsx [Server Component]
    ./src/app/plants/[id]/page.tsx [Server Component]

  Client Component SSR:
    ./src/lib/relatedContent.ts [Client Component SSR]
    ./src/app/plants/[id]/PlantDetailClient.tsx [Client Component SSR]
    ./src/app/plants/[id]/PlantDetailClient.tsx [Server Component]
    ./src/app/plants/[id]/page.tsx [Server Component] @ http://localhost:3001/_next/static/chunks/node_modules_next_dist_0u_w_5s._.js:1945
[    7910ms] [ERROR] ./src/lib/relatedContent.ts:11:1
Export diaries doesn't exist in target module
   9 |  */
  10 |
> 11 | import { diaries as localDiaries, diaryCategories } from "@/data/diary";
     | ^^^^^^^^^^^^^^^^^^^^^^^^^^^^^^^^^^^^^^^^^^^^^^^^^^^^^^^^^^^^^^^^^^^^^^^^
  12 | import { guides as localGuides, guideCategories } from "@/data/guides";
  13 |
  14 | export interface RelatedItem {

The export diaries was not found in module [project]/src/data/diary.ts [app-client] (ecmascript).
Did you mean to import diaryEntries?
All exports of the module are statically known (It doesn't have dynamic exports). So it's known statically that the requested export doesn't exist.

Import traces:
  Client Component Browser:
    ./src/lib/relatedContent.ts [Client Component Browser]
    ./src/app/plants/[id]/PlantDetailClient.tsx [Client Component Browser]
    ./src/app/plants/[id]/PlantDetailClient.tsx [Server Component]
    ./src/app/plants/[id]/page.tsx [Server Component]

  Client Component SSR:
    ./src/lib/relatedContent.ts [Client Component SSR]
    ./src/app/plants/[id]/PlantDetailClient.tsx [Client Component SSR]
    ./src/app/plants/[id]/PlantDetailClient.tsx [Server Component]
    ./src/app/plants/[id]/page.tsx [Server Component] @ http://localhost:3001/_next/static/chunks/node_modules_next_dist_0u_w_5s._.js:1945
[    7910ms] [ERROR] ./src/lib/relatedContent.ts:11:1
Export diaries doesn't exist in target module
   9 |  */
  10 |
> 11 | import { diaries as localDiaries, diaryCategories } from "@/data/diary";
     | ^^^^^^^^^^^^^^^^^^^^^^^^^^^^^^^^^^^^^^^^^^^^^^^^^^^^^^^^^^^^^^^^^^^^^^^^
  12 | import { guides as localGuides, guideCategories } from "@/data/guides";
  13 |
  14 | export interface RelatedItem {

The export diaries was not found in module [project]/src/data/diary.ts [app-ssr] (ecmascript).
Did you mean to import diaryEntries?
All exports of the module are statically known (It doesn't have dynamic exports). So it's known statically that the requested export doesn't exist.

Import traces:
  Client Component Browser:
    ./src/lib/relatedContent.ts [Client Component Browser]
    ./src/app/plants/[id]/PlantDetailClient.tsx [Client Component Browser]
    ./src/app/plants/[id]/PlantDetailClient.tsx [Server Component]
    ./src/app/plants/[id]/page.tsx [Server Component]

  Client Component SSR:
    ./src/lib/relatedContent.ts [Client Component SSR]
    ./src/app/plants/[id]/PlantDetailClient.tsx [Client Component SSR]
    ./src/app/plants/[id]/PlantDetailClient.tsx [Server Component]
    ./src/app/plants/[id]/page.tsx [Server Component] @ http://localhost:3001/_next/static/chunks/node_modules_next_dist_0u_w_5s._.js:1945
[    7961ms] [ERROR] ./src/lib/relatedContent.ts:11:1
Export diaries doesn't exist in target module
   9 |  */
  10 |
> 11 | import { diaries as localDiaries, diaryCategories } from "@/data/diary";
     | ^^^^^^^^^^^^^^^^^^^^^^^^^^^^^^^^^^^^^^^^^^^^^^^^^^^^^^^^^^^^^^^^^^^^^^^^
  12 | import { guides as localGuides, guideCategories } from "@/data/guides";
  13 |
  14 | export interface RelatedItem {

The export diaries was not found in module [project]/src/data/diary.ts [app-client] (ecmascript).
Did you mean to import diaryEntries?
All exports of the module are statically known (It doesn't have dynamic exports). So it's known statically that the requested export doesn't exist.

Import traces:
  Client Component Browser:
    ./src/lib/relatedContent.ts [Client Component Browser]
    ./src/app/plants/[id]/PlantDetailClient.tsx [Client Component Browser]
    ./src/app/plants/[id]/PlantDetailClient.tsx [Server Component]
    ./src/app/plants/[id]/page.tsx [Server Component]

  Client Component SSR:
    ./src/lib/relatedContent.ts [Client Component SSR]
    ./src/app/plants/[id]/PlantDetailClient.tsx [Client Component SSR]
    ./src/app/plants/[id]/PlantDetailClient.tsx [Server Component]
    ./src/app/plants/[id]/page.tsx [Server Component] @ http://localhost:3001/_next/static/chunks/node_modules_next_dist_0u_w_5s._.js:1945
[    7961ms] [ERROR] ./src/lib/relatedContent.ts:11:1
Export diaries doesn't exist in target module
   9 |  */
  10 |
> 11 | import { diaries as localDiaries, diaryCategories } from "@/data/diary";
     | ^^^^^^^^^^^^^^^^^^^^^^^^^^^^^^^^^^^^^^^^^^^^^^^^^^^^^^^^^^^^^^^^^^^^^^^^
  12 | import { guides as localGuides, guideCategories } from "@/data/guides";
  13 |
  14 | export interface RelatedItem {

The export diaries was not found in module [project]/src/data/diary.ts [app-ssr] (ecmascript).
Did you mean to import diaryEntries?
All exports of the module are statically known (It doesn't have dynamic exports). So it's known statically that the requested export doesn't exist.

Import traces:
  Client Component Browser:
    ./src/lib/relatedContent.ts [Client Component Browser]
    ./src/app/plants/[id]/PlantDetailClient.tsx [Client Component Browser]
    ./src/app/plants/[id]/PlantDetailClient.tsx [Server Component]
    ./src/app/plants/[id]/page.tsx [Server Component]

  Client Component SSR:
    ./src/lib/relatedContent.ts [Client Component SSR]
    ./src/app/plants/[id]/PlantDetailClient.tsx [Client Component SSR]
    ./src/app/plants/[id]/PlantDetailClient.tsx [Server Component]
    ./src/app/plants/[id]/page.tsx [Server Component] @ http://localhost:3001/_next/static/chunks/node_modules_next_dist_0u_w_5s._.js:1945
[    8011ms] [ERROR] ./src/lib/relatedContent.ts:11:1
Export diaries doesn't exist in target module
   9 |  */
  10 |
> 11 | import { diaries as localDiaries, diaryCategories } from "@/data/diary";
     | ^^^^^^^^^^^^^^^^^^^^^^^^^^^^^^^^^^^^^^^^^^^^^^^^^^^^^^^^^^^^^^^^^^^^^^^^
  12 | import { guides as localGuides, guideCategories } from "@/data/guides";
  13 |
  14 | export interface RelatedItem {

The export diaries was not found in module [project]/src/data/diary.ts [app-client] (ecmascript).
Did you mean to import diaryEntries?
All exports of the module are statically known (It doesn't have dynamic exports). So it's known statically that the requested export doesn't exist.

Import traces:
  Client Component Browser:
    ./src/lib/relatedContent.ts [Client Component Browser]
    ./src/app/plants/[id]/PlantDetailClient.tsx [Client Component Browser]
    ./src/app/plants/[id]/PlantDetailClient.tsx [Server Component]
    ./src/app/plants/[id]/page.tsx [Server Component]

  Client Component SSR:
    ./src/lib/relatedContent.ts [Client Component SSR]
    ./src/app/plants/[id]/PlantDetailClient.tsx [Client Component SSR]
    ./src/app/plants/[id]/PlantDetailClient.tsx [Server Component]
    ./src/app/plants/[id]/page.tsx [Server Component] @ http://localhost:3001/_next/static/chunks/node_modules_next_dist_0u_w_5s._.js:1945
[    8011ms] [ERROR] ./src/lib/relatedContent.ts:11:1
Export diaries doesn't exist in target module
   9 |  */
  10 |
> 11 | import { diaries as localDiaries, diaryCategories } from "@/data/diary";
     | ^^^^^^^^^^^^^^^^^^^^^^^^^^^^^^^^^^^^^^^^^^^^^^^^^^^^^^^^^^^^^^^^^^^^^^^^
  12 | import { guides as localGuides, guideCategories } from "@/data/guides";
  13 |
  14 | export interface RelatedItem {

The export diaries was not found in module [project]/src/data/diary.ts [app-ssr] (ecmascript).
Did you mean to import diaryEntries?
All exports of the module are statically known (It doesn't have dynamic exports). So it's known statically that the requested export doesn't exist.

Import traces:
  Client Component Browser:
    ./src/lib/relatedContent.ts [Client Component Browser]
    ./src/app/plants/[id]/PlantDetailClient.tsx [Client Component Browser]
    ./src/app/plants/[id]/PlantDetailClient.tsx [Server Component]
    ./src/app/plants/[id]/page.tsx [Server Component]

  Client Component SSR:
    ./src/lib/relatedContent.ts [Client Component SSR]
    ./src/app/plants/[id]/PlantDetailClient.tsx [Client Component SSR]
    ./src/app/plants/[id]/PlantDetailClient.tsx [Server Component]
    ./src/app/plants/[id]/page.tsx [Server Component] @ http://localhost:3001/_next/static/chunks/node_modules_next_dist_0u_w_5s._.js:1945
[    8059ms] [ERROR] ./src/lib/relatedContent.ts:11:1
Export diaries doesn't exist in target module
   9 |  */
  10 |
> 11 | import { diaries as localDiaries, diaryCategories } from "@/data/diary";
     | ^^^^^^^^^^^^^^^^^^^^^^^^^^^^^^^^^^^^^^^^^^^^^^^^^^^^^^^^^^^^^^^^^^^^^^^^
  12 | import { guides as localGuides, guideCategories } from "@/data/guides";
  13 |
  14 | export interface RelatedItem {

The export diaries was not found in module [project]/src/data/diary.ts [app-client] (ecmascript).
Did you mean to import diaryEntries?
All exports of the module are statically known (It doesn't have dynamic exports). So it's known statically that the requested export doesn't exist.

Import traces:
  Client Component Browser:
    ./src/lib/relatedContent.ts [Client Component Browser]
    ./src/app/plants/[id]/PlantDetailClient.tsx [Client Component Browser]
    ./src/app/plants/[id]/PlantDetailClient.tsx [Server Component]
    ./src/app/plants/[id]/page.tsx [Server Component]

  Client Component SSR:
    ./src/lib/relatedContent.ts [Client Component SSR]
    ./src/app/plants/[id]/PlantDetailClient.tsx [Client Component SSR]
    ./src/app/plants/[id]/PlantDetailClient.tsx [Server Component]
    ./src/app/plants/[id]/page.tsx [Server Component] @ http://localhost:3001/_next/static/chunks/node_modules_next_dist_0u_w_5s._.js:1945
[    8060ms] [ERROR] ./src/lib/relatedContent.ts:11:1
Export diaries doesn't exist in target module
   9 |  */
  10 |
> 11 | import { diaries as localDiaries, diaryCategories } from "@/data/diary";
     | ^^^^^^^^^^^^^^^^^^^^^^^^^^^^^^^^^^^^^^^^^^^^^^^^^^^^^^^^^^^^^^^^^^^^^^^^
  12 | import { guides as localGuides, guideCategories } from "@/data/guides";
  13 |
  14 | export interface RelatedItem {

The export diaries was not found in module [project]/src/data/diary.ts [app-ssr] (ecmascript).
Did you mean to import diaryEntries?
All exports of the module are statically known (It doesn't have dynamic exports). So it's known statically that the requested export doesn't exist.

Import traces:
  Client Component Browser:
    ./src/lib/relatedContent.ts [Client Component Browser]
    ./src/app/plants/[id]/PlantDetailClient.tsx [Client Component Browser]
    ./src/app/plants/[id]/PlantDetailClient.tsx [Server Component]
    ./src/app/plants/[id]/page.tsx [Server Component]

  Client Component SSR:
    ./src/lib/relatedContent.ts [Client Component SSR]
    ./src/app/plants/[id]/PlantDetailClient.tsx [Client Component SSR]
    ./src/app/plants/[id]/PlantDetailClient.tsx [Server Component]
    ./src/app/plants/[id]/page.tsx [Server Component] @ http://localhost:3001/_next/static/chunks/node_modules_next_dist_0u_w_5s._.js:1945
[    8108ms] [ERROR] ./src/lib/relatedContent.ts:11:1
Export diaries doesn't exist in target module
   9 |  */
  10 |
> 11 | import { diaries as localDiaries, diaryCategories } from "@/data/diary";
     | ^^^^^^^^^^^^^^^^^^^^^^^^^^^^^^^^^^^^^^^^^^^^^^^^^^^^^^^^^^^^^^^^^^^^^^^^
  12 | import { guides as localGuides, guideCategories } from "@/data/guides";
  13 |
  14 | export interface RelatedItem {

The export diaries was not found in module [project]/src/data/diary.ts [app-client] (ecmascript).
Did you mean to import diaryEntries?
All exports of the module are statically known (It doesn't have dynamic exports). So it's known statically that the requested export doesn't exist.

Import traces:
  Client Component Browser:
    ./src/lib/relatedContent.ts [Client Component Browser]
    ./src/app/plants/[id]/PlantDetailClient.tsx [Client Component Browser]
    ./src/app/plants/[id]/PlantDetailClient.tsx [Server Component]
    ./src/app/plants/[id]/page.tsx [Server Component]

  Client Component SSR:
    ./src/lib/relatedContent.ts [Client Component SSR]
    ./src/app/plants/[id]/PlantDetailClient.tsx [Client Component SSR]
    ./src/app/plants/[id]/PlantDetailClient.tsx [Server Component]
    ./src/app/plants/[id]/page.tsx [Server Component] @ http://localhost:3001/_next/static/chunks/node_modules_next_dist_0u_w_5s._.js:1945
[    8108ms] [ERROR] ./src/lib/relatedContent.ts:11:1
Export diaries doesn't exist in target module
   9 |  */
  10 |
> 11 | import { diaries as localDiaries, diaryCategories } from "@/data/diary";
     | ^^^^^^^^^^^^^^^^^^^^^^^^^^^^^^^^^^^^^^^^^^^^^^^^^^^^^^^^^^^^^^^^^^^^^^^^
  12 | import { guides as localGuides, guideCategories } from "@/data/guides";
  13 |
  14 | export interface RelatedItem {

The export diaries was not found in module [project]/src/data/diary.ts [app-ssr] (ecmascript).
Did you mean to import diaryEntries?
All exports of the module are statically known (It doesn't have dynamic exports). So it's known statically that the requested export doesn't exist.

Import traces:
  Client Component Browser:
    ./src/lib/relatedContent.ts [Client Component Browser]
    ./src/app/plants/[id]/PlantDetailClient.tsx [Client Component Browser]
    ./src/app/plants/[id]/PlantDetailClient.tsx [Server Component]
    ./src/app/plants/[id]/page.tsx [Server Component]

  Client Component SSR:
    ./src/lib/relatedContent.ts [Client Component SSR]
    ./src/app/plants/[id]/PlantDetailClient.tsx [Client Component SSR]
    ./src/app/plants/[id]/PlantDetailClient.tsx [Server Component]
    ./src/app/plants/[id]/page.tsx [Server Component] @ http://localhost:3001/_next/static/chunks/node_modules_next_dist_0u_w_5s._.js:1945
[    8158ms] [ERROR] ./src/lib/relatedContent.ts:11:1
Export diaries doesn't exist in target module
   9 |  */
  10 |
> 11 | import { diaries as localDiaries, diaryCategories } from "@/data/diary";
     | ^^^^^^^^^^^^^^^^^^^^^^^^^^^^^^^^^^^^^^^^^^^^^^^^^^^^^^^^^^^^^^^^^^^^^^^^
  12 | import { guides as localGuides, guideCategories } from "@/data/guides";
  13 |
  14 | export interface RelatedItem {

The export diaries was not found in module [project]/src/data/diary.ts [app-client] (ecmascript).
Did you mean to import diaryEntries?
All exports of the module are statically known (It doesn't have dynamic exports). So it's known statically that the requested export doesn't exist.

Import traces:
  Client Component Browser:
    ./src/lib/relatedContent.ts [Client Component Browser]
    ./src/app/plants/[id]/PlantDetailClient.tsx [Client Component Browser]
    ./src/app/plants/[id]/PlantDetailClient.tsx [Server Component]
    ./src/app/plants/[id]/page.tsx [Server Component]

  Client Component SSR:
    ./src/lib/relatedContent.ts [Client Component SSR]
    ./src/app/plants/[id]/PlantDetailClient.tsx [Client Component SSR]
    ./src/app/plants/[id]/PlantDetailClient.tsx [Server Component]
    ./src/app/plants/[id]/page.tsx [Server Component] @ http://localhost:3001/_next/static/chunks/node_modules_next_dist_0u_w_5s._.js:1945
[    8158ms] [ERROR] ./src/lib/relatedContent.ts:11:1
Export diaries doesn't exist in target module
   9 |  */
  10 |
> 11 | import { diaries as localDiaries, diaryCategories } from "@/data/diary";
     | ^^^^^^^^^^^^^^^^^^^^^^^^^^^^^^^^^^^^^^^^^^^^^^^^^^^^^^^^^^^^^^^^^^^^^^^^
  12 | import { guides as localGuides, guideCategories } from "@/data/guides";
  13 |
  14 | export interface RelatedItem {

The export diaries was not found in module [project]/src/data/diary.ts [app-ssr] (ecmascript).
Did you mean to import diaryEntries?
All exports of the module are statically known (It doesn't have dynamic exports). So it's known statically that the requested export doesn't exist.

Import traces:
  Client Component Browser:
    ./src/lib/relatedContent.ts [Client Component Browser]
    ./src/app/plants/[id]/PlantDetailClient.tsx [Client Component Browser]
    ./src/app/plants/[id]/PlantDetailClient.tsx [Server Component]
    ./src/app/plants/[id]/page.tsx [Server Component]

  Client Component SSR:
    ./src/lib/relatedContent.ts [Client Component SSR]
    ./src/app/plants/[id]/PlantDetailClient.tsx [Client Component SSR]
    ./src/app/plants/[id]/PlantDetailClient.tsx [Server Component]
    ./src/app/plants/[id]/page.tsx [Server Component] @ http://localhost:3001/_next/static/chunks/node_modules_next_dist_0u_w_5s._.js:1945
[    8207ms] [ERROR] ./src/lib/relatedContent.ts:11:1
Export diaries doesn't exist in target module
   9 |  */
  10 |
> 11 | import { diaries as localDiaries, diaryCategories } from "@/data/diary";
     | ^^^^^^^^^^^^^^^^^^^^^^^^^^^^^^^^^^^^^^^^^^^^^^^^^^^^^^^^^^^^^^^^^^^^^^^^
  12 | import { guides as localGuides, guideCategories } from "@/data/guides";
  13 |
  14 | export interface RelatedItem {

The export diaries was not found in module [project]/src/data/diary.ts [app-client] (ecmascript).
Did you mean to import diaryEntries?
All exports of the module are statically known (It doesn't have dynamic exports). So it's known statically that the requested export doesn't exist.

Import traces:
  Client Component Browser:
    ./src/lib/relatedContent.ts [Client Component Browser]
    ./src/app/plants/[id]/PlantDetailClient.tsx [Client Component Browser]
    ./src/app/plants/[id]/PlantDetailClient.tsx [Server Component]
    ./src/app/plants/[id]/page.tsx [Server Component]

  Client Component SSR:
    ./src/lib/relatedContent.ts [Client Component SSR]
    ./src/app/plants/[id]/PlantDetailClient.tsx [Client Component SSR]
    ./src/app/plants/[id]/PlantDetailClient.tsx [Server Component]
    ./src/app/plants/[id]/page.tsx [Server Component] @ http://localhost:3001/_next/static/chunks/node_modules_next_dist_0u_w_5s._.js:1945
[    8207ms] [ERROR] ./src/lib/relatedContent.ts:11:1
Export diaries doesn't exist in target module
   9 |  */
  10 |
> 11 | import { diaries as localDiaries, diaryCategories } from "@/data/diary";
     | ^^^^^^^^^^^^^^^^^^^^^^^^^^^^^^^^^^^^^^^^^^^^^^^^^^^^^^^^^^^^^^^^^^^^^^^^
  12 | import { guides as localGuides, guideCategories } from "@/data/guides";
  13 |
  14 | export interface RelatedItem {

The export diaries was not found in module [project]/src/data/diary.ts [app-ssr] (ecmascript).
Did you mean to import diaryEntries?
All exports of the module are statically known (It doesn't have dynamic exports). So it's known statically that the requested export doesn't exist.

Import traces:
  Client Component Browser:
    ./src/lib/relatedContent.ts [Client Component Browser]
    ./src/app/plants/[id]/PlantDetailClient.tsx [Client Component Browser]
    ./src/app/plants/[id]/PlantDetailClient.tsx [Server Component]
    ./src/app/plants/[id]/page.tsx [Server Component]

  Client Component SSR:
    ./src/lib/relatedContent.ts [Client Component SSR]
    ./src/app/plants/[id]/PlantDetailClient.tsx [Client Component SSR]
    ./src/app/plants/[id]/PlantDetailClient.tsx [Server Component]
    ./src/app/plants/[id]/page.tsx [Server Component] @ http://localhost:3001/_next/static/chunks/node_modules_next_dist_0u_w_5s._.js:1945
[    8254ms] [ERROR] ./src/lib/relatedContent.ts:11:1
Export diaries doesn't exist in target module
   9 |  */
  10 |
> 11 | import { diaries as localDiaries, diaryCategories } from "@/data/diary";
     | ^^^^^^^^^^^^^^^^^^^^^^^^^^^^^^^^^^^^^^^^^^^^^^^^^^^^^^^^^^^^^^^^^^^^^^^^
  12 | import { guides as localGuides, guideCategories } from "@/data/guides";
  13 |
  14 | export interface RelatedItem {

The export diaries was not found in module [project]/src/data/diary.ts [app-client] (ecmascript).
Did you mean to import diaryEntries?
All exports of the module are statically known (It doesn't have dynamic exports). So it's known statically that the requested export doesn't exist.

Import traces:
  Client Component Browser:
    ./src/lib/relatedContent.ts [Client Component Browser]
    ./src/app/plants/[id]/PlantDetailClient.tsx [Client Component Browser]
    ./src/app/plants/[id]/PlantDetailClient.tsx [Server Component]
    ./src/app/plants/[id]/page.tsx [Server Component]

  Client Component SSR:
    ./src/lib/relatedContent.ts [Client Component SSR]
    ./src/app/plants/[id]/PlantDetailClient.tsx [Client Component SSR]
    ./src/app/plants/[id]/PlantDetailClient.tsx [Server Component]
    ./src/app/plants/[id]/page.tsx [Server Component] @ http://localhost:3001/_next/static/chunks/node_modules_next_dist_0u_w_5s._.js:1945
[    8254ms] [ERROR] ./src/lib/relatedContent.ts:11:1
Export diaries doesn't exist in target module
   9 |  */
  10 |
> 11 | import { diaries as localDiaries, diaryCategories } from "@/data/diary";
     | ^^^^^^^^^^^^^^^^^^^^^^^^^^^^^^^^^^^^^^^^^^^^^^^^^^^^^^^^^^^^^^^^^^^^^^^^
  12 | import { guides as localGuides, guideCategories } from "@/data/guides";
  13 |
  14 | export interface RelatedItem {

The export diaries was not found in module [project]/src/data/diary.ts [app-ssr] (ecmascript).
Did you mean to import diaryEntries?
All exports of the module are statically known (It doesn't have dynamic exports). So it's known statically that the requested export doesn't exist.

Import traces:
  Client Component Browser:
    ./src/lib/relatedContent.ts [Client Component Browser]
    ./src/app/plants/[id]/PlantDetailClient.tsx [Client Component Browser]
    ./src/app/plants/[id]/PlantDetailClient.tsx [Server Component]
    ./src/app/plants/[id]/page.tsx [Server Component]

  Client Component SSR:
    ./src/lib/relatedContent.ts [Client Component SSR]
    ./src/app/plants/[id]/PlantDetailClient.tsx [Client Component SSR]
    ./src/app/plants/[id]/PlantDetailClient.tsx [Server Component]
    ./src/app/plants/[id]/page.tsx [Server Component] @ http://localhost:3001/_next/static/chunks/node_modules_next_dist_0u_w_5s._.js:1945
[    8303ms] [ERROR] ./src/lib/relatedContent.ts:11:1
Export diaries doesn't exist in target module
   9 |  */
  10 |
> 11 | import { diaries as localDiaries, diaryCategories } from "@/data/diary";
     | ^^^^^^^^^^^^^^^^^^^^^^^^^^^^^^^^^^^^^^^^^^^^^^^^^^^^^^^^^^^^^^^^^^^^^^^^
  12 | import { guides as localGuides, guideCategories } from "@/data/guides";
  13 |
  14 | export interface RelatedItem {

The export diaries was not found in module [project]/src/data/diary.ts [app-client] (ecmascript).
Did you mean to import diaryEntries?
All exports of the module are statically known (It doesn't have dynamic exports). So it's known statically that the requested export doesn't exist.

Import traces:
  Client Component Browser:
    ./src/lib/relatedContent.ts [Client Component Browser]
    ./src/app/plants/[id]/PlantDetailClient.tsx [Client Component Browser]
    ./src/app/plants/[id]/PlantDetailClient.tsx [Server Component]
    ./src/app/plants/[id]/page.tsx [Server Component]

  Client Component SSR:
    ./src/lib/relatedContent.ts [Client Component SSR]
    ./src/app/plants/[id]/PlantDetailClient.tsx [Client Component SSR]
    ./src/app/plants/[id]/PlantDetailClient.tsx [Server Component]
    ./src/app/plants/[id]/page.tsx [Server Component] @ http://localhost:3001/_next/static/chunks/node_modules_next_dist_0u_w_5s._.js:1945
[    8303ms] [ERROR] ./src/lib/relatedContent.ts:11:1
Export diaries doesn't exist in target module
   9 |  */
  10 |
> 11 | import { diaries as localDiaries, diaryCategories } from "@/data/diary";
     | ^^^^^^^^^^^^^^^^^^^^^^^^^^^^^^^^^^^^^^^^^^^^^^^^^^^^^^^^^^^^^^^^^^^^^^^^
  12 | import { guides as localGuides, guideCategories } from "@/data/guides";
  13 |
  14 | export interface RelatedItem {

The export diaries was not found in module [project]/src/data/diary.ts [app-ssr] (ecmascript).
Did you mean to import diaryEntries?
All exports of the module are statically known (It doesn't have dynamic exports). So it's known statically that the requested export doesn't exist.

Import traces:
  Client Component Browser:
    ./src/lib/relatedContent.ts [Client Component Browser]
    ./src/app/plants/[id]/PlantDetailClient.tsx [Client Component Browser]
    ./src/app/plants/[id]/PlantDetailClient.tsx [Server Component]
    ./src/app/plants/[id]/page.tsx [Server Component]

  Client Component SSR:
    ./src/lib/relatedContent.ts [Client Component SSR]
    ./src/app/plants/[id]/PlantDetailClient.tsx [Client Component SSR]
    ./src/app/plants/[id]/PlantDetailClient.tsx [Server Component]
    ./src/app/plants/[id]/page.tsx [Server Component] @ http://localhost:3001/_next/static/chunks/node_modules_next_dist_0u_w_5s._.js:1945
[    8353ms] [ERROR] ./src/lib/relatedContent.ts:11:1
Export diaries doesn't exist in target module
   9 |  */
  10 |
> 11 | import { diaries as localDiaries, diaryCategories } from "@/data/diary";
     | ^^^^^^^^^^^^^^^^^^^^^^^^^^^^^^^^^^^^^^^^^^^^^^^^^^^^^^^^^^^^^^^^^^^^^^^^
  12 | import { guides as localGuides, guideCategories } from "@/data/guides";
  13 |
  14 | export interface RelatedItem {

The export diaries was not found in module [project]/src/data/diary.ts [app-client] (ecmascript).
Did you mean to import diaryEntries?
All exports of the module are statically known (It doesn't have dynamic exports). So it's known statically that the requested export doesn't exist.

Import traces:
  Client Component Browser:
    ./src/lib/relatedContent.ts [Client Component Browser]
    ./src/app/plants/[id]/PlantDetailClient.tsx [Client Component Browser]
    ./src/app/plants/[id]/PlantDetailClient.tsx [Server Component]
    ./src/app/plants/[id]/page.tsx [Server Component]

  Client Component SSR:
    ./src/lib/relatedContent.ts [Client Component SSR]
    ./src/app/plants/[id]/PlantDetailClient.tsx [Client Component SSR]
    ./src/app/plants/[id]/PlantDetailClient.tsx [Server Component]
    ./src/app/plants/[id]/page.tsx [Server Component] @ http://localhost:3001/_next/static/chunks/node_modules_next_dist_0u_w_5s._.js:1945
[    8354ms] [ERROR] ./src/lib/relatedContent.ts:11:1
Export diaries doesn't exist in target module
   9 |  */
  10 |
> 11 | import { diaries as localDiaries, diaryCategories } from "@/data/diary";
     | ^^^^^^^^^^^^^^^^^^^^^^^^^^^^^^^^^^^^^^^^^^^^^^^^^^^^^^^^^^^^^^^^^^^^^^^^
  12 | import { guides as localGuides, guideCategories } from "@/data/guides";
  13 |
  14 | export interface RelatedItem {

The export diaries was not found in module [project]/src/data/diary.ts [app-ssr] (ecmascript).
Did you mean to import diaryEntries?
All exports of the module are statically known (It doesn't have dynamic exports). So it's known statically that the requested export doesn't exist.

Import traces:
  Client Component Browser:
    ./src/lib/relatedContent.ts [Client Component Browser]
    ./src/app/plants/[id]/PlantDetailClient.tsx [Client Component Browser]
    ./src/app/plants/[id]/PlantDetailClient.tsx [Server Component]
    ./src/app/plants/[id]/page.tsx [Server Component]

  Client Component SSR:
    ./src/lib/relatedContent.ts [Client Component SSR]
    ./src/app/plants/[id]/PlantDetailClient.tsx [Client Component SSR]
    ./src/app/plants/[id]/PlantDetailClient.tsx [Server Component]
    ./src/app/plants/[id]/page.tsx [Server Component] @ http://localhost:3001/_next/static/chunks/node_modules_next_dist_0u_w_5s._.js:1945
[    8403ms] [ERROR] ./src/lib/relatedContent.ts:11:1
Export diaries doesn't exist in target module
   9 |  */
  10 |
> 11 | import { diaries as localDiaries, diaryCategories } from "@/data/diary";
     | ^^^^^^^^^^^^^^^^^^^^^^^^^^^^^^^^^^^^^^^^^^^^^^^^^^^^^^^^^^^^^^^^^^^^^^^^
  12 | import { guides as localGuides, guideCategories } from "@/data/guides";
  13 |
  14 | export interface RelatedItem {

The export diaries was not found in module [project]/src/data/diary.ts [app-client] (ecmascript).
Did you mean to import diaryEntries?
All exports of the module are statically known (It doesn't have dynamic exports). So it's known statically that the requested export doesn't exist.

Import traces:
  Client Component Browser:
    ./src/lib/relatedContent.ts [Client Component Browser]
    ./src/app/plants/[id]/PlantDetailClient.tsx [Client Component Browser]
    ./src/app/plants/[id]/PlantDetailClient.tsx [Server Component]
    ./src/app/plants/[id]/page.tsx [Server Component]

  Client Component SSR:
    ./src/lib/relatedContent.ts [Client Component SSR]
    ./src/app/plants/[id]/PlantDetailClient.tsx [Client Component SSR]
    ./src/app/plants/[id]/PlantDetailClient.tsx [Server Component]
    ./src/app/plants/[id]/page.tsx [Server Component] @ http://localhost:3001/_next/static/chunks/node_modules_next_dist_0u_w_5s._.js:1945
[    8403ms] [ERROR] ./src/lib/relatedContent.ts:11:1
Export diaries doesn't exist in target module
   9 |  */
  10 |
> 11 | import { diaries as localDiaries, diaryCategories } from "@/data/diary";
     | ^^^^^^^^^^^^^^^^^^^^^^^^^^^^^^^^^^^^^^^^^^^^^^^^^^^^^^^^^^^^^^^^^^^^^^^^
  12 | import { guides as localGuides, guideCategories } from "@/data/guides";
  13 |
  14 | export interface RelatedItem {

The export diaries was not found in module [project]/src/data/diary.ts [app-ssr] (ecmascript).
Did you mean to import diaryEntries?
All exports of the module are statically known (It doesn't have dynamic exports). So it's known statically that the requested export doesn't exist.

Import traces:
  Client Component Browser:
    ./src/lib/relatedContent.ts [Client Component Browser]
    ./src/app/plants/[id]/PlantDetailClient.tsx [Client Component Browser]
    ./src/app/plants/[id]/PlantDetailClient.tsx [Server Component]
    ./src/app/plants/[id]/page.tsx [Server Component]

  Client Component SSR:
    ./src/lib/relatedContent.ts [Client Component SSR]
    ./src/app/plants/[id]/PlantDetailClient.tsx [Client Component SSR]
    ./src/app/plants/[id]/PlantDetailClient.tsx [Server Component]
    ./src/app/plants/[id]/page.tsx [Server Component] @ http://localhost:3001/_next/static/chunks/node_modules_next_dist_0u_w_5s._.js:1945
[    8451ms] [ERROR] ./src/lib/relatedContent.ts:11:1
Export diaries doesn't exist in target module
   9 |  */
  10 |
> 11 | import { diaries as localDiaries, diaryCategories } from "@/data/diary";
     | ^^^^^^^^^^^^^^^^^^^^^^^^^^^^^^^^^^^^^^^^^^^^^^^^^^^^^^^^^^^^^^^^^^^^^^^^
  12 | import { guides as localGuides, guideCategories } from "@/data/guides";
  13 |
  14 | export interface RelatedItem {

The export diaries was not found in module [project]/src/data/diary.ts [app-client] (ecmascript).
Did you mean to import diaryEntries?
All exports of the module are statically known (It doesn't have dynamic exports). So it's known statically that the requested export doesn't exist.

Import traces:
  Client Component Browser:
    ./src/lib/relatedContent.ts [Client Component Browser]
    ./src/app/plants/[id]/PlantDetailClient.tsx [Client Component Browser]
    ./src/app/plants/[id]/PlantDetailClient.tsx [Server Component]
    ./src/app/plants/[id]/page.tsx [Server Component]

  Client Component SSR:
    ./src/lib/relatedContent.ts [Client Component SSR]
    ./src/app/plants/[id]/PlantDetailClient.tsx [Client Component SSR]
    ./src/app/plants/[id]/PlantDetailClient.tsx [Server Component]
    ./src/app/plants/[id]/page.tsx [Server Component] @ http://localhost:3001/_next/static/chunks/node_modules_next_dist_0u_w_5s._.js:1945
[    8451ms] [ERROR] ./src/lib/relatedContent.ts:11:1
Export diaries doesn't exist in target module
   9 |  */
  10 |
> 11 | import { diaries as localDiaries, diaryCategories } from "@/data/diary";
     | ^^^^^^^^^^^^^^^^^^^^^^^^^^^^^^^^^^^^^^^^^^^^^^^^^^^^^^^^^^^^^^^^^^^^^^^^
  12 | import { guides as localGuides, guideCategories } from "@/data/guides";
  13 |
  14 | export interface RelatedItem {

The export diaries was not found in module [project]/src/data/diary.ts [app-ssr] (ecmascript).
Did you mean to import diaryEntries?
All exports of the module are statically known (It doesn't have dynamic exports). So it's known statically that the requested export doesn't exist.

Import traces:
  Client Component Browser:
    ./src/lib/relatedContent.ts [Client Component Browser]
    ./src/app/plants/[id]/PlantDetailClient.tsx [Client Component Browser]
    ./src/app/plants/[id]/PlantDetailClient.tsx [Server Component]
    ./src/app/plants/[id]/page.tsx [Server Component]

  Client Component SSR:
    ./src/lib/relatedContent.ts [Client Component SSR]
    ./src/app/plants/[id]/PlantDetailClient.tsx [Client Component SSR]
    ./src/app/plants/[id]/PlantDetailClient.tsx [Server Component]
    ./src/app/plants/[id]/page.tsx [Server Component] @ http://localhost:3001/_next/static/chunks/node_modules_next_dist_0u_w_5s._.js:1945
[    8500ms] [ERROR] ./src/lib/relatedContent.ts:11:1
Export diaries doesn't exist in target module
   9 |  */
  10 |
> 11 | import { diaries as localDiaries, diaryCategories } from "@/data/diary";
     | ^^^^^^^^^^^^^^^^^^^^^^^^^^^^^^^^^^^^^^^^^^^^^^^^^^^^^^^^^^^^^^^^^^^^^^^^
  12 | import { guides as localGuides, guideCategories } from "@/data/guides";
  13 |
  14 | export interface RelatedItem {

The export diaries was not found in module [project]/src/data/diary.ts [app-client] (ecmascript).
Did you mean to import diaryEntries?
All exports of the module are statically known (It doesn't have dynamic exports). So it's known statically that the requested export doesn't exist.

Import traces:
  Client Component Browser:
    ./src/lib/relatedContent.ts [Client Component Browser]
    ./src/app/plants/[id]/PlantDetailClient.tsx [Client Component Browser]
    ./src/app/plants/[id]/PlantDetailClient.tsx [Server Component]
    ./src/app/plants/[id]/page.tsx [Server Component]

  Client Component SSR:
    ./src/lib/relatedContent.ts [Client Component SSR]
    ./src/app/plants/[id]/PlantDetailClient.tsx [Client Component SSR]
    ./src/app/plants/[id]/PlantDetailClient.tsx [Server Component]
    ./src/app/plants/[id]/page.tsx [Server Component] @ http://localhost:3001/_next/static/chunks/node_modules_next_dist_0u_w_5s._.js:1945
[    8500ms] [ERROR] ./src/lib/relatedContent.ts:11:1
Export diaries doesn't exist in target module
   9 |  */
  10 |
> 11 | import { diaries as localDiaries, diaryCategories } from "@/data/diary";
     | ^^^^^^^^^^^^^^^^^^^^^^^^^^^^^^^^^^^^^^^^^^^^^^^^^^^^^^^^^^^^^^^^^^^^^^^^
  12 | import { guides as localGuides, guideCategories } from "@/data/guides";
  13 |
  14 | export interface RelatedItem {

The export diaries was not found in module [project]/src/data/diary.ts [app-ssr] (ecmascript).
Did you mean to import diaryEntries?
All exports of the module are statically known (It doesn't have dynamic exports). So it's known statically that the requested export doesn't exist.

Import traces:
  Client Component Browser:
    ./src/lib/relatedContent.ts [Client Component Browser]
    ./src/app/plants/[id]/PlantDetailClient.tsx [Client Component Browser]
    ./src/app/plants/[id]/PlantDetailClient.tsx [Server Component]
    ./src/app/plants/[id]/page.tsx [Server Component]

  Client Component SSR:
    ./src/lib/relatedContent.ts [Client Component SSR]
    ./src/app/plants/[id]/PlantDetailClient.tsx [Client Component SSR]
    ./src/app/plants/[id]/PlantDetailClient.tsx [Server Component]
    ./src/app/plants/[id]/page.tsx [Server Component] @ http://localhost:3001/_next/static/chunks/node_modules_next_dist_0u_w_5s._.js:1945
[    8549ms] [ERROR] ./src/lib/relatedContent.ts:11:1
Export diaries doesn't exist in target module
   9 |  */
  10 |
> 11 | import { diaries as localDiaries, diaryCategories } from "@/data/diary";
     | ^^^^^^^^^^^^^^^^^^^^^^^^^^^^^^^^^^^^^^^^^^^^^^^^^^^^^^^^^^^^^^^^^^^^^^^^
  12 | import { guides as localGuides, guideCategories } from "@/data/guides";
  13 |
  14 | export interface RelatedItem {

The export diaries was not found in module [project]/src/data/diary.ts [app-client] (ecmascript).
Did you mean to import diaryEntries?
All exports of the module are statically known (It doesn't have dynamic exports). So it's known statically that the requested export doesn't exist.

Import traces:
  Client Component Browser:
    ./src/lib/relatedContent.ts [Client Component Browser]
    ./src/app/plants/[id]/PlantDetailClient.tsx [Client Component Browser]
    ./src/app/plants/[id]/PlantDetailClient.tsx [Server Component]
    ./src/app/plants/[id]/page.tsx [Server Component]

  Client Component SSR:
    ./src/lib/relatedContent.ts [Client Component SSR]
    ./src/app/plants/[id]/PlantDetailClient.tsx [Client Component SSR]
    ./src/app/plants/[id]/PlantDetailClient.tsx [Server Component]
    ./src/app/plants/[id]/page.tsx [Server Component] @ http://localhost:3001/_next/static/chunks/node_modules_next_dist_0u_w_5s._.js:1945
[    8549ms] [ERROR] ./src/lib/relatedContent.ts:11:1
Export diaries doesn't exist in target module
   9 |  */
  10 |
> 11 | import { diaries as localDiaries, diaryCategories } from "@/data/diary";
     | ^^^^^^^^^^^^^^^^^^^^^^^^^^^^^^^^^^^^^^^^^^^^^^^^^^^^^^^^^^^^^^^^^^^^^^^^
  12 | import { guides as localGuides, guideCategories } from "@/data/guides";
  13 |
  14 | export interface RelatedItem {

The export diaries was not found in module [project]/src/data/diary.ts [app-ssr] (ecmascript).
Did you mean to import diaryEntries?
All exports of the module are statically known (It doesn't have dynamic exports). So it's known statically that the requested export doesn't exist.

Import traces:
  Client Component Browser:
    ./src/lib/relatedContent.ts [Client Component Browser]
    ./src/app/plants/[id]/PlantDetailClient.tsx [Client Component Browser]
    ./src/app/plants/[id]/PlantDetailClient.tsx [Server Component]
    ./src/app/plants/[id]/page.tsx [Server Component]

  Client Component SSR:
    ./src/lib/relatedContent.ts [Client Component SSR]
    ./src/app/plants/[id]/PlantDetailClient.tsx [Client Component SSR]
    ./src/app/plants/[id]/PlantDetailClient.tsx [Server Component]
    ./src/app/plants/[id]/page.tsx [Server Component] @ http://localhost:3001/_next/static/chunks/node_modules_next_dist_0u_w_5s._.js:1945
[    8597ms] [ERROR] ./src/lib/relatedContent.ts:11:1
Export diaries doesn't exist in target module
   9 |  */
  10 |
> 11 | import { diaries as localDiaries, diaryCategories } from "@/data/diary";
     | ^^^^^^^^^^^^^^^^^^^^^^^^^^^^^^^^^^^^^^^^^^^^^^^^^^^^^^^^^^^^^^^^^^^^^^^^
  12 | import { guides as localGuides, guideCategories } from "@/data/guides";
  13 |
  14 | export interface RelatedItem {

The export diaries was not found in module [project]/src/data/diary.ts [app-client] (ecmascript).
Did you mean to import diaryEntries?
All exports of the module are statically known (It doesn't have dynamic exports). So it's known statically that the requested export doesn't exist.

Import traces:
  Client Component Browser:
    ./src/lib/relatedContent.ts [Client Component Browser]
    ./src/app/plants/[id]/PlantDetailClient.tsx [Client Component Browser]
    ./src/app/plants/[id]/PlantDetailClient.tsx [Server Component]
    ./src/app/plants/[id]/page.tsx [Server Component]

  Client Component SSR:
    ./src/lib/relatedContent.ts [Client Component SSR]
    ./src/app/plants/[id]/PlantDetailClient.tsx [Client Component SSR]
    ./src/app/plants/[id]/PlantDetailClient.tsx [Server Component]
    ./src/app/plants/[id]/page.tsx [Server Component] @ http://localhost:3001/_next/static/chunks/node_modules_next_dist_0u_w_5s._.js:1945
[    8597ms] [ERROR] ./src/lib/relatedContent.ts:11:1
Export diaries doesn't exist in target module
   9 |  */
  10 |
> 11 | import { diaries as localDiaries, diaryCategories } from "@/data/diary";
     | ^^^^^^^^^^^^^^^^^^^^^^^^^^^^^^^^^^^^^^^^^^^^^^^^^^^^^^^^^^^^^^^^^^^^^^^^
  12 | import { guides as localGuides, guideCategories } from "@/data/guides";
  13 |
  14 | export interface RelatedItem {

The export diaries was not found in module [project]/src/data/diary.ts [app-ssr] (ecmascript).
Did you mean to import diaryEntries?
All exports of the module are statically known (It doesn't have dynamic exports). So it's known statically that the requested export doesn't exist.

Import traces:
  Client Component Browser:
    ./src/lib/relatedContent.ts [Client Component Browser]
    ./src/app/plants/[id]/PlantDetailClient.tsx [Client Component Browser]
    ./src/app/plants/[id]/PlantDetailClient.tsx [Server Component]
    ./src/app/plants/[id]/page.tsx [Server Component]

  Client Component SSR:
    ./src/lib/relatedContent.ts [Client Component SSR]
    ./src/app/plants/[id]/PlantDetailClient.tsx [Client Component SSR]
    ./src/app/plants/[id]/PlantDetailClient.tsx [Server Component]
    ./src/app/plants/[id]/page.tsx [Server Component] @ http://localhost:3001/_next/static/chunks/node_modules_next_dist_0u_w_5s._.js:1945
[    8643ms] [ERROR] ./src/lib/relatedContent.ts:11:1
Export diaries doesn't exist in target module
   9 |  */
  10 |
> 11 | import { diaries as localDiaries, diaryCategories } from "@/data/diary";
     | ^^^^^^^^^^^^^^^^^^^^^^^^^^^^^^^^^^^^^^^^^^^^^^^^^^^^^^^^^^^^^^^^^^^^^^^^
  12 | import { guides as localGuides, guideCategories } from "@/data/guides";
  13 |
  14 | export interface RelatedItem {

The export diaries was not found in module [project]/src/data/diary.ts [app-client] (ecmascript).
Did you mean to import diaryEntries?
All exports of the module are statically known (It doesn't have dynamic exports). So it's known statically that the requested export doesn't exist.

Import traces:
  Client Component Browser:
    ./src/lib/relatedContent.ts [Client Component Browser]
    ./src/app/plants/[id]/PlantDetailClient.tsx [Client Component Browser]
    ./src/app/plants/[id]/PlantDetailClient.tsx [Server Component]
    ./src/app/plants/[id]/page.tsx [Server Component]

  Client Component SSR:
    ./src/lib/relatedContent.ts [Client Component SSR]
    ./src/app/plants/[id]/PlantDetailClient.tsx [Client Component SSR]
    ./src/app/plants/[id]/PlantDetailClient.tsx [Server Component]
    ./src/app/plants/[id]/page.tsx [Server Component] @ http://localhost:3001/_next/static/chunks/node_modules_next_dist_0u_w_5s._.js:1945
[    8643ms] [ERROR] ./src/lib/relatedContent.ts:11:1
Export diaries doesn't exist in target module
   9 |  */
  10 |
> 11 | import { diaries as localDiaries, diaryCategories } from "@/data/diary";
     | ^^^^^^^^^^^^^^^^^^^^^^^^^^^^^^^^^^^^^^^^^^^^^^^^^^^^^^^^^^^^^^^^^^^^^^^^
  12 | import { guides as localGuides, guideCategories } from "@/data/guides";
  13 |
  14 | export interface RelatedItem {

The export diaries was not found in module [project]/src/data/diary.ts [app-ssr] (ecmascript).
Did you mean to import diaryEntries?
All exports of the module are statically known (It doesn't have dynamic exports). So it's known statically that the requested export doesn't exist.

Import traces:
  Client Component Browser:
    ./src/lib/relatedContent.ts [Client Component Browser]
    ./src/app/plants/[id]/PlantDetailClient.tsx [Client Component Browser]
    ./src/app/plants/[id]/PlantDetailClient.tsx [Server Component]
    ./src/app/plants/[id]/page.tsx [Server Component]

  Client Component SSR:
    ./src/lib/relatedContent.ts [Client Component SSR]
    ./src/app/plants/[id]/PlantDetailClient.tsx [Client Component SSR]
    ./src/app/plants/[id]/PlantDetailClient.tsx [Server Component]
    ./src/app/plants/[id]/page.tsx [Server Component] @ http://localhost:3001/_next/static/chunks/node_modules_next_dist_0u_w_5s._.js:1945
[    8689ms] [ERROR] ./src/lib/relatedContent.ts:11:1
Export diaries doesn't exist in target module
   9 |  */
  10 |
> 11 | import { diaries as localDiaries, diaryCategories } from "@/data/diary";
     | ^^^^^^^^^^^^^^^^^^^^^^^^^^^^^^^^^^^^^^^^^^^^^^^^^^^^^^^^^^^^^^^^^^^^^^^^
  12 | import { guides as localGuides, guideCategories } from "@/data/guides";
  13 |
  14 | export interface RelatedItem {

The export diaries was not found in module [project]/src/data/diary.ts [app-client] (ecmascript).
Did you mean to import diaryEntries?
All exports of the module are statically known (It doesn't have dynamic exports). So it's known statically that the requested export doesn't exist.

Import traces:
  Client Component Browser:
    ./src/lib/relatedContent.ts [Client Component Browser]
    ./src/app/plants/[id]/PlantDetailClient.tsx [Client Component Browser]
    ./src/app/plants/[id]/PlantDetailClient.tsx [Server Component]
    ./src/app/plants/[id]/page.tsx [Server Component]

  Client Component SSR:
    ./src/lib/relatedContent.ts [Client Component SSR]
    ./src/app/plants/[id]/PlantDetailClient.tsx [Client Component SSR]
    ./src/app/plants/[id]/PlantDetailClient.tsx [Server Component]
    ./src/app/plants/[id]/page.tsx [Server Component] @ http://localhost:3001/_next/static/chunks/node_modules_next_dist_0u_w_5s._.js:1945
[    8689ms] [ERROR] ./src/lib/relatedContent.ts:11:1
Export diaries doesn't exist in target module
   9 |  */
  10 |
> 11 | import { diaries as localDiaries, diaryCategories } from "@/data/diary";
     | ^^^^^^^^^^^^^^^^^^^^^^^^^^^^^^^^^^^^^^^^^^^^^^^^^^^^^^^^^^^^^^^^^^^^^^^^
  12 | import { guides as localGuides, guideCategories } from "@/data/guides";
  13 |
  14 | export interface RelatedItem {

The export diaries was not found in module [project]/src/data/diary.ts [app-ssr] (ecmascript).
Did you mean to import diaryEntries?
All exports of the module are statically known (It doesn't have dynamic exports). So it's known statically that the requested export doesn't exist.

Import traces:
  Client Component Browser:
    ./src/lib/relatedContent.ts [Client Component Browser]
    ./src/app/plants/[id]/PlantDetailClient.tsx [Client Component Browser]
    ./src/app/plants/[id]/PlantDetailClient.tsx [Server Component]
    ./src/app/plants/[id]/page.tsx [Server Component]

  Client Component SSR:
    ./src/lib/relatedContent.ts [Client Component SSR]
    ./src/app/plants/[id]/PlantDetailClient.tsx [Client Component SSR]
    ./src/app/plants/[id]/PlantDetailClient.tsx [Server Component]
    ./src/app/plants/[id]/page.tsx [Server Component] @ http://localhost:3001/_next/static/chunks/node_modules_next_dist_0u_w_5s._.js:1945
[    8734ms] [ERROR] ./src/lib/relatedContent.ts:11:1
Export diaries doesn't exist in target module
   9 |  */
  10 |
> 11 | import { diaries as localDiaries, diaryCategories } from "@/data/diary";
     | ^^^^^^^^^^^^^^^^^^^^^^^^^^^^^^^^^^^^^^^^^^^^^^^^^^^^^^^^^^^^^^^^^^^^^^^^
  12 | import { guides as localGuides, guideCategories } from "@/data/guides";
  13 |
  14 | export interface RelatedItem {

The export diaries was not found in module [project]/src/data/diary.ts [app-client] (ecmascript).
Did you mean to import diaryEntries?
All exports of the module are statically known (It doesn't have dynamic exports). So it's known statically that the requested export doesn't exist.

Import traces:
  Client Component Browser:
    ./src/lib/relatedContent.ts [Client Component Browser]
    ./src/app/plants/[id]/PlantDetailClient.tsx [Client Component Browser]
    ./src/app/plants/[id]/PlantDetailClient.tsx [Server Component]
    ./src/app/plants/[id]/page.tsx [Server Component]

  Client Component SSR:
    ./src/lib/relatedContent.ts [Client Component SSR]
    ./src/app/plants/[id]/PlantDetailClient.tsx [Client Component SSR]
    ./src/app/plants/[id]/PlantDetailClient.tsx [Server Component]
    ./src/app/plants/[id]/page.tsx [Server Component] @ http://localhost:3001/_next/static/chunks/node_modules_next_dist_0u_w_5s._.js:1945
[    8734ms] [ERROR] ./src/lib/relatedContent.ts:11:1
Export diaries doesn't exist in target module
   9 |  */
  10 |
> 11 | import { diaries as localDiaries, diaryCategories } from "@/data/diary";
     | ^^^^^^^^^^^^^^^^^^^^^^^^^^^^^^^^^^^^^^^^^^^^^^^^^^^^^^^^^^^^^^^^^^^^^^^^
  12 | import { guides as localGuides, guideCategories } from "@/data/guides";
  13 |
  14 | export interface RelatedItem {

The export diaries was not found in module [project]/src/data/diary.ts [app-ssr] (ecmascript).
Did you mean to import diaryEntries?
All exports of the module are statically known (It doesn't have dynamic exports). So it's known statically that the requested export doesn't exist.

Import traces:
  Client Component Browser:
    ./src/lib/relatedContent.ts [Client Component Browser]
    ./src/app/plants/[id]/PlantDetailClient.tsx [Client Component Browser]
    ./src/app/plants/[id]/PlantDetailClient.tsx [Server Component]
    ./src/app/plants/[id]/page.tsx [Server Component]

  Client Component SSR:
    ./src/lib/relatedContent.ts [Client Component SSR]
    ./src/app/plants/[id]/PlantDetailClient.tsx [Client Component SSR]
    ./src/app/plants/[id]/PlantDetailClient.tsx [Server Component]
    ./src/app/plants/[id]/page.tsx [Server Component] @ http://localhost:3001/_next/static/chunks/node_modules_next_dist_0u_w_5s._.js:1945
[    8778ms] [ERROR] ./src/lib/relatedContent.ts:11:1
Export diaries doesn't exist in target module
   9 |  */
  10 |
> 11 | import { diaries as localDiaries, diaryCategories } from "@/data/diary";
     | ^^^^^^^^^^^^^^^^^^^^^^^^^^^^^^^^^^^^^^^^^^^^^^^^^^^^^^^^^^^^^^^^^^^^^^^^
  12 | import { guides as localGuides, guideCategories } from "@/data/guides";
  13 |
  14 | export interface RelatedItem {

The export diaries was not found in module [project]/src/data/diary.ts [app-client] (ecmascript).
Did you mean to import diaryEntries?
All exports of the module are statically known (It doesn't have dynamic exports). So it's known statically that the requested export doesn't exist.

Import traces:
  Client Component Browser:
    ./src/lib/relatedContent.ts [Client Component Browser]
    ./src/app/plants/[id]/PlantDetailClient.tsx [Client Component Browser]
    ./src/app/plants/[id]/PlantDetailClient.tsx [Server Component]
    ./src/app/plants/[id]/page.tsx [Server Component]

  Client Component SSR:
    ./src/lib/relatedContent.ts [Client Component SSR]
    ./src/app/plants/[id]/PlantDetailClient.tsx [Client Component SSR]
    ./src/app/plants/[id]/PlantDetailClient.tsx [Server Component]
    ./src/app/plants/[id]/page.tsx [Server Component] @ http://localhost:3001/_next/static/chunks/node_modules_next_dist_0u_w_5s._.js:1945
[    8778ms] [ERROR] ./src/lib/relatedContent.ts:11:1
Export diaries doesn't exist in target module
   9 |  */
  10 |
> 11 | import { diaries as localDiaries, diaryCategories } from "@/data/diary";
     | ^^^^^^^^^^^^^^^^^^^^^^^^^^^^^^^^^^^^^^^^^^^^^^^^^^^^^^^^^^^^^^^^^^^^^^^^
  12 | import { guides as localGuides, guideCategories } from "@/data/guides";
  13 |
  14 | export interface RelatedItem {

The export diaries was not found in module [project]/src/data/diary.ts [app-ssr] (ecmascript).
Did you mean to import diaryEntries?
All exports of the module are statically known (It doesn't have dynamic exports). So it's known statically that the requested export doesn't exist.

Import traces:
  Client Component Browser:
    ./src/lib/relatedContent.ts [Client Component Browser]
    ./src/app/plants/[id]/PlantDetailClient.tsx [Client Component Browser]
    ./src/app/plants/[id]/PlantDetailClient.tsx [Server Component]
    ./src/app/plants/[id]/page.tsx [Server Component]

  Client Component SSR:
    ./src/lib/relatedContent.ts [Client Component SSR]
    ./src/app/plants/[id]/PlantDetailClient.tsx [Client Component SSR]
    ./src/app/plants/[id]/PlantDetailClient.tsx [Server Component]
    ./src/app/plants/[id]/page.tsx [Server Component] @ http://localhost:3001/_next/static/chunks/node_modules_next_dist_0u_w_5s._.js:1945
[    8825ms] [ERROR] ./src/lib/relatedContent.ts:11:1
Export diaries doesn't exist in target module
   9 |  */
  10 |
> 11 | import { diaries as localDiaries, diaryCategories } from "@/data/diary";
     | ^^^^^^^^^^^^^^^^^^^^^^^^^^^^^^^^^^^^^^^^^^^^^^^^^^^^^^^^^^^^^^^^^^^^^^^^
  12 | import { guides as localGuides, guideCategories } from "@/data/guides";
  13 |
  14 | export interface RelatedItem {

The export diaries was not found in module [project]/src/data/diary.ts [app-client] (ecmascript).
Did you mean to import diaryEntries?
All exports of the module are statically known (It doesn't have dynamic exports). So it's known statically that the requested export doesn't exist.

Import traces:
  Client Component Browser:
    ./src/lib/relatedContent.ts [Client Component Browser]
    ./src/app/plants/[id]/PlantDetailClient.tsx [Client Component Browser]
    ./src/app/plants/[id]/PlantDetailClient.tsx [Server Component]
    ./src/app/plants/[id]/page.tsx [Server Component]

  Client Component SSR:
    ./src/lib/relatedContent.ts [Client Component SSR]
    ./src/app/plants/[id]/PlantDetailClient.tsx [Client Component SSR]
    ./src/app/plants/[id]/PlantDetailClient.tsx [Server Component]
    ./src/app/plants/[id]/page.tsx [Server Component] @ http://localhost:3001/_next/static/chunks/node_modules_next_dist_0u_w_5s._.js:1945
[    8825ms] [ERROR] ./src/lib/relatedContent.ts:11:1
Export diaries doesn't exist in target module
   9 |  */
  10 |
> 11 | import { diaries as localDiaries, diaryCategories } from "@/data/diary";
     | ^^^^^^^^^^^^^^^^^^^^^^^^^^^^^^^^^^^^^^^^^^^^^^^^^^^^^^^^^^^^^^^^^^^^^^^^
  12 | import { guides as localGuides, guideCategories } from "@/data/guides";
  13 |
  14 | export interface RelatedItem {

The export diaries was not found in module [project]/src/data/diary.ts [app-ssr] (ecmascript).
Did you mean to import diaryEntries?
All exports of the module are statically known (It doesn't have dynamic exports). So it's known statically that the requested export doesn't exist.

Import traces:
  Client Component Browser:
    ./src/lib/relatedContent.ts [Client Component Browser]
    ./src/app/plants/[id]/PlantDetailClient.tsx [Client Component Browser]
    ./src/app/plants/[id]/PlantDetailClient.tsx [Server Component]
    ./src/app/plants/[id]/page.tsx [Server Component]

  Client Component SSR:
    ./src/lib/relatedContent.ts [Client Component SSR]
    ./src/app/plants/[id]/PlantDetailClient.tsx [Client Component SSR]
    ./src/app/plants/[id]/PlantDetailClient.tsx [Server Component]
    ./src/app/plants/[id]/page.tsx [Server Component] @ http://localhost:3001/_next/static/chunks/node_modules_next_dist_0u_w_5s._.js:1945
[    8871ms] [ERROR] ./src/lib/relatedContent.ts:11:1
Export diaries doesn't exist in target module
   9 |  */
  10 |
> 11 | import { diaries as localDiaries, diaryCategories } from "@/data/diary";
     | ^^^^^^^^^^^^^^^^^^^^^^^^^^^^^^^^^^^^^^^^^^^^^^^^^^^^^^^^^^^^^^^^^^^^^^^^
  12 | import { guides as localGuides, guideCategories } from "@/data/guides";
  13 |
  14 | export interface RelatedItem {

The export diaries was not found in module [project]/src/data/diary.ts [app-client] (ecmascript).
Did you mean to import diaryEntries?
All exports of the module are statically known (It doesn't have dynamic exports). So it's known statically that the requested export doesn't exist.

Import traces:
  Client Component Browser:
    ./src/lib/relatedContent.ts [Client Component Browser]
    ./src/app/plants/[id]/PlantDetailClient.tsx [Client Component Browser]
    ./src/app/plants/[id]/PlantDetailClient.tsx [Server Component]
    ./src/app/plants/[id]/page.tsx [Server Component]

  Client Component SSR:
    ./src/lib/relatedContent.ts [Client Component SSR]
    ./src/app/plants/[id]/PlantDetailClient.tsx [Client Component SSR]
    ./src/app/plants/[id]/PlantDetailClient.tsx [Server Component]
    ./src/app/plants/[id]/page.tsx [Server Component] @ http://localhost:3001/_next/static/chunks/node_modules_next_dist_0u_w_5s._.js:1945
[    8871ms] [ERROR] ./src/lib/relatedContent.ts:11:1
Export diaries doesn't exist in target module
   9 |  */
  10 |
> 11 | import { diaries as localDiaries, diaryCategories } from "@/data/diary";
     | ^^^^^^^^^^^^^^^^^^^^^^^^^^^^^^^^^^^^^^^^^^^^^^^^^^^^^^^^^^^^^^^^^^^^^^^^
  12 | import { guides as localGuides, guideCategories } from "@/data/guides";
  13 |
  14 | export interface RelatedItem {

The export diaries was not found in module [project]/src/data/diary.ts [app-ssr] (ecmascript).
Did you mean to import diaryEntries?
All exports of the module are statically known (It doesn't have dynamic exports). So it's known statically that the requested export doesn't exist.

Import traces:
  Client Component Browser:
    ./src/lib/relatedContent.ts [Client Component Browser]
    ./src/app/plants/[id]/PlantDetailClient.tsx [Client Component Browser]
    ./src/app/plants/[id]/PlantDetailClient.tsx [Server Component]
    ./src/app/plants/[id]/page.tsx [Server Component]

  Client Component SSR:
    ./src/lib/relatedContent.ts [Client Component SSR]
    ./src/app/plants/[id]/PlantDetailClient.tsx [Client Component SSR]
    ./src/app/plants/[id]/PlantDetailClient.tsx [Server Component]
    ./src/app/plants/[id]/page.tsx [Server Component] @ http://localhost:3001/_next/static/chunks/node_modules_next_dist_0u_w_5s._.js:1945
[    8919ms] [ERROR] ./src/lib/relatedContent.ts:11:1
Export diaries doesn't exist in target module
   9 |  */
  10 |
> 11 | import { diaries as localDiaries, diaryCategories } from "@/data/diary";
     | ^^^^^^^^^^^^^^^^^^^^^^^^^^^^^^^^^^^^^^^^^^^^^^^^^^^^^^^^^^^^^^^^^^^^^^^^
  12 | import { guides as localGuides, guideCategories } from "@/data/guides";
  13 |
  14 | export interface RelatedItem {

The export diaries was not found in module [project]/src/data/diary.ts [app-client] (ecmascript).
Did you mean to import diaryEntries?
All exports of the module are statically known (It doesn't have dynamic exports). So it's known statically that the requested export doesn't exist.

Import traces:
  Client Component Browser:
    ./src/lib/relatedContent.ts [Client Component Browser]
    ./src/app/plants/[id]/PlantDetailClient.tsx [Client Component Browser]
    ./src/app/plants/[id]/PlantDetailClient.tsx [Server Component]
    ./src/app/plants/[id]/page.tsx [Server Component]

  Client Component SSR:
    ./src/lib/relatedContent.ts [Client Component SSR]
    ./src/app/plants/[id]/PlantDetailClient.tsx [Client Component SSR]
    ./src/app/plants/[id]/PlantDetailClient.tsx [Server Component]
    ./src/app/plants/[id]/page.tsx [Server Component] @ http://localhost:3001/_next/static/chunks/node_modules_next_dist_0u_w_5s._.js:1945
[    8920ms] [ERROR] ./src/lib/relatedContent.ts:11:1
Export diaries doesn't exist in target module
   9 |  */
  10 |
> 11 | import { diaries as localDiaries, diaryCategories } from "@/data/diary";
     | ^^^^^^^^^^^^^^^^^^^^^^^^^^^^^^^^^^^^^^^^^^^^^^^^^^^^^^^^^^^^^^^^^^^^^^^^
  12 | import { guides as localGuides, guideCategories } from "@/data/guides";
  13 |
  14 | export interface RelatedItem {

The export diaries was not found in module [project]/src/data/diary.ts [app-ssr] (ecmascript).
Did you mean to import diaryEntries?
All exports of the module are statically known (It doesn't have dynamic exports). So it's known statically that the requested export doesn't exist.

Import traces:
  Client Component Browser:
    ./src/lib/relatedContent.ts [Client Component Browser]
    ./src/app/plants/[id]/PlantDetailClient.tsx [Client Component Browser]
    ./src/app/plants/[id]/PlantDetailClient.tsx [Server Component]
    ./src/app/plants/[id]/page.tsx [Server Component]

  Client Component SSR:
    ./src/lib/relatedContent.ts [Client Component SSR]
    ./src/app/plants/[id]/PlantDetailClient.tsx [Client Component SSR]
    ./src/app/plants/[id]/PlantDetailClient.tsx [Server Component]
    ./src/app/plants/[id]/page.tsx [Server Component] @ http://localhost:3001/_next/static/chunks/node_modules_next_dist_0u_w_5s._.js:1945
[    8967ms] [ERROR] ./src/lib/relatedContent.ts:11:1
Export diaries doesn't exist in target module
   9 |  */
  10 |
> 11 | import { diaries as localDiaries, diaryCategories } from "@/data/diary";
     | ^^^^^^^^^^^^^^^^^^^^^^^^^^^^^^^^^^^^^^^^^^^^^^^^^^^^^^^^^^^^^^^^^^^^^^^^
  12 | import { guides as localGuides, guideCategories } from "@/data/guides";
  13 |
  14 | export interface RelatedItem {

The export diaries was not found in module [project]/src/data/diary.ts [app-client] (ecmascript).
Did you mean to import diaryEntries?
All exports of the module are statically known (It doesn't have dynamic exports). So it's known statically that the requested export doesn't exist.

Import traces:
  Client Component Browser:
    ./src/lib/relatedContent.ts [Client Component Browser]
    ./src/app/plants/[id]/PlantDetailClient.tsx [Client Component Browser]
    ./src/app/plants/[id]/PlantDetailClient.tsx [Server Component]
    ./src/app/plants/[id]/page.tsx [Server Component]

  Client Component SSR:
    ./src/lib/relatedContent.ts [Client Component SSR]
    ./src/app/plants/[id]/PlantDetailClient.tsx [Client Component SSR]
    ./src/app/plants/[id]/PlantDetailClient.tsx [Server Component]
    ./src/app/plants/[id]/page.tsx [Server Component] @ http://localhost:3001/_next/static/chunks/node_modules_next_dist_0u_w_5s._.js:1945
[    8967ms] [ERROR] ./src/lib/relatedContent.ts:11:1
Export diaries doesn't exist in target module
   9 |  */
  10 |
> 11 | import { diaries as localDiaries, diaryCategories } from "@/data/diary";
     | ^^^^^^^^^^^^^^^^^^^^^^^^^^^^^^^^^^^^^^^^^^^^^^^^^^^^^^^^^^^^^^^^^^^^^^^^
  12 | import { guides as localGuides, guideCategories } from "@/data/guides";
  13 |
  14 | export interface RelatedItem {

The export diaries was not found in module [project]/src/data/diary.ts [app-ssr] (ecmascript).
Did you mean to import diaryEntries?
All exports of the module are statically known (It doesn't have dynamic exports). So it's known statically that the requested export doesn't exist.

Import traces:
  Client Component Browser:
    ./src/lib/relatedContent.ts [Client Component Browser]
    ./src/app/plants/[id]/PlantDetailClient.tsx [Client Component Browser]
    ./src/app/plants/[id]/PlantDetailClient.tsx [Server Component]
    ./src/app/plants/[id]/page.tsx [Server Component]

  Client Component SSR:
    ./src/lib/relatedContent.ts [Client Component SSR]
    ./src/app/plants/[id]/PlantDetailClient.tsx [Client Component SSR]
    ./src/app/plants/[id]/PlantDetailClient.tsx [Server Component]
    ./src/app/plants/[id]/page.tsx [Server Component] @ http://localhost:3001/_next/static/chunks/node_modules_next_dist_0u_w_5s._.js:1945
[    9016ms] [ERROR] ./src/lib/relatedContent.ts:11:1
Export diaries doesn't exist in target module
   9 |  */
  10 |
> 11 | import { diaries as localDiaries, diaryCategories } from "@/data/diary";
     | ^^^^^^^^^^^^^^^^^^^^^^^^^^^^^^^^^^^^^^^^^^^^^^^^^^^^^^^^^^^^^^^^^^^^^^^^
  12 | import { guides as localGuides, guideCategories } from "@/data/guides";
  13 |
  14 | export interface RelatedItem {

The export diaries was not found in module [project]/src/data/diary.ts [app-client] (ecmascript).
Did you mean to import diaryEntries?
All exports of the module are statically known (It doesn't have dynamic exports). So it's known statically that the requested export doesn't exist.

Import traces:
  Client Component Browser:
    ./src/lib/relatedContent.ts [Client Component Browser]
    ./src/app/plants/[id]/PlantDetailClient.tsx [Client Component Browser]
    ./src/app/plants/[id]/PlantDetailClient.tsx [Server Component]
    ./src/app/plants/[id]/page.tsx [Server Component]

  Client Component SSR:
    ./src/lib/relatedContent.ts [Client Component SSR]
    ./src/app/plants/[id]/PlantDetailClient.tsx [Client Component SSR]
    ./src/app/plants/[id]/PlantDetailClient.tsx [Server Component]
    ./src/app/plants/[id]/page.tsx [Server Component] @ http://localhost:3001/_next/static/chunks/node_modules_next_dist_0u_w_5s._.js:1945
[    9016ms] [ERROR] ./src/lib/relatedContent.ts:11:1
Export diaries doesn't exist in target module
   9 |  */
  10 |
> 11 | import { diaries as localDiaries, diaryCategories } from "@/data/diary";
     | ^^^^^^^^^^^^^^^^^^^^^^^^^^^^^^^^^^^^^^^^^^^^^^^^^^^^^^^^^^^^^^^^^^^^^^^^
  12 | import { guides as localGuides, guideCategories } from "@/data/guides";
  13 |
  14 | export interface RelatedItem {

The export diaries was not found in module [project]/src/data/diary.ts [app-ssr] (ecmascript).
Did you mean to import diaryEntries?
All exports of the module are statically known (It doesn't have dynamic exports). So it's known statically that the requested export doesn't exist.

Import traces:
  Client Component Browser:
    ./src/lib/relatedContent.ts [Client Component Browser]
    ./src/app/plants/[id]/PlantDetailClient.tsx [Client Component Browser]
    ./src/app/plants/[id]/PlantDetailClient.tsx [Server Component]
    ./src/app/plants/[id]/page.tsx [Server Component]

  Client Component SSR:
    ./src/lib/relatedContent.ts [Client Component SSR]
    ./src/app/plants/[id]/PlantDetailClient.tsx [Client Component SSR]
    ./src/app/plants/[id]/PlantDetailClient.tsx [Server Component]
    ./src/app/plants/[id]/page.tsx [Server Component] @ http://localhost:3001/_next/static/chunks/node_modules_next_dist_0u_w_5s._.js:1945
[    9064ms] [ERROR] ./src/lib/relatedContent.ts:11:1
Export diaries doesn't exist in target module
   9 |  */
  10 |
> 11 | import { diaries as localDiaries, diaryCategories } from "@/data/diary";
     | ^^^^^^^^^^^^^^^^^^^^^^^^^^^^^^^^^^^^^^^^^^^^^^^^^^^^^^^^^^^^^^^^^^^^^^^^
  12 | import { guides as localGuides, guideCategories } from "@/data/guides";
  13 |
  14 | export interface RelatedItem {

The export diaries was not found in module [project]/src/data/diary.ts [app-client] (ecmascript).
Did you mean to import diaryEntries?
All exports of the module are statically known (It doesn't have dynamic exports). So it's known statically that the requested export doesn't exist.

Import traces:
  Client Component Browser:
    ./src/lib/relatedContent.ts [Client Component Browser]
    ./src/app/plants/[id]/PlantDetailClient.tsx [Client Component Browser]
    ./src/app/plants/[id]/PlantDetailClient.tsx [Server Component]
    ./src/app/plants/[id]/page.tsx [Server Component]

  Client Component SSR:
    ./src/lib/relatedContent.ts [Client Component SSR]
    ./src/app/plants/[id]/PlantDetailClient.tsx [Client Component SSR]
    ./src/app/plants/[id]/PlantDetailClient.tsx [Server Component]
    ./src/app/plants/[id]/page.tsx [Server Component] @ http://localhost:3001/_next/static/chunks/node_modules_next_dist_0u_w_5s._.js:1945
[    9064ms] [ERROR] ./src/lib/relatedContent.ts:11:1
Export diaries doesn't exist in target module
   9 |  */
  10 |
> 11 | import { diaries as localDiaries, diaryCategories } from "@/data/diary";
     | ^^^^^^^^^^^^^^^^^^^^^^^^^^^^^^^^^^^^^^^^^^^^^^^^^^^^^^^^^^^^^^^^^^^^^^^^
  12 | import { guides as localGuides, guideCategories } from "@/data/guides";
  13 |
  14 | export interface RelatedItem {

The export diaries was not found in module [project]/src/data/diary.ts [app-ssr] (ecmascript).
Did you mean to import diaryEntries?
All exports of the module are statically known (It doesn't have dynamic exports). So it's known statically that the requested export doesn't exist.

Import traces:
  Client Component Browser:
    ./src/lib/relatedContent.ts [Client Component Browser]
    ./src/app/plants/[id]/PlantDetailClient.tsx [Client Component Browser]
    ./src/app/plants/[id]/PlantDetailClient.tsx [Server Component]
    ./src/app/plants/[id]/page.tsx [Server Component]

  Client Component SSR:
    ./src/lib/relatedContent.ts [Client Component SSR]
    ./src/app/plants/[id]/PlantDetailClient.tsx [Client Component SSR]
    ./src/app/plants/[id]/PlantDetailClient.tsx [Server Component]
    ./src/app/plants/[id]/page.tsx [Server Component] @ http://localhost:3001/_next/static/chunks/node_modules_next_dist_0u_w_5s._.js:1945
[    9112ms] [ERROR] ./src/lib/relatedContent.ts:11:1
Export diaries doesn't exist in target module
   9 |  */
  10 |
> 11 | import { diaries as localDiaries, diaryCategories } from "@/data/diary";
     | ^^^^^^^^^^^^^^^^^^^^^^^^^^^^^^^^^^^^^^^^^^^^^^^^^^^^^^^^^^^^^^^^^^^^^^^^
  12 | import { guides as localGuides, guideCategories } from "@/data/guides";
  13 |
  14 | export interface RelatedItem {

The export diaries was not found in module [project]/src/data/diary.ts [app-client] (ecmascript).
Did you mean to import diaryEntries?
All exports of the module are statically known (It doesn't have dynamic exports). So it's known statically that the requested export doesn't exist.

Import traces:
  Client Component Browser:
    ./src/lib/relatedContent.ts [Client Component Browser]
    ./src/app/plants/[id]/PlantDetailClient.tsx [Client Component Browser]
    ./src/app/plants/[id]/PlantDetailClient.tsx [Server Component]
    ./src/app/plants/[id]/page.tsx [Server Component]

  Client Component SSR:
    ./src/lib/relatedContent.ts [Client Component SSR]
    ./src/app/plants/[id]/PlantDetailClient.tsx [Client Component SSR]
    ./src/app/plants/[id]/PlantDetailClient.tsx [Server Component]
    ./src/app/plants/[id]/page.tsx [Server Component] @ http://localhost:3001/_next/static/chunks/node_modules_next_dist_0u_w_5s._.js:1945
[    9113ms] [ERROR] ./src/lib/relatedContent.ts:11:1
Export diaries doesn't exist in target module
   9 |  */
  10 |
> 11 | import { diaries as localDiaries, diaryCategories } from "@/data/diary";
     | ^^^^^^^^^^^^^^^^^^^^^^^^^^^^^^^^^^^^^^^^^^^^^^^^^^^^^^^^^^^^^^^^^^^^^^^^
  12 | import { guides as localGuides, guideCategories } from "@/data/guides";
  13 |
  14 | export interface RelatedItem {

The export diaries was not found in module [project]/src/data/diary.ts [app-ssr] (ecmascript).
Did you mean to import diaryEntries?
All exports of the module are statically known (It doesn't have dynamic exports). So it's known statically that the requested export doesn't exist.

Import traces:
  Client Component Browser:
    ./src/lib/relatedContent.ts [Client Component Browser]
    ./src/app/plants/[id]/PlantDetailClient.tsx [Client Component Browser]
    ./src/app/plants/[id]/PlantDetailClient.tsx [Server Component]
    ./src/app/plants/[id]/page.tsx [Server Component]

  Client Component SSR:
    ./src/lib/relatedContent.ts [Client Component SSR]
    ./src/app/plants/[id]/PlantDetailClient.tsx [Client Component SSR]
    ./src/app/plants/[id]/PlantDetailClient.tsx [Server Component]
    ./src/app/plants/[id]/page.tsx [Server Component] @ http://localhost:3001/_next/static/chunks/node_modules_next_dist_0u_w_5s._.js:1945
[    9160ms] [ERROR] ./src/lib/relatedContent.ts:11:1
Export diaries doesn't exist in target module
   9 |  */
  10 |
> 11 | import { diaries as localDiaries, diaryCategories } from "@/data/diary";
     | ^^^^^^^^^^^^^^^^^^^^^^^^^^^^^^^^^^^^^^^^^^^^^^^^^^^^^^^^^^^^^^^^^^^^^^^^
  12 | import { guides as localGuides, guideCategories } from "@/data/guides";
  13 |
  14 | export interface RelatedItem {

The export diaries was not found in module [project]/src/data/diary.ts [app-client] (ecmascript).
Did you mean to import diaryEntries?
All exports of the module are statically known (It doesn't have dynamic exports). So it's known statically that the requested export doesn't exist.

Import traces:
  Client Component Browser:
    ./src/lib/relatedContent.ts [Client Component Browser]
    ./src/app/plants/[id]/PlantDetailClient.tsx [Client Component Browser]
    ./src/app/plants/[id]/PlantDetailClient.tsx [Server Component]
    ./src/app/plants/[id]/page.tsx [Server Component]

  Client Component SSR:
    ./src/lib/relatedContent.ts [Client Component SSR]
    ./src/app/plants/[id]/PlantDetailClient.tsx [Client Component SSR]
    ./src/app/plants/[id]/PlantDetailClient.tsx [Server Component]
    ./src/app/plants/[id]/page.tsx [Server Component] @ http://localhost:3001/_next/static/chunks/node_modules_next_dist_0u_w_5s._.js:1945
[    9160ms] [ERROR] ./src/lib/relatedContent.ts:11:1
Export diaries doesn't exist in target module
   9 |  */
  10 |
> 11 | import { diaries as localDiaries, diaryCategories } from "@/data/diary";
     | ^^^^^^^^^^^^^^^^^^^^^^^^^^^^^^^^^^^^^^^^^^^^^^^^^^^^^^^^^^^^^^^^^^^^^^^^
  12 | import { guides as localGuides, guideCategories } from "@/data/guides";
  13 |
  14 | export interface RelatedItem {

The export diaries was not found in module [project]/src/data/diary.ts [app-ssr] (ecmascript).
Did you mean to import diaryEntries?
All exports of the module are statically known (It doesn't have dynamic exports). So it's known statically that the requested export doesn't exist.

Import traces:
  Client Component Browser:
    ./src/lib/relatedContent.ts [Client Component Browser]
    ./src/app/plants/[id]/PlantDetailClient.tsx [Client Component Browser]
    ./src/app/plants/[id]/PlantDetailClient.tsx [Server Component]
    ./src/app/plants/[id]/page.tsx [Server Component]

  Client Component SSR:
    ./src/lib/relatedContent.ts [Client Component SSR]
    ./src/app/plants/[id]/PlantDetailClient.tsx [Client Component SSR]
    ./src/app/plants/[id]/PlantDetailClient.tsx [Server Component]
    ./src/app/plants/[id]/page.tsx [Server Component] @ http://localhost:3001/_next/static/chunks/node_modules_next_dist_0u_w_5s._.js:1945
[    9207ms] [ERROR] ./src/lib/relatedContent.ts:11:1
Export diaries doesn't exist in target module
   9 |  */
  10 |
> 11 | import { diaries as localDiaries, diaryCategories } from "@/data/diary";
     | ^^^^^^^^^^^^^^^^^^^^^^^^^^^^^^^^^^^^^^^^^^^^^^^^^^^^^^^^^^^^^^^^^^^^^^^^
  12 | import { guides as localGuides, guideCategories } from "@/data/guides";
  13 |
  14 | export interface RelatedItem {

The export diaries was not found in module [project]/src/data/diary.ts [app-client] (ecmascript).
Did you mean to import diaryEntries?
All exports of the module are statically known (It doesn't have dynamic exports). So it's known statically that the requested export doesn't exist.

Import traces:
  Client Component Browser:
    ./src/lib/relatedContent.ts [Client Component Browser]
    ./src/app/plants/[id]/PlantDetailClient.tsx [Client Component Browser]
    ./src/app/plants/[id]/PlantDetailClient.tsx [Server Component]
    ./src/app/plants/[id]/page.tsx [Server Component]

  Client Component SSR:
    ./src/lib/relatedContent.ts [Client Component SSR]
    ./src/app/plants/[id]/PlantDetailClient.tsx [Client Component SSR]
    ./src/app/plants/[id]/PlantDetailClient.tsx [Server Component]
    ./src/app/plants/[id]/page.tsx [Server Component] @ http://localhost:3001/_next/static/chunks/node_modules_next_dist_0u_w_5s._.js:1945
[    9207ms] [ERROR] ./src/lib/relatedContent.ts:11:1
Export diaries doesn't exist in target module
   9 |  */
  10 |
> 11 | import { diaries as localDiaries, diaryCategories } from "@/data/diary";
     | ^^^^^^^^^^^^^^^^^^^^^^^^^^^^^^^^^^^^^^^^^^^^^^^^^^^^^^^^^^^^^^^^^^^^^^^^
  12 | import { guides as localGuides, guideCategories } from "@/data/guides";
  13 |
  14 | export interface RelatedItem {

The export diaries was not found in module [project]/src/data/diary.ts [app-ssr] (ecmascript).
Did you mean to import diaryEntries?
All exports of the module are statically known (It doesn't have dynamic exports). So it's known statically that the requested export doesn't exist.

Import traces:
  Client Component Browser:
    ./src/lib/relatedContent.ts [Client Component Browser]
    ./src/app/plants/[id]/PlantDetailClient.tsx [Client Component Browser]
    ./src/app/plants/[id]/PlantDetailClient.tsx [Server Component]
    ./src/app/plants/[id]/page.tsx [Server Component]

  Client Component SSR:
    ./src/lib/relatedContent.ts [Client Component SSR]
    ./src/app/plants/[id]/PlantDetailClient.tsx [Client Component SSR]
    ./src/app/plants/[id]/PlantDetailClient.tsx [Server Component]
    ./src/app/plants/[id]/page.tsx [Server Component] @ http://localhost:3001/_next/static/chunks/node_modules_next_dist_0u_w_5s._.js:1945
[    9255ms] [ERROR] ./src/lib/relatedContent.ts:11:1
Export diaries doesn't exist in target module
   9 |  */
  10 |
> 11 | import { diaries as localDiaries, diaryCategories } from "@/data/diary";
     | ^^^^^^^^^^^^^^^^^^^^^^^^^^^^^^^^^^^^^^^^^^^^^^^^^^^^^^^^^^^^^^^^^^^^^^^^
  12 | import { guides as localGuides, guideCategories } from "@/data/guides";
  13 |
  14 | export interface RelatedItem {

The export diaries was not found in module [project]/src/data/diary.ts [app-client] (ecmascript).
Did you mean to import diaryEntries?
All exports of the module are statically known (It doesn't have dynamic exports). So it's known statically that the requested export doesn't exist.

Import traces:
  Client Component Browser:
    ./src/lib/relatedContent.ts [Client Component Browser]
    ./src/app/plants/[id]/PlantDetailClient.tsx [Client Component Browser]
    ./src/app/plants/[id]/PlantDetailClient.tsx [Server Component]
    ./src/app/plants/[id]/page.tsx [Server Component]

  Client Component SSR:
    ./src/lib/relatedContent.ts [Client Component SSR]
    ./src/app/plants/[id]/PlantDetailClient.tsx [Client Component SSR]
    ./src/app/plants/[id]/PlantDetailClient.tsx [Server Component]
    ./src/app/plants/[id]/page.tsx [Server Component] @ http://localhost:3001/_next/static/chunks/node_modules_next_dist_0u_w_5s._.js:1945
[    9255ms] [ERROR] ./src/lib/relatedContent.ts:11:1
Export diaries doesn't exist in target module
   9 |  */
  10 |
> 11 | import { diaries as localDiaries, diaryCategories } from "@/data/diary";
     | ^^^^^^^^^^^^^^^^^^^^^^^^^^^^^^^^^^^^^^^^^^^^^^^^^^^^^^^^^^^^^^^^^^^^^^^^
  12 | import { guides as localGuides, guideCategories } from "@/data/guides";
  13 |
  14 | export interface RelatedItem {

The export diaries was not found in module [project]/src/data/diary.ts [app-ssr] (ecmascript).
Did you mean to import diaryEntries?
All exports of the module are statically known (It doesn't have dynamic exports). So it's known statically that the requested export doesn't exist.

Import traces:
  Client Component Browser:
    ./src/lib/relatedContent.ts [Client Component Browser]
    ./src/app/plants/[id]/PlantDetailClient.tsx [Client Component Browser]
    ./src/app/plants/[id]/PlantDetailClient.tsx [Server Component]
    ./src/app/plants/[id]/page.tsx [Server Component]

  Client Component SSR:
    ./src/lib/relatedContent.ts [Client Component SSR]
    ./src/app/plants/[id]/PlantDetailClient.tsx [Client Component SSR]
    ./src/app/plants/[id]/PlantDetailClient.tsx [Server Component]
    ./src/app/plants/[id]/page.tsx [Server Component] @ http://localhost:3001/_next/static/chunks/node_modules_next_dist_0u_w_5s._.js:1945
[    9302ms] [ERROR] ./src/lib/relatedContent.ts:11:1
Export diaries doesn't exist in target module
   9 |  */
  10 |
> 11 | import { diaries as localDiaries, diaryCategories } from "@/data/diary";
     | ^^^^^^^^^^^^^^^^^^^^^^^^^^^^^^^^^^^^^^^^^^^^^^^^^^^^^^^^^^^^^^^^^^^^^^^^
  12 | import { guides as localGuides, guideCategories } from "@/data/guides";
  13 |
  14 | export interface RelatedItem {

The export diaries was not found in module [project]/src/data/diary.ts [app-client] (ecmascript).
Did you mean to import diaryEntries?
All exports of the module are statically known (It doesn't have dynamic exports). So it's known statically that the requested export doesn't exist.

Import traces:
  Client Component Browser:
    ./src/lib/relatedContent.ts [Client Component Browser]
    ./src/app/plants/[id]/PlantDetailClient.tsx [Client Component Browser]
    ./src/app/plants/[id]/PlantDetailClient.tsx [Server Component]
    ./src/app/plants/[id]/page.tsx [Server Component]

  Client Component SSR:
    ./src/lib/relatedContent.ts [Client Component SSR]
    ./src/app/plants/[id]/PlantDetailClient.tsx [Client Component SSR]
    ./src/app/plants/[id]/PlantDetailClient.tsx [Server Component]
    ./src/app/plants/[id]/page.tsx [Server Component] @ http://localhost:3001/_next/static/chunks/node_modules_next_dist_0u_w_5s._.js:1945
[    9302ms] [ERROR] ./src/lib/relatedContent.ts:11:1
Export diaries doesn't exist in target module
   9 |  */
  10 |
> 11 | import { diaries as localDiaries, diaryCategories } from "@/data/diary";
     | ^^^^^^^^^^^^^^^^^^^^^^^^^^^^^^^^^^^^^^^^^^^^^^^^^^^^^^^^^^^^^^^^^^^^^^^^
  12 | import { guides as localGuides, guideCategories } from "@/data/guides";
  13 |
  14 | export interface RelatedItem {

The export diaries was not found in module [project]/src/data/diary.ts [app-ssr] (ecmascript).
Did you mean to import diaryEntries?
All exports of the module are statically known (It doesn't have dynamic exports). So it's known statically that the requested export doesn't exist.

Import traces:
  Client Component Browser:
    ./src/lib/relatedContent.ts [Client Component Browser]
    ./src/app/plants/[id]/PlantDetailClient.tsx [Client Component Browser]
    ./src/app/plants/[id]/PlantDetailClient.tsx [Server Component]
    ./src/app/plants/[id]/page.tsx [Server Component]

  Client Component SSR:
    ./src/lib/relatedContent.ts [Client Component SSR]
    ./src/app/plants/[id]/PlantDetailClient.tsx [Client Component SSR]
    ./src/app/plants/[id]/PlantDetailClient.tsx [Server Component]
    ./src/app/plants/[id]/page.tsx [Server Component] @ http://localhost:3001/_next/static/chunks/node_modules_next_dist_0u_w_5s._.js:1945
[    9350ms] [ERROR] ./src/lib/relatedContent.ts:11:1
Export diaries doesn't exist in target module
   9 |  */
  10 |
> 11 | import { diaries as localDiaries, diaryCategories } from "@/data/diary";
     | ^^^^^^^^^^^^^^^^^^^^^^^^^^^^^^^^^^^^^^^^^^^^^^^^^^^^^^^^^^^^^^^^^^^^^^^^
  12 | import { guides as localGuides, guideCategories } from "@/data/guides";
  13 |
  14 | export interface RelatedItem {

The export diaries was not found in module [project]/src/data/diary.ts [app-client] (ecmascript).
Did you mean to import diaryEntries?
All exports of the module are statically known (It doesn't have dynamic exports). So it's known statically that the requested export doesn't exist.

Import traces:
  Client Component Browser:
    ./src/lib/relatedContent.ts [Client Component Browser]
    ./src/app/plants/[id]/PlantDetailClient.tsx [Client Component Browser]
    ./src/app/plants/[id]/PlantDetailClient.tsx [Server Component]
    ./src/app/plants/[id]/page.tsx [Server Component]

  Client Component SSR:
    ./src/lib/relatedContent.ts [Client Component SSR]
    ./src/app/plants/[id]/PlantDetailClient.tsx [Client Component SSR]
    ./src/app/plants/[id]/PlantDetailClient.tsx [Server Component]
    ./src/app/plants/[id]/page.tsx [Server Component] @ http://localhost:3001/_next/static/chunks/node_modules_next_dist_0u_w_5s._.js:1945
[    9350ms] [ERROR] ./src/lib/relatedContent.ts:11:1
Export diaries doesn't exist in target module
   9 |  */
  10 |
> 11 | import { diaries as localDiaries, diaryCategories } from "@/data/diary";
     | ^^^^^^^^^^^^^^^^^^^^^^^^^^^^^^^^^^^^^^^^^^^^^^^^^^^^^^^^^^^^^^^^^^^^^^^^
  12 | import { guides as localGuides, guideCategories } from "@/data/guides";
  13 |
  14 | export interface RelatedItem {

The export diaries was not found in module [project]/src/data/diary.ts [app-ssr] (ecmascript).
Did you mean to import diaryEntries?
All exports of the module are statically known (It doesn't have dynamic exports). So it's known statically that the requested export doesn't exist.

Import traces:
  Client Component Browser:
    ./src/lib/relatedContent.ts [Client Component Browser]
    ./src/app/plants/[id]/PlantDetailClient.tsx [Client Component Browser]
    ./src/app/plants/[id]/PlantDetailClient.tsx [Server Component]
    ./src/app/plants/[id]/page.tsx [Server Component]

  Client Component SSR:
    ./src/lib/relatedContent.ts [Client Component SSR]
    ./src/app/plants/[id]/PlantDetailClient.tsx [Client Component SSR]
    ./src/app/plants/[id]/PlantDetailClient.tsx [Server Component]
    ./src/app/plants/[id]/page.tsx [Server Component] @ http://localhost:3001/_next/static/chunks/node_modules_next_dist_0u_w_5s._.js:1945
[    9399ms] [ERROR] ./src/lib/relatedContent.ts:11:1
Export diaries doesn't exist in target module
   9 |  */
  10 |
> 11 | import { diaries as localDiaries, diaryCategories } from "@/data/diary";
     | ^^^^^^^^^^^^^^^^^^^^^^^^^^^^^^^^^^^^^^^^^^^^^^^^^^^^^^^^^^^^^^^^^^^^^^^^
  12 | import { guides as localGuides, guideCategories } from "@/data/guides";
  13 |
  14 | export interface RelatedItem {

The export diaries was not found in module [project]/src/data/diary.ts [app-client] (ecmascript).
Did you mean to import diaryEntries?
All exports of the module are statically known (It doesn't have dynamic exports). So it's known statically that the requested export doesn't exist.

Import traces:
  Client Component Browser:
    ./src/lib/relatedContent.ts [Client Component Browser]
    ./src/app/plants/[id]/PlantDetailClient.tsx [Client Component Browser]
    ./src/app/plants/[id]/PlantDetailClient.tsx [Server Component]
    ./src/app/plants/[id]/page.tsx [Server Component]

  Client Component SSR:
    ./src/lib/relatedContent.ts [Client Component SSR]
    ./src/app/plants/[id]/PlantDetailClient.tsx [Client Component SSR]
    ./src/app/plants/[id]/PlantDetailClient.tsx [Server Component]
    ./src/app/plants/[id]/page.tsx [Server Component] @ http://localhost:3001/_next/static/chunks/node_modules_next_dist_0u_w_5s._.js:1945
[    9399ms] [ERROR] ./src/lib/relatedContent.ts:11:1
Export diaries doesn't exist in target module
   9 |  */
  10 |
> 11 | import { diaries as localDiaries, diaryCategories } from "@/data/diary";
     | ^^^^^^^^^^^^^^^^^^^^^^^^^^^^^^^^^^^^^^^^^^^^^^^^^^^^^^^^^^^^^^^^^^^^^^^^
  12 | import { guides as localGuides, guideCategories } from "@/data/guides";
  13 |
  14 | export interface RelatedItem {

The export diaries was not found in module [project]/src/data/diary.ts [app-ssr] (ecmascript).
Did you mean to import diaryEntries?
All exports of the module are statically known (It doesn't have dynamic exports). So it's known statically that the requested export doesn't exist.

Import traces:
  Client Component Browser:
    ./src/lib/relatedContent.ts [Client Component Browser]
    ./src/app/plants/[id]/PlantDetailClient.tsx [Client Component Browser]
    ./src/app/plants/[id]/PlantDetailClient.tsx [Server Component]
    ./src/app/plants/[id]/page.tsx [Server Component]

  Client Component SSR:
    ./src/lib/relatedContent.ts [Client Component SSR]
    ./src/app/plants/[id]/PlantDetailClient.tsx [Client Component SSR]
    ./src/app/plants/[id]/PlantDetailClient.tsx [Server Component]
    ./src/app/plants/[id]/page.tsx [Server Component] @ http://localhost:3001/_next/static/chunks/node_modules_next_dist_0u_w_5s._.js:1945
[    9447ms] [ERROR] ./src/lib/relatedContent.ts:11:1
Export diaries doesn't exist in target module
   9 |  */
  10 |
> 11 | import { diaries as localDiaries, diaryCategories } from "@/data/diary";
     | ^^^^^^^^^^^^^^^^^^^^^^^^^^^^^^^^^^^^^^^^^^^^^^^^^^^^^^^^^^^^^^^^^^^^^^^^
  12 | import { guides as localGuides, guideCategories } from "@/data/guides";
  13 |
  14 | export interface RelatedItem {

The export diaries was not found in module [project]/src/data/diary.ts [app-client] (ecmascript).
Did you mean to import diaryEntries?
All exports of the module are statically known (It doesn't have dynamic exports). So it's known statically that the requested export doesn't exist.

Import traces:
  Client Component Browser:
    ./src/lib/relatedContent.ts [Client Component Browser]
    ./src/app/plants/[id]/PlantDetailClient.tsx [Client Component Browser]
    ./src/app/plants/[id]/PlantDetailClient.tsx [Server Component]
    ./src/app/plants/[id]/page.tsx [Server Component]

  Client Component SSR:
    ./src/lib/relatedContent.ts [Client Component SSR]
    ./src/app/plants/[id]/PlantDetailClient.tsx [Client Component SSR]
    ./src/app/plants/[id]/PlantDetailClient.tsx [Server Component]
    ./src/app/plants/[id]/page.tsx [Server Component] @ http://localhost:3001/_next/static/chunks/node_modules_next_dist_0u_w_5s._.js:1945
[    9447ms] [ERROR] ./src/lib/relatedContent.ts:11:1
Export diaries doesn't exist in target module
   9 |  */
  10 |
> 11 | import { diaries as localDiaries, diaryCategories } from "@/data/diary";
     | ^^^^^^^^^^^^^^^^^^^^^^^^^^^^^^^^^^^^^^^^^^^^^^^^^^^^^^^^^^^^^^^^^^^^^^^^
  12 | import { guides as localGuides, guideCategories } from "@/data/guides";
  13 |
  14 | export interface RelatedItem {

The export diaries was not found in module [project]/src/data/diary.ts [app-ssr] (ecmascript).
Did you mean to import diaryEntries?
All exports of the module are statically known (It doesn't have dynamic exports). So it's known statically that the requested export doesn't exist.

Import traces:
  Client Component Browser:
    ./src/lib/relatedContent.ts [Client Component Browser]
    ./src/app/plants/[id]/PlantDetailClient.tsx [Client Component Browser]
    ./src/app/plants/[id]/PlantDetailClient.tsx [Server Component]
    ./src/app/plants/[id]/page.tsx [Server Component]

  Client Component SSR:
    ./src/lib/relatedContent.ts [Client Component SSR]
    ./src/app/plants/[id]/PlantDetailClient.tsx [Client Component SSR]
    ./src/app/plants/[id]/PlantDetailClient.tsx [Server Component]
    ./src/app/plants/[id]/page.tsx [Server Component] @ http://localhost:3001/_next/static/chunks/node_modules_next_dist_0u_w_5s._.js:1945
[    9495ms] [ERROR] ./src/lib/relatedContent.ts:11:1
Export diaries doesn't exist in target module
   9 |  */
  10 |
> 11 | import { diaries as localDiaries, diaryCategories } from "@/data/diary";
     | ^^^^^^^^^^^^^^^^^^^^^^^^^^^^^^^^^^^^^^^^^^^^^^^^^^^^^^^^^^^^^^^^^^^^^^^^
  12 | import { guides as localGuides, guideCategories } from "@/data/guides";
  13 |
  14 | export interface RelatedItem {

The export diaries was not found in module [project]/src/data/diary.ts [app-client] (ecmascript).
Did you mean to import diaryEntries?
All exports of the module are statically known (It doesn't have dynamic exports). So it's known statically that the requested export doesn't exist.

Import traces:
  Client Component Browser:
    ./src/lib/relatedContent.ts [Client Component Browser]
    ./src/app/plants/[id]/PlantDetailClient.tsx [Client Component Browser]
    ./src/app/plants/[id]/PlantDetailClient.tsx [Server Component]
    ./src/app/plants/[id]/page.tsx [Server Component]

  Client Component SSR:
    ./src/lib/relatedContent.ts [Client Component SSR]
    ./src/app/plants/[id]/PlantDetailClient.tsx [Client Component SSR]
    ./src/app/plants/[id]/PlantDetailClient.tsx [Server Component]
    ./src/app/plants/[id]/page.tsx [Server Component] @ http://localhost:3001/_next/static/chunks/node_modules_next_dist_0u_w_5s._.js:1945
[    9495ms] [ERROR] ./src/lib/relatedContent.ts:11:1
Export diaries doesn't exist in target module
   9 |  */
  10 |
> 11 | import { diaries as localDiaries, diaryCategories } from "@/data/diary";
     | ^^^^^^^^^^^^^^^^^^^^^^^^^^^^^^^^^^^^^^^^^^^^^^^^^^^^^^^^^^^^^^^^^^^^^^^^
  12 | import { guides as localGuides, guideCategories } from "@/data/guides";
  13 |
  14 | export interface RelatedItem {

The export diaries was not found in module [project]/src/data/diary.ts [app-ssr] (ecmascript).
Did you mean to import diaryEntries?
All exports of the module are statically known (It doesn't have dynamic exports). So it's known statically that the requested export doesn't exist.

Import traces:
  Client Component Browser:
    ./src/lib/relatedContent.ts [Client Component Browser]
    ./src/app/plants/[id]/PlantDetailClient.tsx [Client Component Browser]
    ./src/app/plants/[id]/PlantDetailClient.tsx [Server Component]
    ./src/app/plants/[id]/page.tsx [Server Component]

  Client Component SSR:
    ./src/lib/relatedContent.ts [Client Component SSR]
    ./src/app/plants/[id]/PlantDetailClient.tsx [Client Component SSR]
    ./src/app/plants/[id]/PlantDetailClient.tsx [Server Component]
    ./src/app/plants/[id]/page.tsx [Server Component] @ http://localhost:3001/_next/static/chunks/node_modules_next_dist_0u_w_5s._.js:1945
[    9543ms] [ERROR] ./src/lib/relatedContent.ts:11:1
Export diaries doesn't exist in target module
   9 |  */
  10 |
> 11 | import { diaries as localDiaries, diaryCategories } from "@/data/diary";
     | ^^^^^^^^^^^^^^^^^^^^^^^^^^^^^^^^^^^^^^^^^^^^^^^^^^^^^^^^^^^^^^^^^^^^^^^^
  12 | import { guides as localGuides, guideCategories } from "@/data/guides";
  13 |
  14 | export interface RelatedItem {

The export diaries was not found in module [project]/src/data/diary.ts [app-client] (ecmascript).
Did you mean to import diaryEntries?
All exports of the module are statically known (It doesn't have dynamic exports). So it's known statically that the requested export doesn't exist.

Import traces:
  Client Component Browser:
    ./src/lib/relatedContent.ts [Client Component Browser]
    ./src/app/plants/[id]/PlantDetailClient.tsx [Client Component Browser]
    ./src/app/plants/[id]/PlantDetailClient.tsx [Server Component]
    ./src/app/plants/[id]/page.tsx [Server Component]

  Client Component SSR:
    ./src/lib/relatedContent.ts [Client Component SSR]
    ./src/app/plants/[id]/PlantDetailClient.tsx [Client Component SSR]
    ./src/app/plants/[id]/PlantDetailClient.tsx [Server Component]
    ./src/app/plants/[id]/page.tsx [Server Component] @ http://localhost:3001/_next/static/chunks/node_modules_next_dist_0u_w_5s._.js:1945
[    9543ms] [ERROR] ./src/lib/relatedContent.ts:11:1
Export diaries doesn't exist in target module
   9 |  */
  10 |
> 11 | import { diaries as localDiaries, diaryCategories } from "@/data/diary";
     | ^^^^^^^^^^^^^^^^^^^^^^^^^^^^^^^^^^^^^^^^^^^^^^^^^^^^^^^^^^^^^^^^^^^^^^^^
  12 | import { guides as localGuides, guideCategories } from "@/data/guides";
  13 |
  14 | export interface RelatedItem {

The export diaries was not found in module [project]/src/data/diary.ts [app-ssr] (ecmascript).
Did you mean to import diaryEntries?
All exports of the module are statically known (It doesn't have dynamic exports). So it's known statically that the requested export doesn't exist.

Import traces:
  Client Component Browser:
    ./src/lib/relatedContent.ts [Client Component Browser]
    ./src/app/plants/[id]/PlantDetailClient.tsx [Client Component Browser]
    ./src/app/plants/[id]/PlantDetailClient.tsx [Server Component]
    ./src/app/plants/[id]/page.tsx [Server Component]

  Client Component SSR:
    ./src/lib/relatedContent.ts [Client Component SSR]
    ./src/app/plants/[id]/PlantDetailClient.tsx [Client Component SSR]
    ./src/app/plants/[id]/PlantDetailClient.tsx [Server Component]
    ./src/app/plants/[id]/page.tsx [Server Component] @ http://localhost:3001/_next/static/chunks/node_modules_next_dist_0u_w_5s._.js:1945
[    9590ms] [ERROR] ./src/lib/relatedContent.ts:11:1
Export diaries doesn't exist in target module
   9 |  */
  10 |
> 11 | import { diaries as localDiaries, diaryCategories } from "@/data/diary";
     | ^^^^^^^^^^^^^^^^^^^^^^^^^^^^^^^^^^^^^^^^^^^^^^^^^^^^^^^^^^^^^^^^^^^^^^^^
  12 | import { guides as localGuides, guideCategories } from "@/data/guides";
  13 |
  14 | export interface RelatedItem {

The export diaries was not found in module [project]/src/data/diary.ts [app-client] (ecmascript).
Did you mean to import diaryEntries?
All exports of the module are statically known (It doesn't have dynamic exports). So it's known statically that the requested export doesn't exist.

Import traces:
  Client Component Browser:
    ./src/lib/relatedContent.ts [Client Component Browser]
    ./src/app/plants/[id]/PlantDetailClient.tsx [Client Component Browser]
    ./src/app/plants/[id]/PlantDetailClient.tsx [Server Component]
    ./src/app/plants/[id]/page.tsx [Server Component]

  Client Component SSR:
    ./src/lib/relatedContent.ts [Client Component SSR]
    ./src/app/plants/[id]/PlantDetailClient.tsx [Client Component SSR]
    ./src/app/plants/[id]/PlantDetailClient.tsx [Server Component]
    ./src/app/plants/[id]/page.tsx [Server Component] @ http://localhost:3001/_next/static/chunks/node_modules_next_dist_0u_w_5s._.js:1945
[    9590ms] [ERROR] ./src/lib/relatedContent.ts:11:1
Export diaries doesn't exist in target module
   9 |  */
  10 |
> 11 | import { diaries as localDiaries, diaryCategories } from "@/data/diary";
     | ^^^^^^^^^^^^^^^^^^^^^^^^^^^^^^^^^^^^^^^^^^^^^^^^^^^^^^^^^^^^^^^^^^^^^^^^
  12 | import { guides as localGuides, guideCategories } from "@/data/guides";
  13 |
  14 | export interface RelatedItem {

The export diaries was not found in module [project]/src/data/diary.ts [app-ssr] (ecmascript).
Did you mean to import diaryEntries?
All exports of the module are statically known (It doesn't have dynamic exports). So it's known statically that the requested export doesn't exist.

Import traces:
  Client Component Browser:
    ./src/lib/relatedContent.ts [Client Component Browser]
    ./src/app/plants/[id]/PlantDetailClient.tsx [Client Component Browser]
    ./src/app/plants/[id]/PlantDetailClient.tsx [Server Component]
    ./src/app/plants/[id]/page.tsx [Server Component]

  Client Component SSR:
    ./src/lib/relatedContent.ts [Client Component SSR]
    ./src/app/plants/[id]/PlantDetailClient.tsx [Client Component SSR]
    ./src/app/plants/[id]/PlantDetailClient.tsx [Server Component]
    ./src/app/plants/[id]/page.tsx [Server Component] @ http://localhost:3001/_next/static/chunks/node_modules_next_dist_0u_w_5s._.js:1945
[    9639ms] [ERROR] ./src/lib/relatedContent.ts:11:1
Export diaries doesn't exist in target module
   9 |  */
  10 |
> 11 | import { diaries as localDiaries, diaryCategories } from "@/data/diary";
     | ^^^^^^^^^^^^^^^^^^^^^^^^^^^^^^^^^^^^^^^^^^^^^^^^^^^^^^^^^^^^^^^^^^^^^^^^
  12 | import { guides as localGuides, guideCategories } from "@/data/guides";
  13 |
  14 | export interface RelatedItem {

The export diaries was not found in module [project]/src/data/diary.ts [app-client] (ecmascript).
Did you mean to import diaryEntries?
All exports of the module are statically known (It doesn't have dynamic exports). So it's known statically that the requested export doesn't exist.

Import traces:
  Client Component Browser:
    ./src/lib/relatedContent.ts [Client Component Browser]
    ./src/app/plants/[id]/PlantDetailClient.tsx [Client Component Browser]
    ./src/app/plants/[id]/PlantDetailClient.tsx [Server Component]
    ./src/app/plants/[id]/page.tsx [Server Component]

  Client Component SSR:
    ./src/lib/relatedContent.ts [Client Component SSR]
    ./src/app/plants/[id]/PlantDetailClient.tsx [Client Component SSR]
    ./src/app/plants/[id]/PlantDetailClient.tsx [Server Component]
    ./src/app/plants/[id]/page.tsx [Server Component] @ http://localhost:3001/_next/static/chunks/node_modules_next_dist_0u_w_5s._.js:1945
[    9639ms] [ERROR] ./src/lib/relatedContent.ts:11:1
Export diaries doesn't exist in target module
   9 |  */
  10 |
> 11 | import { diaries as localDiaries, diaryCategories } from "@/data/diary";
     | ^^^^^^^^^^^^^^^^^^^^^^^^^^^^^^^^^^^^^^^^^^^^^^^^^^^^^^^^^^^^^^^^^^^^^^^^
  12 | import { guides as localGuides, guideCategories } from "@/data/guides";
  13 |
  14 | export interface RelatedItem {

The export diaries was not found in module [project]/src/data/diary.ts [app-ssr] (ecmascript).
Did you mean to import diaryEntries?
All exports of the module are statically known (It doesn't have dynamic exports). So it's known statically that the requested export doesn't exist.

Import traces:
  Client Component Browser:
    ./src/lib/relatedContent.ts [Client Component Browser]
    ./src/app/plants/[id]/PlantDetailClient.tsx [Client Component Browser]
    ./src/app/plants/[id]/PlantDetailClient.tsx [Server Component]
    ./src/app/plants/[id]/page.tsx [Server Component]

  Client Component SSR:
    ./src/lib/relatedContent.ts [Client Component SSR]
    ./src/app/plants/[id]/PlantDetailClient.tsx [Client Component SSR]
    ./src/app/plants/[id]/PlantDetailClient.tsx [Server Component]
    ./src/app/plants/[id]/page.tsx [Server Component] @ http://localhost:3001/_next/static/chunks/node_modules_next_dist_0u_w_5s._.js:1945
[    9684ms] [ERROR] ./src/lib/relatedContent.ts:11:1
Export diaries doesn't exist in target module
   9 |  */
  10 |
> 11 | import { diaries as localDiaries, diaryCategories } from "@/data/diary";
     | ^^^^^^^^^^^^^^^^^^^^^^^^^^^^^^^^^^^^^^^^^^^^^^^^^^^^^^^^^^^^^^^^^^^^^^^^
  12 | import { guides as localGuides, guideCategories } from "@/data/guides";
  13 |
  14 | export interface RelatedItem {

The export diaries was not found in module [project]/src/data/diary.ts [app-client] (ecmascript).
Did you mean to import diaryEntries?
All exports of the module are statically known (It doesn't have dynamic exports). So it's known statically that the requested export doesn't exist.

Import traces:
  Client Component Browser:
    ./src/lib/relatedContent.ts [Client Component Browser]
    ./src/app/plants/[id]/PlantDetailClient.tsx [Client Component Browser]
    ./src/app/plants/[id]/PlantDetailClient.tsx [Server Component]
    ./src/app/plants/[id]/page.tsx [Server Component]

  Client Component SSR:
    ./src/lib/relatedContent.ts [Client Component SSR]
    ./src/app/plants/[id]/PlantDetailClient.tsx [Client Component SSR]
    ./src/app/plants/[id]/PlantDetailClient.tsx [Server Component]
    ./src/app/plants/[id]/page.tsx [Server Component] @ http://localhost:3001/_next/static/chunks/node_modules_next_dist_0u_w_5s._.js:1945
[    9684ms] [ERROR] ./src/lib/relatedContent.ts:11:1
Export diaries doesn't exist in target module
   9 |  */
  10 |
> 11 | import { diaries as localDiaries, diaryCategories } from "@/data/diary";
     | ^^^^^^^^^^^^^^^^^^^^^^^^^^^^^^^^^^^^^^^^^^^^^^^^^^^^^^^^^^^^^^^^^^^^^^^^
  12 | import { guides as localGuides, guideCategories } from "@/data/guides";
  13 |
  14 | export interface RelatedItem {

The export diaries was not found in module [project]/src/data/diary.ts [app-ssr] (ecmascript).
Did you mean to import diaryEntries?
All exports of the module are statically known (It doesn't have dynamic exports). So it's known statically that the requested export doesn't exist.

Import traces:
  Client Component Browser:
    ./src/lib/relatedContent.ts [Client Component Browser]
    ./src/app/plants/[id]/PlantDetailClient.tsx [Client Component Browser]
    ./src/app/plants/[id]/PlantDetailClient.tsx [Server Component]
    ./src/app/plants/[id]/page.tsx [Server Component]

  Client Component SSR:
    ./src/lib/relatedContent.ts [Client Component SSR]
    ./src/app/plants/[id]/PlantDetailClient.tsx [Client Component SSR]
    ./src/app/plants/[id]/PlantDetailClient.tsx [Server Component]
    ./src/app/plants/[id]/page.tsx [Server Component] @ http://localhost:3001/_next/static/chunks/node_modules_next_dist_0u_w_5s._.js:1945
[    9730ms] [ERROR] ./src/lib/relatedContent.ts:11:1
Export diaries doesn't exist in target module
   9 |  */
  10 |
> 11 | import { diaries as localDiaries, diaryCategories } from "@/data/diary";
     | ^^^^^^^^^^^^^^^^^^^^^^^^^^^^^^^^^^^^^^^^^^^^^^^^^^^^^^^^^^^^^^^^^^^^^^^^
  12 | import { guides as localGuides, guideCategories } from "@/data/guides";
  13 |
  14 | export interface RelatedItem {

The export diaries was not found in module [project]/src/data/diary.ts [app-client] (ecmascript).
Did you mean to import diaryEntries?
All exports of the module are statically known (It doesn't have dynamic exports). So it's known statically that the requested export doesn't exist.

Import traces:
  Client Component Browser:
    ./src/lib/relatedContent.ts [Client Component Browser]
    ./src/app/plants/[id]/PlantDetailClient.tsx [Client Component Browser]
    ./src/app/plants/[id]/PlantDetailClient.tsx [Server Component]
    ./src/app/plants/[id]/page.tsx [Server Component]

  Client Component SSR:
    ./src/lib/relatedContent.ts [Client Component SSR]
    ./src/app/plants/[id]/PlantDetailClient.tsx [Client Component SSR]
    ./src/app/plants/[id]/PlantDetailClient.tsx [Server Component]
    ./src/app/plants/[id]/page.tsx [Server Component] @ http://localhost:3001/_next/static/chunks/node_modules_next_dist_0u_w_5s._.js:1945
[    9730ms] [ERROR] ./src/lib/relatedContent.ts:11:1
Export diaries doesn't exist in target module
   9 |  */
  10 |
> 11 | import { diaries as localDiaries, diaryCategories } from "@/data/diary";
     | ^^^^^^^^^^^^^^^^^^^^^^^^^^^^^^^^^^^^^^^^^^^^^^^^^^^^^^^^^^^^^^^^^^^^^^^^
  12 | import { guides as localGuides, guideCategories } from "@/data/guides";
  13 |
  14 | export interface RelatedItem {

The export diaries was not found in module [project]/src/data/diary.ts [app-ssr] (ecmascript).
Did you mean to import diaryEntries?
All exports of the module are statically known (It doesn't have dynamic exports). So it's known statically that the requested export doesn't exist.

Import traces:
  Client Component Browser:
    ./src/lib/relatedContent.ts [Client Component Browser]
    ./src/app/plants/[id]/PlantDetailClient.tsx [Client Component Browser]
    ./src/app/plants/[id]/PlantDetailClient.tsx [Server Component]
    ./src/app/plants/[id]/page.tsx [Server Component]

  Client Component SSR:
    ./src/lib/relatedContent.ts [Client Component SSR]
    ./src/app/plants/[id]/PlantDetailClient.tsx [Client Component SSR]
    ./src/app/plants/[id]/PlantDetailClient.tsx [Server Component]
    ./src/app/plants/[id]/page.tsx [Server Component] @ http://localhost:3001/_next/static/chunks/node_modules_next_dist_0u_w_5s._.js:1945
[    9777ms] [ERROR] ./src/lib/relatedContent.ts:11:1
Export diaries doesn't exist in target module
   9 |  */
  10 |
> 11 | import { diaries as localDiaries, diaryCategories } from "@/data/diary";
     | ^^^^^^^^^^^^^^^^^^^^^^^^^^^^^^^^^^^^^^^^^^^^^^^^^^^^^^^^^^^^^^^^^^^^^^^^
  12 | import { guides as localGuides, guideCategories } from "@/data/guides";
  13 |
  14 | export interface RelatedItem {

The export diaries was not found in module [project]/src/data/diary.ts [app-client] (ecmascript).
Did you mean to import diaryEntries?
All exports of the module are statically known (It doesn't have dynamic exports). So it's known statically that the requested export doesn't exist.

Import traces:
  Client Component Browser:
    ./src/lib/relatedContent.ts [Client Component Browser]
    ./src/app/plants/[id]/PlantDetailClient.tsx [Client Component Browser]
    ./src/app/plants/[id]/PlantDetailClient.tsx [Server Component]
    ./src/app/plants/[id]/page.tsx [Server Component]

  Client Component SSR:
    ./src/lib/relatedContent.ts [Client Component SSR]
    ./src/app/plants/[id]/PlantDetailClient.tsx [Client Component SSR]
    ./src/app/plants/[id]/PlantDetailClient.tsx [Server Component]
    ./src/app/plants/[id]/page.tsx [Server Component] @ http://localhost:3001/_next/static/chunks/node_modules_next_dist_0u_w_5s._.js:1945
[    9777ms] [ERROR] ./src/lib/relatedContent.ts:11:1
Export diaries doesn't exist in target module
   9 |  */
  10 |
> 11 | import { diaries as localDiaries, diaryCategories } from "@/data/diary";
     | ^^^^^^^^^^^^^^^^^^^^^^^^^^^^^^^^^^^^^^^^^^^^^^^^^^^^^^^^^^^^^^^^^^^^^^^^
  12 | import { guides as localGuides, guideCategories } from "@/data/guides";
  13 |
  14 | export interface RelatedItem {

The export diaries was not found in module [project]/src/data/diary.ts [app-ssr] (ecmascript).
Did you mean to import diaryEntries?
All exports of the module are statically known (It doesn't have dynamic exports). So it's known statically that the requested export doesn't exist.

Import traces:
  Client Component Browser:
    ./src/lib/relatedContent.ts [Client Component Browser]
    ./src/app/plants/[id]/PlantDetailClient.tsx [Client Component Browser]
    ./src/app/plants/[id]/PlantDetailClient.tsx [Server Component]
    ./src/app/plants/[id]/page.tsx [Server Component]

  Client Component SSR:
    ./src/lib/relatedContent.ts [Client Component SSR]
    ./src/app/plants/[id]/PlantDetailClient.tsx [Client Component SSR]
    ./src/app/plants/[id]/PlantDetailClient.tsx [Server Component]
    ./src/app/plants/[id]/page.tsx [Server Component] @ http://localhost:3001/_next/static/chunks/node_modules_next_dist_0u_w_5s._.js:1945
[    9824ms] [ERROR] ./src/lib/relatedContent.ts:11:1
Export diaries doesn't exist in target module
   9 |  */
  10 |
> 11 | import { diaries as localDiaries, diaryCategories } from "@/data/diary";
     | ^^^^^^^^^^^^^^^^^^^^^^^^^^^^^^^^^^^^^^^^^^^^^^^^^^^^^^^^^^^^^^^^^^^^^^^^
  12 | import { guides as localGuides, guideCategories } from "@/data/guides";
  13 |
  14 | export interface RelatedItem {

The export diaries was not found in module [project]/src/data/diary.ts [app-client] (ecmascript).
Did you mean to import diaryEntries?
All exports of the module are statically known (It doesn't have dynamic exports). So it's known statically that the requested export doesn't exist.

Import traces:
  Client Component Browser:
    ./src/lib/relatedContent.ts [Client Component Browser]
    ./src/app/plants/[id]/PlantDetailClient.tsx [Client Component Browser]
    ./src/app/plants/[id]/PlantDetailClient.tsx [Server Component]
    ./src/app/plants/[id]/page.tsx [Server Component]

  Client Component SSR:
    ./src/lib/relatedContent.ts [Client Component SSR]
    ./src/app/plants/[id]/PlantDetailClient.tsx [Client Component SSR]
    ./src/app/plants/[id]/PlantDetailClient.tsx [Server Component]
    ./src/app/plants/[id]/page.tsx [Server Component] @ http://localhost:3001/_next/static/chunks/node_modules_next_dist_0u_w_5s._.js:1945
[    9824ms] [ERROR] ./src/lib/relatedContent.ts:11:1
Export diaries doesn't exist in target module
   9 |  */
  10 |
> 11 | import { diaries as localDiaries, diaryCategories } from "@/data/diary";
     | ^^^^^^^^^^^^^^^^^^^^^^^^^^^^^^^^^^^^^^^^^^^^^^^^^^^^^^^^^^^^^^^^^^^^^^^^
  12 | import { guides as localGuides, guideCategories } from "@/data/guides";
  13 |
  14 | export interface RelatedItem {

The export diaries was not found in module [project]/src/data/diary.ts [app-ssr] (ecmascript).
Did you mean to import diaryEntries?
All exports of the module are statically known (It doesn't have dynamic exports). So it's known statically that the requested export doesn't exist.

Import traces:
  Client Component Browser:
    ./src/lib/relatedContent.ts [Client Component Browser]
    ./src/app/plants/[id]/PlantDetailClient.tsx [Client Component Browser]
    ./src/app/plants/[id]/PlantDetailClient.tsx [Server Component]
    ./src/app/plants/[id]/page.tsx [Server Component]

  Client Component SSR:
    ./src/lib/relatedContent.ts [Client Component SSR]
    ./src/app/plants/[id]/PlantDetailClient.tsx [Client Component SSR]
    ./src/app/plants/[id]/PlantDetailClient.tsx [Server Component]
    ./src/app/plants/[id]/page.tsx [Server Component] @ http://localhost:3001/_next/static/chunks/node_modules_next_dist_0u_w_5s._.js:1945
[    9870ms] [ERROR] ./src/lib/relatedContent.ts:11:1
Export diaries doesn't exist in target module
   9 |  */
  10 |
> 11 | import { diaries as localDiaries, diaryCategories } from "@/data/diary";
     | ^^^^^^^^^^^^^^^^^^^^^^^^^^^^^^^^^^^^^^^^^^^^^^^^^^^^^^^^^^^^^^^^^^^^^^^^
  12 | import { guides as localGuides, guideCategories } from "@/data/guides";
  13 |
  14 | export interface RelatedItem {

The export diaries was not found in module [project]/src/data/diary.ts [app-client] (ecmascript).
Did you mean to import diaryEntries?
All exports of the module are statically known (It doesn't have dynamic exports). So it's known statically that the requested export doesn't exist.

Import traces:
  Client Component Browser:
    ./src/lib/relatedContent.ts [Client Component Browser]
    ./src/app/plants/[id]/PlantDetailClient.tsx [Client Component Browser]
    ./src/app/plants/[id]/PlantDetailClient.tsx [Server Component]
    ./src/app/plants/[id]/page.tsx [Server Component]

  Client Component SSR:
    ./src/lib/relatedContent.ts [Client Component SSR]
    ./src/app/plants/[id]/PlantDetailClient.tsx [Client Component SSR]
    ./src/app/plants/[id]/PlantDetailClient.tsx [Server Component]
    ./src/app/plants/[id]/page.tsx [Server Component] @ http://localhost:3001/_next/static/chunks/node_modules_next_dist_0u_w_5s._.js:1945
[    9870ms] [ERROR] ./src/lib/relatedContent.ts:11:1
Export diaries doesn't exist in target module
   9 |  */
  10 |
> 11 | import { diaries as localDiaries, diaryCategories } from "@/data/diary";
     | ^^^^^^^^^^^^^^^^^^^^^^^^^^^^^^^^^^^^^^^^^^^^^^^^^^^^^^^^^^^^^^^^^^^^^^^^
  12 | import { guides as localGuides, guideCategories } from "@/data/guides";
  13 |
  14 | export interface RelatedItem {

The export diaries was not found in module [project]/src/data/diary.ts [app-ssr] (ecmascript).
Did you mean to import diaryEntries?
All exports of the module are statically known (It doesn't have dynamic exports). So it's known statically that the requested export doesn't exist.

Import traces:
  Client Component Browser:
    ./src/lib/relatedContent.ts [Client Component Browser]
    ./src/app/plants/[id]/PlantDetailClient.tsx [Client Component Browser]
    ./src/app/plants/[id]/PlantDetailClient.tsx [Server Component]
    ./src/app/plants/[id]/page.tsx [Server Component]

  Client Component SSR:
    ./src/lib/relatedContent.ts [Client Component SSR]
    ./src/app/plants/[id]/PlantDetailClient.tsx [Client Component SSR]
    ./src/app/plants/[id]/PlantDetailClient.tsx [Server Component]
    ./src/app/plants/[id]/page.tsx [Server Component] @ http://localhost:3001/_next/static/chunks/node_modules_next_dist_0u_w_5s._.js:1945
[    9917ms] [ERROR] ./src/lib/relatedContent.ts:11:1
Export diaries doesn't exist in target module
   9 |  */
  10 |
> 11 | import { diaries as localDiaries, diaryCategories } from "@/data/diary";
     | ^^^^^^^^^^^^^^^^^^^^^^^^^^^^^^^^^^^^^^^^^^^^^^^^^^^^^^^^^^^^^^^^^^^^^^^^
  12 | import { guides as localGuides, guideCategories } from "@/data/guides";
  13 |
  14 | export interface RelatedItem {

The export diaries was not found in module [project]/src/data/diary.ts [app-client] (ecmascript).
Did you mean to import diaryEntries?
All exports of the module are statically known (It doesn't have dynamic exports). So it's known statically that the requested export doesn't exist.

Import traces:
  Client Component Browser:
    ./src/lib/relatedContent.ts [Client Component Browser]
    ./src/app/plants/[id]/PlantDetailClient.tsx [Client Component Browser]
    ./src/app/plants/[id]/PlantDetailClient.tsx [Server Component]
    ./src/app/plants/[id]/page.tsx [Server Component]

  Client Component SSR:
    ./src/lib/relatedContent.ts [Client Component SSR]
    ./src/app/plants/[id]/PlantDetailClient.tsx [Client Component SSR]
    ./src/app/plants/[id]/PlantDetailClient.tsx [Server Component]
    ./src/app/plants/[id]/page.tsx [Server Component] @ http://localhost:3001/_next/static/chunks/node_modules_next_dist_0u_w_5s._.js:1945
[    9917ms] [ERROR] ./src/lib/relatedContent.ts:11:1
Export diaries doesn't exist in target module
   9 |  */
  10 |
> 11 | import { diaries as localDiaries, diaryCategories } from "@/data/diary";
     | ^^^^^^^^^^^^^^^^^^^^^^^^^^^^^^^^^^^^^^^^^^^^^^^^^^^^^^^^^^^^^^^^^^^^^^^^
  12 | import { guides as localGuides, guideCategories } from "@/data/guides";
  13 |
  14 | export interface RelatedItem {

The export diaries was not found in module [project]/src/data/diary.ts [app-ssr] (ecmascript).
Did you mean to import diaryEntries?
All exports of the module are statically known (It doesn't have dynamic exports). So it's known statically that the requested export doesn't exist.

Import traces:
  Client Component Browser:
    ./src/lib/relatedContent.ts [Client Component Browser]
    ./src/app/plants/[id]/PlantDetailClient.tsx [Client Component Browser]
    ./src/app/plants/[id]/PlantDetailClient.tsx [Server Component]
    ./src/app/plants/[id]/page.tsx [Server Component]

  Client Component SSR:
    ./src/lib/relatedContent.ts [Client Component SSR]
    ./src/app/plants/[id]/PlantDetailClient.tsx [Client Component SSR]
    ./src/app/plants/[id]/PlantDetailClient.tsx [Server Component]
    ./src/app/plants/[id]/page.tsx [Server Component] @ http://localhost:3001/_next/static/chunks/node_modules_next_dist_0u_w_5s._.js:1945
[    9965ms] [ERROR] ./src/lib/relatedContent.ts:11:1
Export diaries doesn't exist in target module
   9 |  */
  10 |
> 11 | import { diaries as localDiaries, diaryCategories } from "@/data/diary";
     | ^^^^^^^^^^^^^^^^^^^^^^^^^^^^^^^^^^^^^^^^^^^^^^^^^^^^^^^^^^^^^^^^^^^^^^^^
  12 | import { guides as localGuides, guideCategories } from "@/data/guides";
  13 |
  14 | export interface RelatedItem {

The export diaries was not found in module [project]/src/data/diary.ts [app-client] (ecmascript).
Did you mean to import diaryEntries?
All exports of the module are statically known (It doesn't have dynamic exports). So it's known statically that the requested export doesn't exist.

Import traces:
  Client Component Browser:
    ./src/lib/relatedContent.ts [Client Component Browser]
    ./src/app/plants/[id]/PlantDetailClient.tsx [Client Component Browser]
    ./src/app/plants/[id]/PlantDetailClient.tsx [Server Component]
    ./src/app/plants/[id]/page.tsx [Server Component]

  Client Component SSR:
    ./src/lib/relatedContent.ts [Client Component SSR]
    ./src/app/plants/[id]/PlantDetailClient.tsx [Client Component SSR]
    ./src/app/plants/[id]/PlantDetailClient.tsx [Server Component]
    ./src/app/plants/[id]/page.tsx [Server Component] @ http://localhost:3001/_next/static/chunks/node_modules_next_dist_0u_w_5s._.js:1945
[    9965ms] [ERROR] ./src/lib/relatedContent.ts:11:1
Export diaries doesn't exist in target module
   9 |  */
  10 |
> 11 | import { diaries as localDiaries, diaryCategories } from "@/data/diary";
     | ^^^^^^^^^^^^^^^^^^^^^^^^^^^^^^^^^^^^^^^^^^^^^^^^^^^^^^^^^^^^^^^^^^^^^^^^
  12 | import { guides as localGuides, guideCategories } from "@/data/guides";
  13 |
  14 | export interface RelatedItem {

The export diaries was not found in module [project]/src/data/diary.ts [app-ssr] (ecmascript).
Did you mean to import diaryEntries?
All exports of the module are statically known (It doesn't have dynamic exports). So it's known statically that the requested export doesn't exist.

Import traces:
  Client Component Browser:
    ./src/lib/relatedContent.ts [Client Component Browser]
    ./src/app/plants/[id]/PlantDetailClient.tsx [Client Component Browser]
    ./src/app/plants/[id]/PlantDetailClient.tsx [Server Component]
    ./src/app/plants/[id]/page.tsx [Server Component]

  Client Component SSR:
    ./src/lib/relatedContent.ts [Client Component SSR]
    ./src/app/plants/[id]/PlantDetailClient.tsx [Client Component SSR]
    ./src/app/plants/[id]/PlantDetailClient.tsx [Server Component]
    ./src/app/plants/[id]/page.tsx [Server Component] @ http://localhost:3001/_next/static/chunks/node_modules_next_dist_0u_w_5s._.js:1945
[   10013ms] [ERROR] ./src/lib/relatedContent.ts:11:1
Export diaries doesn't exist in target module
   9 |  */
  10 |
> 11 | import { diaries as localDiaries, diaryCategories } from "@/data/diary";
     | ^^^^^^^^^^^^^^^^^^^^^^^^^^^^^^^^^^^^^^^^^^^^^^^^^^^^^^^^^^^^^^^^^^^^^^^^
  12 | import { guides as localGuides, guideCategories } from "@/data/guides";
  13 |
  14 | export interface RelatedItem {

The export diaries was not found in module [project]/src/data/diary.ts [app-client] (ecmascript).
Did you mean to import diaryEntries?
All exports of the module are statically known (It doesn't have dynamic exports). So it's known statically that the requested export doesn't exist.

Import traces:
  Client Component Browser:
    ./src/lib/relatedContent.ts [Client Component Browser]
    ./src/app/plants/[id]/PlantDetailClient.tsx [Client Component Browser]
    ./src/app/plants/[id]/PlantDetailClient.tsx [Server Component]
    ./src/app/plants/[id]/page.tsx [Server Component]

  Client Component SSR:
    ./src/lib/relatedContent.ts [Client Component SSR]
    ./src/app/plants/[id]/PlantDetailClient.tsx [Client Component SSR]
    ./src/app/plants/[id]/PlantDetailClient.tsx [Server Component]
    ./src/app/plants/[id]/page.tsx [Server Component] @ http://localhost:3001/_next/static/chunks/node_modules_next_dist_0u_w_5s._.js:1945
[   10013ms] [ERROR] ./src/lib/relatedContent.ts:11:1
Export diaries doesn't exist in target module
   9 |  */
  10 |
> 11 | import { diaries as localDiaries, diaryCategories } from "@/data/diary";
     | ^^^^^^^^^^^^^^^^^^^^^^^^^^^^^^^^^^^^^^^^^^^^^^^^^^^^^^^^^^^^^^^^^^^^^^^^
  12 | import { guides as localGuides, guideCategories } from "@/data/guides";
  13 |
  14 | export interface RelatedItem {

The export diaries was not found in module [project]/src/data/diary.ts [app-ssr] (ecmascript).
Did you mean to import diaryEntries?
All exports of the module are statically known (It doesn't have dynamic exports). So it's known statically that the requested export doesn't exist.

Import traces:
  Client Component Browser:
    ./src/lib/relatedContent.ts [Client Component Browser]
    ./src/app/plants/[id]/PlantDetailClient.tsx [Client Component Browser]
    ./src/app/plants/[id]/PlantDetailClient.tsx [Server Component]
    ./src/app/plants/[id]/page.tsx [Server Component]

  Client Component SSR:
    ./src/lib/relatedContent.ts [Client Component SSR]
    ./src/app/plants/[id]/PlantDetailClient.tsx [Client Component SSR]
    ./src/app/plants/[id]/PlantDetailClient.tsx [Server Component]
    ./src/app/plants/[id]/page.tsx [Server Component] @ http://localhost:3001/_next/static/chunks/node_modules_next_dist_0u_w_5s._.js:1945
[   10062ms] [ERROR] ./src/lib/relatedContent.ts:11:1
Export diaries doesn't exist in target module
   9 |  */
  10 |
> 11 | import { diaries as localDiaries, diaryCategories } from "@/data/diary";
     | ^^^^^^^^^^^^^^^^^^^^^^^^^^^^^^^^^^^^^^^^^^^^^^^^^^^^^^^^^^^^^^^^^^^^^^^^
  12 | import { guides as localGuides, guideCategories } from "@/data/guides";
  13 |
  14 | export interface RelatedItem {

The export diaries was not found in module [project]/src/data/diary.ts [app-client] (ecmascript).
Did you mean to import diaryEntries?
All exports of the module are statically known (It doesn't have dynamic exports). So it's known statically that the requested export doesn't exist.

Import traces:
  Client Component Browser:
    ./src/lib/relatedContent.ts [Client Component Browser]
    ./src/app/plants/[id]/PlantDetailClient.tsx [Client Component Browser]
    ./src/app/plants/[id]/PlantDetailClient.tsx [Server Component]
    ./src/app/plants/[id]/page.tsx [Server Component]

  Client Component SSR:
    ./src/lib/relatedContent.ts [Client Component SSR]
    ./src/app/plants/[id]/PlantDetailClient.tsx [Client Component SSR]
    ./src/app/plants/[id]/PlantDetailClient.tsx [Server Component]
    ./src/app/plants/[id]/page.tsx [Server Component] @ http://localhost:3001/_next/static/chunks/node_modules_next_dist_0u_w_5s._.js:1945
[   10062ms] [ERROR] ./src/lib/relatedContent.ts:11:1
Export diaries doesn't exist in target module
   9 |  */
  10 |
> 11 | import { diaries as localDiaries, diaryCategories } from "@/data/diary";
     | ^^^^^^^^^^^^^^^^^^^^^^^^^^^^^^^^^^^^^^^^^^^^^^^^^^^^^^^^^^^^^^^^^^^^^^^^
  12 | import { guides as localGuides, guideCategories } from "@/data/guides";
  13 |
  14 | export interface RelatedItem {

The export diaries was not found in module [project]/src/data/diary.ts [app-ssr] (ecmascript).
Did you mean to import diaryEntries?
All exports of the module are statically known (It doesn't have dynamic exports). So it's known statically that the requested export doesn't exist.

Import traces:
  Client Component Browser:
    ./src/lib/relatedContent.ts [Client Component Browser]
    ./src/app/plants/[id]/PlantDetailClient.tsx [Client Component Browser]
    ./src/app/plants/[id]/PlantDetailClient.tsx [Server Component]
    ./src/app/plants/[id]/page.tsx [Server Component]

  Client Component SSR:
    ./src/lib/relatedContent.ts [Client Component SSR]
    ./src/app/plants/[id]/PlantDetailClient.tsx [Client Component SSR]
    ./src/app/plants/[id]/PlantDetailClient.tsx [Server Component]
    ./src/app/plants/[id]/page.tsx [Server Component] @ http://localhost:3001/_next/static/chunks/node_modules_next_dist_0u_w_5s._.js:1945
[   10110ms] [ERROR] ./src/lib/relatedContent.ts:11:1
Export diaries doesn't exist in target module
   9 |  */
  10 |
> 11 | import { diaries as localDiaries, diaryCategories } from "@/data/diary";
     | ^^^^^^^^^^^^^^^^^^^^^^^^^^^^^^^^^^^^^^^^^^^^^^^^^^^^^^^^^^^^^^^^^^^^^^^^
  12 | import { guides as localGuides, guideCategories } from "@/data/guides";
  13 |
  14 | export interface RelatedItem {

The export diaries was not found in module [project]/src/data/diary.ts [app-client] (ecmascript).
Did you mean to import diaryEntries?
All exports of the module are statically known (It doesn't have dynamic exports). So it's known statically that the requested export doesn't exist.

Import traces:
  Client Component Browser:
    ./src/lib/relatedContent.ts [Client Component Browser]
    ./src/app/plants/[id]/PlantDetailClient.tsx [Client Component Browser]
    ./src/app/plants/[id]/PlantDetailClient.tsx [Server Component]
    ./src/app/plants/[id]/page.tsx [Server Component]

  Client Component SSR:
    ./src/lib/relatedContent.ts [Client Component SSR]
    ./src/app/plants/[id]/PlantDetailClient.tsx [Client Component SSR]
    ./src/app/plants/[id]/PlantDetailClient.tsx [Server Component]
    ./src/app/plants/[id]/page.tsx [Server Component] @ http://localhost:3001/_next/static/chunks/node_modules_next_dist_0u_w_5s._.js:1945
[   10111ms] [ERROR] ./src/lib/relatedContent.ts:11:1
Export diaries doesn't exist in target module
   9 |  */
  10 |
> 11 | import { diaries as localDiaries, diaryCategories } from "@/data/diary";
     | ^^^^^^^^^^^^^^^^^^^^^^^^^^^^^^^^^^^^^^^^^^^^^^^^^^^^^^^^^^^^^^^^^^^^^^^^
  12 | import { guides as localGuides, guideCategories } from "@/data/guides";
  13 |
  14 | export interface RelatedItem {

The export diaries was not found in module [project]/src/data/diary.ts [app-ssr] (ecmascript).
Did you mean to import diaryEntries?
All exports of the module are statically known (It doesn't have dynamic exports). So it's known statically that the requested export doesn't exist.

Import traces:
  Client Component Browser:
    ./src/lib/relatedContent.ts [Client Component Browser]
    ./src/app/plants/[id]/PlantDetailClient.tsx [Client Component Browser]
    ./src/app/plants/[id]/PlantDetailClient.tsx [Server Component]
    ./src/app/plants/[id]/page.tsx [Server Component]

  Client Component SSR:
    ./src/lib/relatedContent.ts [Client Component SSR]
    ./src/app/plants/[id]/PlantDetailClient.tsx [Client Component SSR]
    ./src/app/plants/[id]/PlantDetailClient.tsx [Server Component]
    ./src/app/plants/[id]/page.tsx [Server Component] @ http://localhost:3001/_next/static/chunks/node_modules_next_dist_0u_w_5s._.js:1945
[   10161ms] [ERROR] ./src/lib/relatedContent.ts:11:1
Export diaries doesn't exist in target module
   9 |  */
  10 |
> 11 | import { diaries as localDiaries, diaryCategories } from "@/data/diary";
     | ^^^^^^^^^^^^^^^^^^^^^^^^^^^^^^^^^^^^^^^^^^^^^^^^^^^^^^^^^^^^^^^^^^^^^^^^
  12 | import { guides as localGuides, guideCategories } from "@/data/guides";
  13 |
  14 | export interface RelatedItem {

The export diaries was not found in module [project]/src/data/diary.ts [app-client] (ecmascript).
Did you mean to import diaryEntries?
All exports of the module are statically known (It doesn't have dynamic exports). So it's known statically that the requested export doesn't exist.

Import traces:
  Client Component Browser:
    ./src/lib/relatedContent.ts [Client Component Browser]
    ./src/app/plants/[id]/PlantDetailClient.tsx [Client Component Browser]
    ./src/app/plants/[id]/PlantDetailClient.tsx [Server Component]
    ./src/app/plants/[id]/page.tsx [Server Component]

  Client Component SSR:
    ./src/lib/relatedContent.ts [Client Component SSR]
    ./src/app/plants/[id]/PlantDetailClient.tsx [Client Component SSR]
    ./src/app/plants/[id]/PlantDetailClient.tsx [Server Component]
    ./src/app/plants/[id]/page.tsx [Server Component] @ http://localhost:3001/_next/static/chunks/node_modules_next_dist_0u_w_5s._.js:1945
[   10161ms] [ERROR] ./src/lib/relatedContent.ts:11:1
Export diaries doesn't exist in target module
   9 |  */
  10 |
> 11 | import { diaries as localDiaries, diaryCategories } from "@/data/diary";
     | ^^^^^^^^^^^^^^^^^^^^^^^^^^^^^^^^^^^^^^^^^^^^^^^^^^^^^^^^^^^^^^^^^^^^^^^^
  12 | import { guides as localGuides, guideCategories } from "@/data/guides";
  13 |
  14 | export interface RelatedItem {

The export diaries was not found in module [project]/src/data/diary.ts [app-ssr] (ecmascript).
Did you mean to import diaryEntries?
All exports of the module are statically known (It doesn't have dynamic exports). So it's known statically that the requested export doesn't exist.

Import traces:
  Client Component Browser:
    ./src/lib/relatedContent.ts [Client Component Browser]
    ./src/app/plants/[id]/PlantDetailClient.tsx [Client Component Browser]
    ./src/app/plants/[id]/PlantDetailClient.tsx [Server Component]
    ./src/app/plants/[id]/page.tsx [Server Component]

  Client Component SSR:
    ./src/lib/relatedContent.ts [Client Component SSR]
    ./src/app/plants/[id]/PlantDetailClient.tsx [Client Component SSR]
    ./src/app/plants/[id]/PlantDetailClient.tsx [Server Component]
    ./src/app/plants/[id]/page.tsx [Server Component] @ http://localhost:3001/_next/static/chunks/node_modules_next_dist_0u_w_5s._.js:1945
[   10211ms] [ERROR] ./src/lib/relatedContent.ts:11:1
Export diaries doesn't exist in target module
   9 |  */
  10 |
> 11 | import { diaries as localDiaries, diaryCategories } from "@/data/diary";
     | ^^^^^^^^^^^^^^^^^^^^^^^^^^^^^^^^^^^^^^^^^^^^^^^^^^^^^^^^^^^^^^^^^^^^^^^^
  12 | import { guides as localGuides, guideCategories } from "@/data/guides";
  13 |
  14 | export interface RelatedItem {

The export diaries was not found in module [project]/src/data/diary.ts [app-client] (ecmascript).
Did you mean to import diaryEntries?
All exports of the module are statically known (It doesn't have dynamic exports). So it's known statically that the requested export doesn't exist.

Import traces:
  Client Component Browser:
    ./src/lib/relatedContent.ts [Client Component Browser]
    ./src/app/plants/[id]/PlantDetailClient.tsx [Client Component Browser]
    ./src/app/plants/[id]/PlantDetailClient.tsx [Server Component]
    ./src/app/plants/[id]/page.tsx [Server Component]

  Client Component SSR:
    ./src/lib/relatedContent.ts [Client Component SSR]
    ./src/app/plants/[id]/PlantDetailClient.tsx [Client Component SSR]
    ./src/app/plants/[id]/PlantDetailClient.tsx [Server Component]
    ./src/app/plants/[id]/page.tsx [Server Component] @ http://localhost:3001/_next/static/chunks/node_modules_next_dist_0u_w_5s._.js:1945
[   10211ms] [ERROR] ./src/lib/relatedContent.ts:11:1
Export diaries doesn't exist in target module
   9 |  */
  10 |
> 11 | import { diaries as localDiaries, diaryCategories } from "@/data/diary";
     | ^^^^^^^^^^^^^^^^^^^^^^^^^^^^^^^^^^^^^^^^^^^^^^^^^^^^^^^^^^^^^^^^^^^^^^^^
  12 | import { guides as localGuides, guideCategories } from "@/data/guides";
  13 |
  14 | export interface RelatedItem {

The export diaries was not found in module [project]/src/data/diary.ts [app-ssr] (ecmascript).
Did you mean to import diaryEntries?
All exports of the module are statically known (It doesn't have dynamic exports). So it's known statically that the requested export doesn't exist.

Import traces:
  Client Component Browser:
    ./src/lib/relatedContent.ts [Client Component Browser]
    ./src/app/plants/[id]/PlantDetailClient.tsx [Client Component Browser]
    ./src/app/plants/[id]/PlantDetailClient.tsx [Server Component]
    ./src/app/plants/[id]/page.tsx [Server Component]

  Client Component SSR:
    ./src/lib/relatedContent.ts [Client Component SSR]
    ./src/app/plants/[id]/PlantDetailClient.tsx [Client Component SSR]
    ./src/app/plants/[id]/PlantDetailClient.tsx [Server Component]
    ./src/app/plants/[id]/page.tsx [Server Component] @ http://localhost:3001/_next/static/chunks/node_modules_next_dist_0u_w_5s._.js:1945
[   10260ms] [ERROR] ./src/lib/relatedContent.ts:11:1
Export diaries doesn't exist in target module
   9 |  */
  10 |
> 11 | import { diaries as localDiaries, diaryCategories } from "@/data/diary";
     | ^^^^^^^^^^^^^^^^^^^^^^^^^^^^^^^^^^^^^^^^^^^^^^^^^^^^^^^^^^^^^^^^^^^^^^^^
  12 | import { guides as localGuides, guideCategories } from "@/data/guides";
  13 |
  14 | export interface RelatedItem {

The export diaries was not found in module [project]/src/data/diary.ts [app-client] (ecmascript).
Did you mean to import diaryEntries?
All exports of the module are statically known (It doesn't have dynamic exports). So it's known statically that the requested export doesn't exist.

Import traces:
  Client Component Browser:
    ./src/lib/relatedContent.ts [Client Component Browser]
    ./src/app/plants/[id]/PlantDetailClient.tsx [Client Component Browser]
    ./src/app/plants/[id]/PlantDetailClient.tsx [Server Component]
    ./src/app/plants/[id]/page.tsx [Server Component]

  Client Component SSR:
    ./src/lib/relatedContent.ts [Client Component SSR]
    ./src/app/plants/[id]/PlantDetailClient.tsx [Client Component SSR]
    ./src/app/plants/[id]/PlantDetailClient.tsx [Server Component]
    ./src/app/plants/[id]/page.tsx [Server Component] @ http://localhost:3001/_next/static/chunks/node_modules_next_dist_0u_w_5s._.js:1945
[   10260ms] [ERROR] ./src/lib/relatedContent.ts:11:1
Export diaries doesn't exist in target module
   9 |  */
  10 |
> 11 | import { diaries as localDiaries, diaryCategories } from "@/data/diary";
     | ^^^^^^^^^^^^^^^^^^^^^^^^^^^^^^^^^^^^^^^^^^^^^^^^^^^^^^^^^^^^^^^^^^^^^^^^
  12 | import { guides as localGuides, guideCategories } from "@/data/guides";
  13 |
  14 | export interface RelatedItem {

The export diaries was not found in module [project]/src/data/diary.ts [app-ssr] (ecmascript).
Did you mean to import diaryEntries?
All exports of the module are statically known (It doesn't have dynamic exports). So it's known statically that the requested export doesn't exist.

Import traces:
  Client Component Browser:
    ./src/lib/relatedContent.ts [Client Component Browser]
    ./src/app/plants/[id]/PlantDetailClient.tsx [Client Component Browser]
    ./src/app/plants/[id]/PlantDetailClient.tsx [Server Component]
    ./src/app/plants/[id]/page.tsx [Server Component]

  Client Component SSR:
    ./src/lib/relatedContent.ts [Client Component SSR]
    ./src/app/plants/[id]/PlantDetailClient.tsx [Client Component SSR]
    ./src/app/plants/[id]/PlantDetailClient.tsx [Server Component]
    ./src/app/plants/[id]/page.tsx [Server Component] @ http://localhost:3001/_next/static/chunks/node_modules_next_dist_0u_w_5s._.js:1945
[   10306ms] [ERROR] ./src/lib/relatedContent.ts:11:1
Export diaries doesn't exist in target module
   9 |  */
  10 |
> 11 | import { diaries as localDiaries, diaryCategories } from "@/data/diary";
     | ^^^^^^^^^^^^^^^^^^^^^^^^^^^^^^^^^^^^^^^^^^^^^^^^^^^^^^^^^^^^^^^^^^^^^^^^
  12 | import { guides as localGuides, guideCategories } from "@/data/guides";
  13 |
  14 | export interface RelatedItem {

The export diaries was not found in module [project]/src/data/diary.ts [app-client] (ecmascript).
Did you mean to import diaryEntries?
All exports of the module are statically known (It doesn't have dynamic exports). So it's known statically that the requested export doesn't exist.

Import traces:
  Client Component Browser:
    ./src/lib/relatedContent.ts [Client Component Browser]
    ./src/app/plants/[id]/PlantDetailClient.tsx [Client Component Browser]
    ./src/app/plants/[id]/PlantDetailClient.tsx [Server Component]
    ./src/app/plants/[id]/page.tsx [Server Component]

  Client Component SSR:
    ./src/lib/relatedContent.ts [Client Component SSR]
    ./src/app/plants/[id]/PlantDetailClient.tsx [Client Component SSR]
    ./src/app/plants/[id]/PlantDetailClient.tsx [Server Component]
    ./src/app/plants/[id]/page.tsx [Server Component] @ http://localhost:3001/_next/static/chunks/node_modules_next_dist_0u_w_5s._.js:1945
[   10306ms] [ERROR] ./src/lib/relatedContent.ts:11:1
Export diaries doesn't exist in target module
   9 |  */
  10 |
> 11 | import { diaries as localDiaries, diaryCategories } from "@/data/diary";
     | ^^^^^^^^^^^^^^^^^^^^^^^^^^^^^^^^^^^^^^^^^^^^^^^^^^^^^^^^^^^^^^^^^^^^^^^^
  12 | import { guides as localGuides, guideCategories } from "@/data/guides";
  13 |
  14 | export interface RelatedItem {

The export diaries was not found in module [project]/src/data/diary.ts [app-ssr] (ecmascript).
Did you mean to import diaryEntries?
All exports of the module are statically known (It doesn't have dynamic exports). So it's known statically that the requested export doesn't exist.

Import traces:
  Client Component Browser:
    ./src/lib/relatedContent.ts [Client Component Browser]
    ./src/app/plants/[id]/PlantDetailClient.tsx [Client Component Browser]
    ./src/app/plants/[id]/PlantDetailClient.tsx [Server Component]
    ./src/app/plants/[id]/page.tsx [Server Component]

  Client Component SSR:
    ./src/lib/relatedContent.ts [Client Component SSR]
    ./src/app/plants/[id]/PlantDetailClient.tsx [Client Component SSR]
    ./src/app/plants/[id]/PlantDetailClient.tsx [Server Component]
    ./src/app/plants/[id]/page.tsx [Server Component] @ http://localhost:3001/_next/static/chunks/node_modules_next_dist_0u_w_5s._.js:1945
[   10354ms] [ERROR] ./src/lib/relatedContent.ts:11:1
Export diaries doesn't exist in target module
   9 |  */
  10 |
> 11 | import { diaries as localDiaries, diaryCategories } from "@/data/diary";
     | ^^^^^^^^^^^^^^^^^^^^^^^^^^^^^^^^^^^^^^^^^^^^^^^^^^^^^^^^^^^^^^^^^^^^^^^^
  12 | import { guides as localGuides, guideCategories } from "@/data/guides";
  13 |
  14 | export interface RelatedItem {

The export diaries was not found in module [project]/src/data/diary.ts [app-client] (ecmascript).
Did you mean to import diaryEntries?
All exports of the module are statically known (It doesn't have dynamic exports). So it's known statically that the requested export doesn't exist.

Import traces:
  Client Component Browser:
    ./src/lib/relatedContent.ts [Client Component Browser]
    ./src/app/plants/[id]/PlantDetailClient.tsx [Client Component Browser]
    ./src/app/plants/[id]/PlantDetailClient.tsx [Server Component]
    ./src/app/plants/[id]/page.tsx [Server Component]

  Client Component SSR:
    ./src/lib/relatedContent.ts [Client Component SSR]
    ./src/app/plants/[id]/PlantDetailClient.tsx [Client Component SSR]
    ./src/app/plants/[id]/PlantDetailClient.tsx [Server Component]
    ./src/app/plants/[id]/page.tsx [Server Component] @ http://localhost:3001/_next/static/chunks/node_modules_next_dist_0u_w_5s._.js:1945
[   10354ms] [ERROR] ./src/lib/relatedContent.ts:11:1
Export diaries doesn't exist in target module
   9 |  */
  10 |
> 11 | import { diaries as localDiaries, diaryCategories } from "@/data/diary";
     | ^^^^^^^^^^^^^^^^^^^^^^^^^^^^^^^^^^^^^^^^^^^^^^^^^^^^^^^^^^^^^^^^^^^^^^^^
  12 | import { guides as localGuides, guideCategories } from "@/data/guides";
  13 |
  14 | export interface RelatedItem {

The export diaries was not found in module [project]/src/data/diary.ts [app-ssr] (ecmascript).
Did you mean to import diaryEntries?
All exports of the module are statically known (It doesn't have dynamic exports). So it's known statically that the requested export doesn't exist.

Import traces:
  Client Component Browser:
    ./src/lib/relatedContent.ts [Client Component Browser]
    ./src/app/plants/[id]/PlantDetailClient.tsx [Client Component Browser]
    ./src/app/plants/[id]/PlantDetailClient.tsx [Server Component]
    ./src/app/plants/[id]/page.tsx [Server Component]

  Client Component SSR:
    ./src/lib/relatedContent.ts [Client Component SSR]
    ./src/app/plants/[id]/PlantDetailClient.tsx [Client Component SSR]
    ./src/app/plants/[id]/PlantDetailClient.tsx [Server Component]
    ./src/app/plants/[id]/page.tsx [Server Component] @ http://localhost:3001/_next/static/chunks/node_modules_next_dist_0u_w_5s._.js:1945
[   10402ms] [ERROR] ./src/lib/relatedContent.ts:11:1
Export diaries doesn't exist in target module
   9 |  */
  10 |
> 11 | import { diaries as localDiaries, diaryCategories } from "@/data/diary";
     | ^^^^^^^^^^^^^^^^^^^^^^^^^^^^^^^^^^^^^^^^^^^^^^^^^^^^^^^^^^^^^^^^^^^^^^^^
  12 | import { guides as localGuides, guideCategories } from "@/data/guides";
  13 |
  14 | export interface RelatedItem {

The export diaries was not found in module [project]/src/data/diary.ts [app-client] (ecmascript).
Did you mean to import diaryEntries?
All exports of the module are statically known (It doesn't have dynamic exports). So it's known statically that the requested export doesn't exist.

Import traces:
  Client Component Browser:
    ./src/lib/relatedContent.ts [Client Component Browser]
    ./src/app/plants/[id]/PlantDetailClient.tsx [Client Component Browser]
    ./src/app/plants/[id]/PlantDetailClient.tsx [Server Component]
    ./src/app/plants/[id]/page.tsx [Server Component]

  Client Component SSR:
    ./src/lib/relatedContent.ts [Client Component SSR]
    ./src/app/plants/[id]/PlantDetailClient.tsx [Client Component SSR]
    ./src/app/plants/[id]/PlantDetailClient.tsx [Server Component]
    ./src/app/plants/[id]/page.tsx [Server Component] @ http://localhost:3001/_next/static/chunks/node_modules_next_dist_0u_w_5s._.js:1945
[   10402ms] [ERROR] ./src/lib/relatedContent.ts:11:1
Export diaries doesn't exist in target module
   9 |  */
  10 |
> 11 | import { diaries as localDiaries, diaryCategories } from "@/data/diary";
     | ^^^^^^^^^^^^^^^^^^^^^^^^^^^^^^^^^^^^^^^^^^^^^^^^^^^^^^^^^^^^^^^^^^^^^^^^
  12 | import { guides as localGuides, guideCategories } from "@/data/guides";
  13 |
  14 | export interface RelatedItem {

The export diaries was not found in module [project]/src/data/diary.ts [app-ssr] (ecmascript).
Did you mean to import diaryEntries?
All exports of the module are statically known (It doesn't have dynamic exports). So it's known statically that the requested export doesn't exist.

Import traces:
  Client Component Browser:
    ./src/lib/relatedContent.ts [Client Component Browser]
    ./src/app/plants/[id]/PlantDetailClient.tsx [Client Component Browser]
    ./src/app/plants/[id]/PlantDetailClient.tsx [Server Component]
    ./src/app/plants/[id]/page.tsx [Server Component]

  Client Component SSR:
    ./src/lib/relatedContent.ts [Client Component SSR]
    ./src/app/plants/[id]/PlantDetailClient.tsx [Client Component SSR]
    ./src/app/plants/[id]/PlantDetailClient.tsx [Server Component]
    ./src/app/plants/[id]/page.tsx [Server Component] @ http://localhost:3001/_next/static/chunks/node_modules_next_dist_0u_w_5s._.js:1945
[   10449ms] [ERROR] ./src/lib/relatedContent.ts:11:1
Export diaries doesn't exist in target module
   9 |  */
  10 |
> 11 | import { diaries as localDiaries, diaryCategories } from "@/data/diary";
     | ^^^^^^^^^^^^^^^^^^^^^^^^^^^^^^^^^^^^^^^^^^^^^^^^^^^^^^^^^^^^^^^^^^^^^^^^
  12 | import { guides as localGuides, guideCategories } from "@/data/guides";
  13 |
  14 | export interface RelatedItem {

The export diaries was not found in module [project]/src/data/diary.ts [app-client] (ecmascript).
Did you mean to import diaryEntries?
All exports of the module are statically known (It doesn't have dynamic exports). So it's known statically that the requested export doesn't exist.

Import traces:
  Client Component Browser:
    ./src/lib/relatedContent.ts [Client Component Browser]
    ./src/app/plants/[id]/PlantDetailClient.tsx [Client Component Browser]
    ./src/app/plants/[id]/PlantDetailClient.tsx [Server Component]
    ./src/app/plants/[id]/page.tsx [Server Component]

  Client Component SSR:
    ./src/lib/relatedContent.ts [Client Component SSR]
    ./src/app/plants/[id]/PlantDetailClient.tsx [Client Component SSR]
    ./src/app/plants/[id]/PlantDetailClient.tsx [Server Component]
    ./src/app/plants/[id]/page.tsx [Server Component] @ http://localhost:3001/_next/static/chunks/node_modules_next_dist_0u_w_5s._.js:1945
[   10449ms] [ERROR] ./src/lib/relatedContent.ts:11:1
Export diaries doesn't exist in target module
   9 |  */
  10 |
> 11 | import { diaries as localDiaries, diaryCategories } from "@/data/diary";
     | ^^^^^^^^^^^^^^^^^^^^^^^^^^^^^^^^^^^^^^^^^^^^^^^^^^^^^^^^^^^^^^^^^^^^^^^^
  12 | import { guides as localGuides, guideCategories } from "@/data/guides";
  13 |
  14 | export interface RelatedItem {

The export diaries was not found in module [project]/src/data/diary.ts [app-ssr] (ecmascript).
Did you mean to import diaryEntries?
All exports of the module are statically known (It doesn't have dynamic exports). So it's known statically that the requested export doesn't exist.

Import traces:
  Client Component Browser:
    ./src/lib/relatedContent.ts [Client Component Browser]
    ./src/app/plants/[id]/PlantDetailClient.tsx [Client Component Browser]
    ./src/app/plants/[id]/PlantDetailClient.tsx [Server Component]
    ./src/app/plants/[id]/page.tsx [Server Component]

  Client Component SSR:
    ./src/lib/relatedContent.ts [Client Component SSR]
    ./src/app/plants/[id]/PlantDetailClient.tsx [Client Component SSR]
    ./src/app/plants/[id]/PlantDetailClient.tsx [Server Component]
    ./src/app/plants/[id]/page.tsx [Server Component] @ http://localhost:3001/_next/static/chunks/node_modules_next_dist_0u_w_5s._.js:1945
[   10497ms] [ERROR] ./src/lib/relatedContent.ts:11:1
Export diaries doesn't exist in target module
   9 |  */
  10 |
> 11 | import { diaries as localDiaries, diaryCategories } from "@/data/diary";
     | ^^^^^^^^^^^^^^^^^^^^^^^^^^^^^^^^^^^^^^^^^^^^^^^^^^^^^^^^^^^^^^^^^^^^^^^^
  12 | import { guides as localGuides, guideCategories } from "@/data/guides";
  13 |
  14 | export interface RelatedItem {

The export diaries was not found in module [project]/src/data/diary.ts [app-client] (ecmascript).
Did you mean to import diaryEntries?
All exports of the module are statically known (It doesn't have dynamic exports). So it's known statically that the requested export doesn't exist.

Import traces:
  Client Component Browser:
    ./src/lib/relatedContent.ts [Client Component Browser]
    ./src/app/plants/[id]/PlantDetailClient.tsx [Client Component Browser]
    ./src/app/plants/[id]/PlantDetailClient.tsx [Server Component]
    ./src/app/plants/[id]/page.tsx [Server Component]

  Client Component SSR:
    ./src/lib/relatedContent.ts [Client Component SSR]
    ./src/app/plants/[id]/PlantDetailClient.tsx [Client Component SSR]
    ./src/app/plants/[id]/PlantDetailClient.tsx [Server Component]
    ./src/app/plants/[id]/page.tsx [Server Component] @ http://localhost:3001/_next/static/chunks/node_modules_next_dist_0u_w_5s._.js:1945
[   10498ms] [ERROR] ./src/lib/relatedContent.ts:11:1
Export diaries doesn't exist in target module
   9 |  */
  10 |
> 11 | import { diaries as localDiaries, diaryCategories } from "@/data/diary";
     | ^^^^^^^^^^^^^^^^^^^^^^^^^^^^^^^^^^^^^^^^^^^^^^^^^^^^^^^^^^^^^^^^^^^^^^^^
  12 | import { guides as localGuides, guideCategories } from "@/data/guides";
  13 |
  14 | export interface RelatedItem {

The export diaries was not found in module [project]/src/data/diary.ts [app-ssr] (ecmascript).
Did you mean to import diaryEntries?
All exports of the module are statically known (It doesn't have dynamic exports). So it's known statically that the requested export doesn't exist.

Import traces:
  Client Component Browser:
    ./src/lib/relatedContent.ts [Client Component Browser]
    ./src/app/plants/[id]/PlantDetailClient.tsx [Client Component Browser]
    ./src/app/plants/[id]/PlantDetailClient.tsx [Server Component]
    ./src/app/plants/[id]/page.tsx [Server Component]

  Client Component SSR:
    ./src/lib/relatedContent.ts [Client Component SSR]
    ./src/app/plants/[id]/PlantDetailClient.tsx [Client Component SSR]
    ./src/app/plants/[id]/PlantDetailClient.tsx [Server Component]
    ./src/app/plants/[id]/page.tsx [Server Component] @ http://localhost:3001/_next/static/chunks/node_modules_next_dist_0u_w_5s._.js:1945
[   10545ms] [ERROR] ./src/lib/relatedContent.ts:11:1
Export diaries doesn't exist in target module
   9 |  */
  10 |
> 11 | import { diaries as localDiaries, diaryCategories } from "@/data/diary";
     | ^^^^^^^^^^^^^^^^^^^^^^^^^^^^^^^^^^^^^^^^^^^^^^^^^^^^^^^^^^^^^^^^^^^^^^^^
  12 | import { guides as localGuides, guideCategories } from "@/data/guides";
  13 |
  14 | export interface RelatedItem {

The export diaries was not found in module [project]/src/data/diary.ts [app-client] (ecmascript).
Did you mean to import diaryEntries?
All exports of the module are statically known (It doesn't have dynamic exports). So it's known statically that the requested export doesn't exist.

Import traces:
  Client Component Browser:
    ./src/lib/relatedContent.ts [Client Component Browser]
    ./src/app/plants/[id]/PlantDetailClient.tsx [Client Component Browser]
    ./src/app/plants/[id]/PlantDetailClient.tsx [Server Component]
    ./src/app/plants/[id]/page.tsx [Server Component]

  Client Component SSR:
    ./src/lib/relatedContent.ts [Client Component SSR]
    ./src/app/plants/[id]/PlantDetailClient.tsx [Client Component SSR]
    ./src/app/plants/[id]/PlantDetailClient.tsx [Server Component]
    ./src/app/plants/[id]/page.tsx [Server Component] @ http://localhost:3001/_next/static/chunks/node_modules_next_dist_0u_w_5s._.js:1945
[   10545ms] [ERROR] ./src/lib/relatedContent.ts:11:1
Export diaries doesn't exist in target module
   9 |  */
  10 |
> 11 | import { diaries as localDiaries, diaryCategories } from "@/data/diary";
     | ^^^^^^^^^^^^^^^^^^^^^^^^^^^^^^^^^^^^^^^^^^^^^^^^^^^^^^^^^^^^^^^^^^^^^^^^
  12 | import { guides as localGuides, guideCategories } from "@/data/guides";
  13 |
  14 | export interface RelatedItem {

The export diaries was not found in module [project]/src/data/diary.ts [app-ssr] (ecmascript).
Did you mean to import diaryEntries?
All exports of the module are statically known (It doesn't have dynamic exports). So it's known statically that the requested export doesn't exist.

Import traces:
  Client Component Browser:
    ./src/lib/relatedContent.ts [Client Component Browser]
    ./src/app/plants/[id]/PlantDetailClient.tsx [Client Component Browser]
    ./src/app/plants/[id]/PlantDetailClient.tsx [Server Component]
    ./src/app/plants/[id]/page.tsx [Server Component]

  Client Component SSR:
    ./src/lib/relatedContent.ts [Client Component SSR]
    ./src/app/plants/[id]/PlantDetailClient.tsx [Client Component SSR]
    ./src/app/plants/[id]/PlantDetailClient.tsx [Server Component]
    ./src/app/plants/[id]/page.tsx [Server Component] @ http://localhost:3001/_next/static/chunks/node_modules_next_dist_0u_w_5s._.js:1945
[   10593ms] [ERROR] ./src/lib/relatedContent.ts:11:1
Export diaries doesn't exist in target module
   9 |  */
  10 |
> 11 | import { diaries as localDiaries, diaryCategories } from "@/data/diary";
     | ^^^^^^^^^^^^^^^^^^^^^^^^^^^^^^^^^^^^^^^^^^^^^^^^^^^^^^^^^^^^^^^^^^^^^^^^
  12 | import { guides as localGuides, guideCategories } from "@/data/guides";
  13 |
  14 | export interface RelatedItem {

The export diaries was not found in module [project]/src/data/diary.ts [app-client] (ecmascript).
Did you mean to import diaryEntries?
All exports of the module are statically known (It doesn't have dynamic exports). So it's known statically that the requested export doesn't exist.

Import traces:
  Client Component Browser:
    ./src/lib/relatedContent.ts [Client Component Browser]
    ./src/app/plants/[id]/PlantDetailClient.tsx [Client Component Browser]
    ./src/app/plants/[id]/PlantDetailClient.tsx [Server Component]
    ./src/app/plants/[id]/page.tsx [Server Component]

  Client Component SSR:
    ./src/lib/relatedContent.ts [Client Component SSR]
    ./src/app/plants/[id]/PlantDetailClient.tsx [Client Component SSR]
    ./src/app/plants/[id]/PlantDetailClient.tsx [Server Component]
    ./src/app/plants/[id]/page.tsx [Server Component] @ http://localhost:3001/_next/static/chunks/node_modules_next_dist_0u_w_5s._.js:1945
[   10593ms] [ERROR] ./src/lib/relatedContent.ts:11:1
Export diaries doesn't exist in target module
   9 |  */
  10 |
> 11 | import { diaries as localDiaries, diaryCategories } from "@/data/diary";
     | ^^^^^^^^^^^^^^^^^^^^^^^^^^^^^^^^^^^^^^^^^^^^^^^^^^^^^^^^^^^^^^^^^^^^^^^^
  12 | import { guides as localGuides, guideCategories } from "@/data/guides";
  13 |
  14 | export interface RelatedItem {

The export diaries was not found in module [project]/src/data/diary.ts [app-ssr] (ecmascript).
Did you mean to import diaryEntries?
All exports of the module are statically known (It doesn't have dynamic exports). So it's known statically that the requested export doesn't exist.

Import traces:
  Client Component Browser:
    ./src/lib/relatedContent.ts [Client Component Browser]
    ./src/app/plants/[id]/PlantDetailClient.tsx [Client Component Browser]
    ./src/app/plants/[id]/PlantDetailClient.tsx [Server Component]
    ./src/app/plants/[id]/page.tsx [Server Component]

  Client Component SSR:
    ./src/lib/relatedContent.ts [Client Component SSR]
    ./src/app/plants/[id]/PlantDetailClient.tsx [Client Component SSR]
    ./src/app/plants/[id]/PlantDetailClient.tsx [Server Component]
    ./src/app/plants/[id]/page.tsx [Server Component] @ http://localhost:3001/_next/static/chunks/node_modules_next_dist_0u_w_5s._.js:1945
[   10641ms] [ERROR] ./src/lib/relatedContent.ts:11:1
Export diaries doesn't exist in target module
   9 |  */
  10 |
> 11 | import { diaries as localDiaries, diaryCategories } from "@/data/diary";
     | ^^^^^^^^^^^^^^^^^^^^^^^^^^^^^^^^^^^^^^^^^^^^^^^^^^^^^^^^^^^^^^^^^^^^^^^^
  12 | import { guides as localGuides, guideCategories } from "@/data/guides";
  13 |
  14 | export interface RelatedItem {

The export diaries was not found in module [project]/src/data/diary.ts [app-client] (ecmascript).
Did you mean to import diaryEntries?
All exports of the module are statically known (It doesn't have dynamic exports). So it's known statically that the requested export doesn't exist.

Import traces:
  Client Component Browser:
    ./src/lib/relatedContent.ts [Client Component Browser]
    ./src/app/plants/[id]/PlantDetailClient.tsx [Client Component Browser]
    ./src/app/plants/[id]/PlantDetailClient.tsx [Server Component]
    ./src/app/plants/[id]/page.tsx [Server Component]

  Client Component SSR:
    ./src/lib/relatedContent.ts [Client Component SSR]
    ./src/app/plants/[id]/PlantDetailClient.tsx [Client Component SSR]
    ./src/app/plants/[id]/PlantDetailClient.tsx [Server Component]
    ./src/app/plants/[id]/page.tsx [Server Component] @ http://localhost:3001/_next/static/chunks/node_modules_next_dist_0u_w_5s._.js:1945
[   10641ms] [ERROR] ./src/lib/relatedContent.ts:11:1
Export diaries doesn't exist in target module
   9 |  */
  10 |
> 11 | import { diaries as localDiaries, diaryCategories } from "@/data/diary";
     | ^^^^^^^^^^^^^^^^^^^^^^^^^^^^^^^^^^^^^^^^^^^^^^^^^^^^^^^^^^^^^^^^^^^^^^^^
  12 | import { guides as localGuides, guideCategories } from "@/data/guides";
  13 |
  14 | export interface RelatedItem {

The export diaries was not found in module [project]/src/data/diary.ts [app-ssr] (ecmascript).
Did you mean to import diaryEntries?
All exports of the module are statically known (It doesn't have dynamic exports). So it's known statically that the requested export doesn't exist.

Import traces:
  Client Component Browser:
    ./src/lib/relatedContent.ts [Client Component Browser]
    ./src/app/plants/[id]/PlantDetailClient.tsx [Client Component Browser]
    ./src/app/plants/[id]/PlantDetailClient.tsx [Server Component]
    ./src/app/plants/[id]/page.tsx [Server Component]

  Client Component SSR:
    ./src/lib/relatedContent.ts [Client Component SSR]
    ./src/app/plants/[id]/PlantDetailClient.tsx [Client Component SSR]
    ./src/app/plants/[id]/PlantDetailClient.tsx [Server Component]
    ./src/app/plants/[id]/page.tsx [Server Component] @ http://localhost:3001/_next/static/chunks/node_modules_next_dist_0u_w_5s._.js:1945
[   10689ms] [ERROR] ./src/lib/relatedContent.ts:11:1
Export diaries doesn't exist in target module
   9 |  */
  10 |
> 11 | import { diaries as localDiaries, diaryCategories } from "@/data/diary";
     | ^^^^^^^^^^^^^^^^^^^^^^^^^^^^^^^^^^^^^^^^^^^^^^^^^^^^^^^^^^^^^^^^^^^^^^^^
  12 | import { guides as localGuides, guideCategories } from "@/data/guides";
  13 |
  14 | export interface RelatedItem {

The export diaries was not found in module [project]/src/data/diary.ts [app-client] (ecmascript).
Did you mean to import diaryEntries?
All exports of the module are statically known (It doesn't have dynamic exports). So it's known statically that the requested export doesn't exist.

Import traces:
  Client Component Browser:
    ./src/lib/relatedContent.ts [Client Component Browser]
    ./src/app/plants/[id]/PlantDetailClient.tsx [Client Component Browser]
    ./src/app/plants/[id]/PlantDetailClient.tsx [Server Component]
    ./src/app/plants/[id]/page.tsx [Server Component]

  Client Component SSR:
    ./src/lib/relatedContent.ts [Client Component SSR]
    ./src/app/plants/[id]/PlantDetailClient.tsx [Client Component SSR]
    ./src/app/plants/[id]/PlantDetailClient.tsx [Server Component]
    ./src/app/plants/[id]/page.tsx [Server Component] @ http://localhost:3001/_next/static/chunks/node_modules_next_dist_0u_w_5s._.js:1945
[   10689ms] [ERROR] ./src/lib/relatedContent.ts:11:1
Export diaries doesn't exist in target module
   9 |  */
  10 |
> 11 | import { diaries as localDiaries, diaryCategories } from "@/data/diary";
     | ^^^^^^^^^^^^^^^^^^^^^^^^^^^^^^^^^^^^^^^^^^^^^^^^^^^^^^^^^^^^^^^^^^^^^^^^
  12 | import { guides as localGuides, guideCategories } from "@/data/guides";
  13 |
  14 | export interface RelatedItem {

The export diaries was not found in module [project]/src/data/diary.ts [app-ssr] (ecmascript).
Did you mean to import diaryEntries?
All exports of the module are statically known (It doesn't have dynamic exports). So it's known statically that the requested export doesn't exist.

Import traces:
  Client Component Browser:
    ./src/lib/relatedContent.ts [Client Component Browser]
    ./src/app/plants/[id]/PlantDetailClient.tsx [Client Component Browser]
    ./src/app/plants/[id]/PlantDetailClient.tsx [Server Component]
    ./src/app/plants/[id]/page.tsx [Server Component]

  Client Component SSR:
    ./src/lib/relatedContent.ts [Client Component SSR]
    ./src/app/plants/[id]/PlantDetailClient.tsx [Client Component SSR]
    ./src/app/plants/[id]/PlantDetailClient.tsx [Server Component]
    ./src/app/plants/[id]/page.tsx [Server Component] @ http://localhost:3001/_next/static/chunks/node_modules_next_dist_0u_w_5s._.js:1945
[   10736ms] [ERROR] ./src/lib/relatedContent.ts:11:1
Export diaries doesn't exist in target module
   9 |  */
  10 |
> 11 | import { diaries as localDiaries, diaryCategories } from "@/data/diary";
     | ^^^^^^^^^^^^^^^^^^^^^^^^^^^^^^^^^^^^^^^^^^^^^^^^^^^^^^^^^^^^^^^^^^^^^^^^
  12 | import { guides as localGuides, guideCategories } from "@/data/guides";
  13 |
  14 | export interface RelatedItem {

The export diaries was not found in module [project]/src/data/diary.ts [app-client] (ecmascript).
Did you mean to import diaryEntries?
All exports of the module are statically known (It doesn't have dynamic exports). So it's known statically that the requested export doesn't exist.

Import traces:
  Client Component Browser:
    ./src/lib/relatedContent.ts [Client Component Browser]
    ./src/app/plants/[id]/PlantDetailClient.tsx [Client Component Browser]
    ./src/app/plants/[id]/PlantDetailClient.tsx [Server Component]
    ./src/app/plants/[id]/page.tsx [Server Component]

  Client Component SSR:
    ./src/lib/relatedContent.ts [Client Component SSR]
    ./src/app/plants/[id]/PlantDetailClient.tsx [Client Component SSR]
    ./src/app/plants/[id]/PlantDetailClient.tsx [Server Component]
    ./src/app/plants/[id]/page.tsx [Server Component] @ http://localhost:3001/_next/static/chunks/node_modules_next_dist_0u_w_5s._.js:1945
[   10736ms] [ERROR] ./src/lib/relatedContent.ts:11:1
Export diaries doesn't exist in target module
   9 |  */
  10 |
> 11 | import { diaries as localDiaries, diaryCategories } from "@/data/diary";
     | ^^^^^^^^^^^^^^^^^^^^^^^^^^^^^^^^^^^^^^^^^^^^^^^^^^^^^^^^^^^^^^^^^^^^^^^^
  12 | import { guides as localGuides, guideCategories } from "@/data/guides";
  13 |
  14 | export interface RelatedItem {

The export diaries was not found in module [project]/src/data/diary.ts [app-ssr] (ecmascript).
Did you mean to import diaryEntries?
All exports of the module are statically known (It doesn't have dynamic exports). So it's known statically that the requested export doesn't exist.

Import traces:
  Client Component Browser:
    ./src/lib/relatedContent.ts [Client Component Browser]
    ./src/app/plants/[id]/PlantDetailClient.tsx [Client Component Browser]
    ./src/app/plants/[id]/PlantDetailClient.tsx [Server Component]
    ./src/app/plants/[id]/page.tsx [Server Component]

  Client Component SSR:
    ./src/lib/relatedContent.ts [Client Component SSR]
    ./src/app/plants/[id]/PlantDetailClient.tsx [Client Component SSR]
    ./src/app/plants/[id]/PlantDetailClient.tsx [Server Component]
    ./src/app/plants/[id]/page.tsx [Server Component] @ http://localhost:3001/_next/static/chunks/node_modules_next_dist_0u_w_5s._.js:1945
[   10782ms] [ERROR] ./src/lib/relatedContent.ts:11:1
Export diaries doesn't exist in target module
   9 |  */
  10 |
> 11 | import { diaries as localDiaries, diaryCategories } from "@/data/diary";
     | ^^^^^^^^^^^^^^^^^^^^^^^^^^^^^^^^^^^^^^^^^^^^^^^^^^^^^^^^^^^^^^^^^^^^^^^^
  12 | import { guides as localGuides, guideCategories } from "@/data/guides";
  13 |
  14 | export interface RelatedItem {

The export diaries was not found in module [project]/src/data/diary.ts [app-client] (ecmascript).
Did you mean to import diaryEntries?
All exports of the module are statically known (It doesn't have dynamic exports). So it's known statically that the requested export doesn't exist.

Import traces:
  Client Component Browser:
    ./src/lib/relatedContent.ts [Client Component Browser]
    ./src/app/plants/[id]/PlantDetailClient.tsx [Client Component Browser]
    ./src/app/plants/[id]/PlantDetailClient.tsx [Server Component]
    ./src/app/plants/[id]/page.tsx [Server Component]

  Client Component SSR:
    ./src/lib/relatedContent.ts [Client Component SSR]
    ./src/app/plants/[id]/PlantDetailClient.tsx [Client Component SSR]
    ./src/app/plants/[id]/PlantDetailClient.tsx [Server Component]
    ./src/app/plants/[id]/page.tsx [Server Component] @ http://localhost:3001/_next/static/chunks/node_modules_next_dist_0u_w_5s._.js:1945
[   10782ms] [ERROR] ./src/lib/relatedContent.ts:11:1
Export diaries doesn't exist in target module
   9 |  */
  10 |
> 11 | import { diaries as localDiaries, diaryCategories } from "@/data/diary";
     | ^^^^^^^^^^^^^^^^^^^^^^^^^^^^^^^^^^^^^^^^^^^^^^^^^^^^^^^^^^^^^^^^^^^^^^^^
  12 | import { guides as localGuides, guideCategories } from "@/data/guides";
  13 |
  14 | export interface RelatedItem {

The export diaries was not found in module [project]/src/data/diary.ts [app-ssr] (ecmascript).
Did you mean to import diaryEntries?
All exports of the module are statically known (It doesn't have dynamic exports). So it's known statically that the requested export doesn't exist.

Import traces:
  Client Component Browser:
    ./src/lib/relatedContent.ts [Client Component Browser]
    ./src/app/plants/[id]/PlantDetailClient.tsx [Client Component Browser]
    ./src/app/plants/[id]/PlantDetailClient.tsx [Server Component]
    ./src/app/plants/[id]/page.tsx [Server Component]

  Client Component SSR:
    ./src/lib/relatedContent.ts [Client Component SSR]
    ./src/app/plants/[id]/PlantDetailClient.tsx [Client Component SSR]
    ./src/app/plants/[id]/PlantDetailClient.tsx [Server Component]
    ./src/app/plants/[id]/page.tsx [Server Component] @ http://localhost:3001/_next/static/chunks/node_modules_next_dist_0u_w_5s._.js:1945
[   10828ms] [ERROR] ./src/lib/relatedContent.ts:11:1
Export diaries doesn't exist in target module
   9 |  */
  10 |
> 11 | import { diaries as localDiaries, diaryCategories } from "@/data/diary";
     | ^^^^^^^^^^^^^^^^^^^^^^^^^^^^^^^^^^^^^^^^^^^^^^^^^^^^^^^^^^^^^^^^^^^^^^^^
  12 | import { guides as localGuides, guideCategories } from "@/data/guides";
  13 |
  14 | export interface RelatedItem {

The export diaries was not found in module [project]/src/data/diary.ts [app-client] (ecmascript).
Did you mean to import diaryEntries?
All exports of the module are statically known (It doesn't have dynamic exports). So it's known statically that the requested export doesn't exist.

Import traces:
  Client Component Browser:
    ./src/lib/relatedContent.ts [Client Component Browser]
    ./src/app/plants/[id]/PlantDetailClient.tsx [Client Component Browser]
    ./src/app/plants/[id]/PlantDetailClient.tsx [Server Component]
    ./src/app/plants/[id]/page.tsx [Server Component]

  Client Component SSR:
    ./src/lib/relatedContent.ts [Client Component SSR]
    ./src/app/plants/[id]/PlantDetailClient.tsx [Client Component SSR]
    ./src/app/plants/[id]/PlantDetailClient.tsx [Server Component]
    ./src/app/plants/[id]/page.tsx [Server Component] @ http://localhost:3001/_next/static/chunks/node_modules_next_dist_0u_w_5s._.js:1945
[   10828ms] [ERROR] ./src/lib/relatedContent.ts:11:1
Export diaries doesn't exist in target module
   9 |  */
  10 |
> 11 | import { diaries as localDiaries, diaryCategories } from "@/data/diary";
     | ^^^^^^^^^^^^^^^^^^^^^^^^^^^^^^^^^^^^^^^^^^^^^^^^^^^^^^^^^^^^^^^^^^^^^^^^
  12 | import { guides as localGuides, guideCategories } from "@/data/guides";
  13 |
  14 | export interface RelatedItem {

The export diaries was not found in module [project]/src/data/diary.ts [app-ssr] (ecmascript).
Did you mean to import diaryEntries?
All exports of the module are statically known (It doesn't have dynamic exports). So it's known statically that the requested export doesn't exist.

Import traces:
  Client Component Browser:
    ./src/lib/relatedContent.ts [Client Component Browser]
    ./src/app/plants/[id]/PlantDetailClient.tsx [Client Component Browser]
    ./src/app/plants/[id]/PlantDetailClient.tsx [Server Component]
    ./src/app/plants/[id]/page.tsx [Server Component]

  Client Component SSR:
    ./src/lib/relatedContent.ts [Client Component SSR]
    ./src/app/plants/[id]/PlantDetailClient.tsx [Client Component SSR]
    ./src/app/plants/[id]/PlantDetailClient.tsx [Server Component]
    ./src/app/plants/[id]/page.tsx [Server Component] @ http://localhost:3001/_next/static/chunks/node_modules_next_dist_0u_w_5s._.js:1945
[   10875ms] [ERROR] ./src/lib/relatedContent.ts:11:1
Export diaries doesn't exist in target module
   9 |  */
  10 |
> 11 | import { diaries as localDiaries, diaryCategories } from "@/data/diary";
     | ^^^^^^^^^^^^^^^^^^^^^^^^^^^^^^^^^^^^^^^^^^^^^^^^^^^^^^^^^^^^^^^^^^^^^^^^
  12 | import { guides as localGuides, guideCategories } from "@/data/guides";
  13 |
  14 | export interface RelatedItem {

The export diaries was not found in module [project]/src/data/diary.ts [app-client] (ecmascript).
Did you mean to import diaryEntries?
All exports of the module are statically known (It doesn't have dynamic exports). So it's known statically that the requested export doesn't exist.

Import traces:
  Client Component Browser:
    ./src/lib/relatedContent.ts [Client Component Browser]
    ./src/app/plants/[id]/PlantDetailClient.tsx [Client Component Browser]
    ./src/app/plants/[id]/PlantDetailClient.tsx [Server Component]
    ./src/app/plants/[id]/page.tsx [Server Component]

  Client Component SSR:
    ./src/lib/relatedContent.ts [Client Component SSR]
    ./src/app/plants/[id]/PlantDetailClient.tsx [Client Component SSR]
    ./src/app/plants/[id]/PlantDetailClient.tsx [Server Component]
    ./src/app/plants/[id]/page.tsx [Server Component] @ http://localhost:3001/_next/static/chunks/node_modules_next_dist_0u_w_5s._.js:1945
[   10875ms] [ERROR] ./src/lib/relatedContent.ts:11:1
Export diaries doesn't exist in target module
   9 |  */
  10 |
> 11 | import { diaries as localDiaries, diaryCategories } from "@/data/diary";
     | ^^^^^^^^^^^^^^^^^^^^^^^^^^^^^^^^^^^^^^^^^^^^^^^^^^^^^^^^^^^^^^^^^^^^^^^^
  12 | import { guides as localGuides, guideCategories } from "@/data/guides";
  13 |
  14 | export interface RelatedItem {

The export diaries was not found in module [project]/src/data/diary.ts [app-ssr] (ecmascript).
Did you mean to import diaryEntries?
All exports of the module are statically known (It doesn't have dynamic exports). So it's known statically that the requested export doesn't exist.

Import traces:
  Client Component Browser:
    ./src/lib/relatedContent.ts [Client Component Browser]
    ./src/app/plants/[id]/PlantDetailClient.tsx [Client Component Browser]
    ./src/app/plants/[id]/PlantDetailClient.tsx [Server Component]
    ./src/app/plants/[id]/page.tsx [Server Component]

  Client Component SSR:
    ./src/lib/relatedContent.ts [Client Component SSR]
    ./src/app/plants/[id]/PlantDetailClient.tsx [Client Component SSR]
    ./src/app/plants/[id]/PlantDetailClient.tsx [Server Component]
    ./src/app/plants/[id]/page.tsx [Server Component] @ http://localhost:3001/_next/static/chunks/node_modules_next_dist_0u_w_5s._.js:1945
[   10922ms] [ERROR] ./src/lib/relatedContent.ts:11:1
Export diaries doesn't exist in target module
   9 |  */
  10 |
> 11 | import { diaries as localDiaries, diaryCategories } from "@/data/diary";
     | ^^^^^^^^^^^^^^^^^^^^^^^^^^^^^^^^^^^^^^^^^^^^^^^^^^^^^^^^^^^^^^^^^^^^^^^^
  12 | import { guides as localGuides, guideCategories } from "@/data/guides";
  13 |
  14 | export interface RelatedItem {

The export diaries was not found in module [project]/src/data/diary.ts [app-client] (ecmascript).
Did you mean to import diaryEntries?
All exports of the module are statically known (It doesn't have dynamic exports). So it's known statically that the requested export doesn't exist.

Import traces:
  Client Component Browser:
    ./src/lib/relatedContent.ts [Client Component Browser]
    ./src/app/plants/[id]/PlantDetailClient.tsx [Client Component Browser]
    ./src/app/plants/[id]/PlantDetailClient.tsx [Server Component]
    ./src/app/plants/[id]/page.tsx [Server Component]

  Client Component SSR:
    ./src/lib/relatedContent.ts [Client Component SSR]
    ./src/app/plants/[id]/PlantDetailClient.tsx [Client Component SSR]
    ./src/app/plants/[id]/PlantDetailClient.tsx [Server Component]
    ./src/app/plants/[id]/page.tsx [Server Component] @ http://localhost:3001/_next/static/chunks/node_modules_next_dist_0u_w_5s._.js:1945
[   10922ms] [ERROR] ./src/lib/relatedContent.ts:11:1
Export diaries doesn't exist in target module
   9 |  */
  10 |
> 11 | import { diaries as localDiaries, diaryCategories } from "@/data/diary";
     | ^^^^^^^^^^^^^^^^^^^^^^^^^^^^^^^^^^^^^^^^^^^^^^^^^^^^^^^^^^^^^^^^^^^^^^^^
  12 | import { guides as localGuides, guideCategories } from "@/data/guides";
  13 |
  14 | export interface RelatedItem {

The export diaries was not found in module [project]/src/data/diary.ts [app-ssr] (ecmascript).
Did you mean to import diaryEntries?
All exports of the module are statically known (It doesn't have dynamic exports). So it's known statically that the requested export doesn't exist.

Import traces:
  Client Component Browser:
    ./src/lib/relatedContent.ts [Client Component Browser]
    ./src/app/plants/[id]/PlantDetailClient.tsx [Client Component Browser]
    ./src/app/plants/[id]/PlantDetailClient.tsx [Server Component]
    ./src/app/plants/[id]/page.tsx [Server Component]

  Client Component SSR:
    ./src/lib/relatedContent.ts [Client Component SSR]
    ./src/app/plants/[id]/PlantDetailClient.tsx [Client Component SSR]
    ./src/app/plants/[id]/PlantDetailClient.tsx [Server Component]
    ./src/app/plants/[id]/page.tsx [Server Component] @ http://localhost:3001/_next/static/chunks/node_modules_next_dist_0u_w_5s._.js:1945
[   10969ms] [ERROR] ./src/lib/relatedContent.ts:11:1
Export diaries doesn't exist in target module
   9 |  */
  10 |
> 11 | import { diaries as localDiaries, diaryCategories } from "@/data/diary";
     | ^^^^^^^^^^^^^^^^^^^^^^^^^^^^^^^^^^^^^^^^^^^^^^^^^^^^^^^^^^^^^^^^^^^^^^^^
  12 | import { guides as localGuides, guideCategories } from "@/data/guides";
  13 |
  14 | export interface RelatedItem {

The export diaries was not found in module [project]/src/data/diary.ts [app-client] (ecmascript).
Did you mean to import diaryEntries?
All exports of the module are statically known (It doesn't have dynamic exports). So it's known statically that the requested export doesn't exist.

Import traces:
  Client Component Browser:
    ./src/lib/relatedContent.ts [Client Component Browser]
    ./src/app/plants/[id]/PlantDetailClient.tsx [Client Component Browser]
    ./src/app/plants/[id]/PlantDetailClient.tsx [Server Component]
    ./src/app/plants/[id]/page.tsx [Server Component]

  Client Component SSR:
    ./src/lib/relatedContent.ts [Client Component SSR]
    ./src/app/plants/[id]/PlantDetailClient.tsx [Client Component SSR]
    ./src/app/plants/[id]/PlantDetailClient.tsx [Server Component]
    ./src/app/plants/[id]/page.tsx [Server Component] @ http://localhost:3001/_next/static/chunks/node_modules_next_dist_0u_w_5s._.js:1945
[   10969ms] [ERROR] ./src/lib/relatedContent.ts:11:1
Export diaries doesn't exist in target module
   9 |  */
  10 |
> 11 | import { diaries as localDiaries, diaryCategories } from "@/data/diary";
     | ^^^^^^^^^^^^^^^^^^^^^^^^^^^^^^^^^^^^^^^^^^^^^^^^^^^^^^^^^^^^^^^^^^^^^^^^
  12 | import { guides as localGuides, guideCategories } from "@/data/guides";
  13 |
  14 | export interface RelatedItem {

The export diaries was not found in module [project]/src/data/diary.ts [app-ssr] (ecmascript).
Did you mean to import diaryEntries?
All exports of the module are statically known (It doesn't have dynamic exports). So it's known statically that the requested export doesn't exist.

Import traces:
  Client Component Browser:
    ./src/lib/relatedContent.ts [Client Component Browser]
    ./src/app/plants/[id]/PlantDetailClient.tsx [Client Component Browser]
    ./src/app/plants/[id]/PlantDetailClient.tsx [Server Component]
    ./src/app/plants/[id]/page.tsx [Server Component]

  Client Component SSR:
    ./src/lib/relatedContent.ts [Client Component SSR]
    ./src/app/plants/[id]/PlantDetailClient.tsx [Client Component SSR]
    ./src/app/plants/[id]/PlantDetailClient.tsx [Server Component]
    ./src/app/plants/[id]/page.tsx [Server Component] @ http://localhost:3001/_next/static/chunks/node_modules_next_dist_0u_w_5s._.js:1945
[   11015ms] [ERROR] ./src/lib/relatedContent.ts:11:1
Export diaries doesn't exist in target module
   9 |  */
  10 |
> 11 | import { diaries as localDiaries, diaryCategories } from "@/data/diary";
     | ^^^^^^^^^^^^^^^^^^^^^^^^^^^^^^^^^^^^^^^^^^^^^^^^^^^^^^^^^^^^^^^^^^^^^^^^
  12 | import { guides as localGuides, guideCategories } from "@/data/guides";
  13 |
  14 | export interface RelatedItem {

The export diaries was not found in module [project]/src/data/diary.ts [app-client] (ecmascript).
Did you mean to import diaryEntries?
All exports of the module are statically known (It doesn't have dynamic exports). So it's known statically that the requested export doesn't exist.

Import traces:
  Client Component Browser:
    ./src/lib/relatedContent.ts [Client Component Browser]
    ./src/app/plants/[id]/PlantDetailClient.tsx [Client Component Browser]
    ./src/app/plants/[id]/PlantDetailClient.tsx [Server Component]
    ./src/app/plants/[id]/page.tsx [Server Component]

  Client Component SSR:
    ./src/lib/relatedContent.ts [Client Component SSR]
    ./src/app/plants/[id]/PlantDetailClient.tsx [Client Component SSR]
    ./src/app/plants/[id]/PlantDetailClient.tsx [Server Component]
    ./src/app/plants/[id]/page.tsx [Server Component] @ http://localhost:3001/_next/static/chunks/node_modules_next_dist_0u_w_5s._.js:1945
[   11015ms] [ERROR] ./src/lib/relatedContent.ts:11:1
Export diaries doesn't exist in target module
   9 |  */
  10 |
> 11 | import { diaries as localDiaries, diaryCategories } from "@/data/diary";
     | ^^^^^^^^^^^^^^^^^^^^^^^^^^^^^^^^^^^^^^^^^^^^^^^^^^^^^^^^^^^^^^^^^^^^^^^^
  12 | import { guides as localGuides, guideCategories } from "@/data/guides";
  13 |
  14 | export interface RelatedItem {

The export diaries was not found in module [project]/src/data/diary.ts [app-ssr] (ecmascript).
Did you mean to import diaryEntries?
All exports of the module are statically known (It doesn't have dynamic exports). So it's known statically that the requested export doesn't exist.

Import traces:
  Client Component Browser:
    ./src/lib/relatedContent.ts [Client Component Browser]
    ./src/app/plants/[id]/PlantDetailClient.tsx [Client Component Browser]
    ./src/app/plants/[id]/PlantDetailClient.tsx [Server Component]
    ./src/app/plants/[id]/page.tsx [Server Component]

  Client Component SSR:
    ./src/lib/relatedContent.ts [Client Component SSR]
    ./src/app/plants/[id]/PlantDetailClient.tsx [Client Component SSR]
    ./src/app/plants/[id]/PlantDetailClient.tsx [Server Component]
    ./src/app/plants/[id]/page.tsx [Server Component] @ http://localhost:3001/_next/static/chunks/node_modules_next_dist_0u_w_5s._.js:1945
[   11061ms] [ERROR] ./src/lib/relatedContent.ts:11:1
Export diaries doesn't exist in target module
   9 |  */
  10 |
> 11 | import { diaries as localDiaries, diaryCategories } from "@/data/diary";
     | ^^^^^^^^^^^^^^^^^^^^^^^^^^^^^^^^^^^^^^^^^^^^^^^^^^^^^^^^^^^^^^^^^^^^^^^^
  12 | import { guides as localGuides, guideCategories } from "@/data/guides";
  13 |
  14 | export interface RelatedItem {

The export diaries was not found in module [project]/src/data/diary.ts [app-client] (ecmascript).
Did you mean to import diaryEntries?
All exports of the module are statically known (It doesn't have dynamic exports). So it's known statically that the requested export doesn't exist.

Import traces:
  Client Component Browser:
    ./src/lib/relatedContent.ts [Client Component Browser]
    ./src/app/plants/[id]/PlantDetailClient.tsx [Client Component Browser]
    ./src/app/plants/[id]/PlantDetailClient.tsx [Server Component]
    ./src/app/plants/[id]/page.tsx [Server Component]

  Client Component SSR:
    ./src/lib/relatedContent.ts [Client Component SSR]
    ./src/app/plants/[id]/PlantDetailClient.tsx [Client Component SSR]
    ./src/app/plants/[id]/PlantDetailClient.tsx [Server Component]
    ./src/app/plants/[id]/page.tsx [Server Component] @ http://localhost:3001/_next/static/chunks/node_modules_next_dist_0u_w_5s._.js:1945
[   11061ms] [ERROR] ./src/lib/relatedContent.ts:11:1
Export diaries doesn't exist in target module
   9 |  */
  10 |
> 11 | import { diaries as localDiaries, diaryCategories } from "@/data/diary";
     | ^^^^^^^^^^^^^^^^^^^^^^^^^^^^^^^^^^^^^^^^^^^^^^^^^^^^^^^^^^^^^^^^^^^^^^^^
  12 | import { guides as localGuides, guideCategories } from "@/data/guides";
  13 |
  14 | export interface RelatedItem {

The export diaries was not found in module [project]/src/data/diary.ts [app-ssr] (ecmascript).
Did you mean to import diaryEntries?
All exports of the module are statically known (It doesn't have dynamic exports). So it's known statically that the requested export doesn't exist.

Import traces:
  Client Component Browser:
    ./src/lib/relatedContent.ts [Client Component Browser]
    ./src/app/plants/[id]/PlantDetailClient.tsx [Client Component Browser]
    ./src/app/plants/[id]/PlantDetailClient.tsx [Server Component]
    ./src/app/plants/[id]/page.tsx [Server Component]

  Client Component SSR:
    ./src/lib/relatedContent.ts [Client Component SSR]
    ./src/app/plants/[id]/PlantDetailClient.tsx [Client Component SSR]
    ./src/app/plants/[id]/PlantDetailClient.tsx [Server Component]
    ./src/app/plants/[id]/page.tsx [Server Component] @ http://localhost:3001/_next/static/chunks/node_modules_next_dist_0u_w_5s._.js:1945
[   11107ms] [ERROR] ./src/lib/relatedContent.ts:11:1
Export diaries doesn't exist in target module
   9 |  */
  10 |
> 11 | import { diaries as localDiaries, diaryCategories } from "@/data/diary";
     | ^^^^^^^^^^^^^^^^^^^^^^^^^^^^^^^^^^^^^^^^^^^^^^^^^^^^^^^^^^^^^^^^^^^^^^^^
  12 | import { guides as localGuides, guideCategories } from "@/data/guides";
  13 |
  14 | export interface RelatedItem {

The export diaries was not found in module [project]/src/data/diary.ts [app-client] (ecmascript).
Did you mean to import diaryEntries?
All exports of the module are statically known (It doesn't have dynamic exports). So it's known statically that the requested export doesn't exist.

Import traces:
  Client Component Browser:
    ./src/lib/relatedContent.ts [Client Component Browser]
    ./src/app/plants/[id]/PlantDetailClient.tsx [Client Component Browser]
    ./src/app/plants/[id]/PlantDetailClient.tsx [Server Component]
    ./src/app/plants/[id]/page.tsx [Server Component]

  Client Component SSR:
    ./src/lib/relatedContent.ts [Client Component SSR]
    ./src/app/plants/[id]/PlantDetailClient.tsx [Client Component SSR]
    ./src/app/plants/[id]/PlantDetailClient.tsx [Server Component]
    ./src/app/plants/[id]/page.tsx [Server Component] @ http://localhost:3001/_next/static/chunks/node_modules_next_dist_0u_w_5s._.js:1945
[   11107ms] [ERROR] ./src/lib/relatedContent.ts:11:1
Export diaries doesn't exist in target module
   9 |  */
  10 |
> 11 | import { diaries as localDiaries, diaryCategories } from "@/data/diary";
     | ^^^^^^^^^^^^^^^^^^^^^^^^^^^^^^^^^^^^^^^^^^^^^^^^^^^^^^^^^^^^^^^^^^^^^^^^
  12 | import { guides as localGuides, guideCategories } from "@/data/guides";
  13 |
  14 | export interface RelatedItem {

The export diaries was not found in module [project]/src/data/diary.ts [app-ssr] (ecmascript).
Did you mean to import diaryEntries?
All exports of the module are statically known (It doesn't have dynamic exports). So it's known statically that the requested export doesn't exist.

Import traces:
  Client Component Browser:
    ./src/lib/relatedContent.ts [Client Component Browser]
    ./src/app/plants/[id]/PlantDetailClient.tsx [Client Component Browser]
    ./src/app/plants/[id]/PlantDetailClient.tsx [Server Component]
    ./src/app/plants/[id]/page.tsx [Server Component]

  Client Component SSR:
    ./src/lib/relatedContent.ts [Client Component SSR]
    ./src/app/plants/[id]/PlantDetailClient.tsx [Client Component SSR]
    ./src/app/plants/[id]/PlantDetailClient.tsx [Server Component]
    ./src/app/plants/[id]/page.tsx [Server Component] @ http://localhost:3001/_next/static/chunks/node_modules_next_dist_0u_w_5s._.js:1945
[   11154ms] [ERROR] ./src/lib/relatedContent.ts:11:1
Export diaries doesn't exist in target module
   9 |  */
  10 |
> 11 | import { diaries as localDiaries, diaryCategories } from "@/data/diary";
     | ^^^^^^^^^^^^^^^^^^^^^^^^^^^^^^^^^^^^^^^^^^^^^^^^^^^^^^^^^^^^^^^^^^^^^^^^
  12 | import { guides as localGuides, guideCategories } from "@/data/guides";
  13 |
  14 | export interface RelatedItem {

The export diaries was not found in module [project]/src/data/diary.ts [app-client] (ecmascript).
Did you mean to import diaryEntries?
All exports of the module are statically known (It doesn't have dynamic exports). So it's known statically that the requested export doesn't exist.

Import traces:
  Client Component Browser:
    ./src/lib/relatedContent.ts [Client Component Browser]
    ./src/app/plants/[id]/PlantDetailClient.tsx [Client Component Browser]
    ./src/app/plants/[id]/PlantDetailClient.tsx [Server Component]
    ./src/app/plants/[id]/page.tsx [Server Component]

  Client Component SSR:
    ./src/lib/relatedContent.ts [Client Component SSR]
    ./src/app/plants/[id]/PlantDetailClient.tsx [Client Component SSR]
    ./src/app/plants/[id]/PlantDetailClient.tsx [Server Component]
    ./src/app/plants/[id]/page.tsx [Server Component] @ http://localhost:3001/_next/static/chunks/node_modules_next_dist_0u_w_5s._.js:1945
[   11154ms] [ERROR] ./src/lib/relatedContent.ts:11:1
Export diaries doesn't exist in target module
   9 |  */
  10 |
> 11 | import { diaries as localDiaries, diaryCategories } from "@/data/diary";
     | ^^^^^^^^^^^^^^^^^^^^^^^^^^^^^^^^^^^^^^^^^^^^^^^^^^^^^^^^^^^^^^^^^^^^^^^^
  12 | import { guides as localGuides, guideCategories } from "@/data/guides";
  13 |
  14 | export interface RelatedItem {

The export diaries was not found in module [project]/src/data/diary.ts [app-ssr] (ecmascript).
Did you mean to import diaryEntries?
All exports of the module are statically known (It doesn't have dynamic exports). So it's known statically that the requested export doesn't exist.

Import traces:
  Client Component Browser:
    ./src/lib/relatedContent.ts [Client Component Browser]
    ./src/app/plants/[id]/PlantDetailClient.tsx [Client Component Browser]
    ./src/app/plants/[id]/PlantDetailClient.tsx [Server Component]
    ./src/app/plants/[id]/page.tsx [Server Component]

  Client Component SSR:
    ./src/lib/relatedContent.ts [Client Component SSR]
    ./src/app/plants/[id]/PlantDetailClient.tsx [Client Component SSR]
    ./src/app/plants/[id]/PlantDetailClient.tsx [Server Component]
    ./src/app/plants/[id]/page.tsx [Server Component] @ http://localhost:3001/_next/static/chunks/node_modules_next_dist_0u_w_5s._.js:1945
[   11201ms] [ERROR] ./src/lib/relatedContent.ts:11:1
Export diaries doesn't exist in target module
   9 |  */
  10 |
> 11 | import { diaries as localDiaries, diaryCategories } from "@/data/diary";
     | ^^^^^^^^^^^^^^^^^^^^^^^^^^^^^^^^^^^^^^^^^^^^^^^^^^^^^^^^^^^^^^^^^^^^^^^^
  12 | import { guides as localGuides, guideCategories } from "@/data/guides";
  13 |
  14 | export interface RelatedItem {

The export diaries was not found in module [project]/src/data/diary.ts [app-client] (ecmascript).
Did you mean to import diaryEntries?
All exports of the module are statically known (It doesn't have dynamic exports). So it's known statically that the requested export doesn't exist.

Import traces:
  Client Component Browser:
    ./src/lib/relatedContent.ts [Client Component Browser]
    ./src/app/plants/[id]/PlantDetailClient.tsx [Client Component Browser]
    ./src/app/plants/[id]/PlantDetailClient.tsx [Server Component]
    ./src/app/plants/[id]/page.tsx [Server Component]

  Client Component SSR:
    ./src/lib/relatedContent.ts [Client Component SSR]
    ./src/app/plants/[id]/PlantDetailClient.tsx [Client Component SSR]
    ./src/app/plants/[id]/PlantDetailClient.tsx [Server Component]
    ./src/app/plants/[id]/page.tsx [Server Component] @ http://localhost:3001/_next/static/chunks/node_modules_next_dist_0u_w_5s._.js:1945
[   11202ms] [ERROR] ./src/lib/relatedContent.ts:11:1
Export diaries doesn't exist in target module
   9 |  */
  10 |
> 11 | import { diaries as localDiaries, diaryCategories } from "@/data/diary";
     | ^^^^^^^^^^^^^^^^^^^^^^^^^^^^^^^^^^^^^^^^^^^^^^^^^^^^^^^^^^^^^^^^^^^^^^^^
  12 | import { guides as localGuides, guideCategories } from "@/data/guides";
  13 |
  14 | export interface RelatedItem {

The export diaries was not found in module [project]/src/data/diary.ts [app-ssr] (ecmascript).
Did you mean to import diaryEntries?
All exports of the module are statically known (It doesn't have dynamic exports). So it's known statically that the requested export doesn't exist.

Import traces:
  Client Component Browser:
    ./src/lib/relatedContent.ts [Client Component Browser]
    ./src/app/plants/[id]/PlantDetailClient.tsx [Client Component Browser]
    ./src/app/plants/[id]/PlantDetailClient.tsx [Server Component]
    ./src/app/plants/[id]/page.tsx [Server Component]

  Client Component SSR:
    ./src/lib/relatedContent.ts [Client Component SSR]
    ./src/app/plants/[id]/PlantDetailClient.tsx [Client Component SSR]
    ./src/app/plants/[id]/PlantDetailClient.tsx [Server Component]
    ./src/app/plants/[id]/page.tsx [Server Component] @ http://localhost:3001/_next/static/chunks/node_modules_next_dist_0u_w_5s._.js:1945
[   11249ms] [ERROR] ./src/lib/relatedContent.ts:11:1
Export diaries doesn't exist in target module
   9 |  */
  10 |
> 11 | import { diaries as localDiaries, diaryCategories } from "@/data/diary";
     | ^^^^^^^^^^^^^^^^^^^^^^^^^^^^^^^^^^^^^^^^^^^^^^^^^^^^^^^^^^^^^^^^^^^^^^^^
  12 | import { guides as localGuides, guideCategories } from "@/data/guides";
  13 |
  14 | export interface RelatedItem {

The export diaries was not found in module [project]/src/data/diary.ts [app-client] (ecmascript).
Did you mean to import diaryEntries?
All exports of the module are statically known (It doesn't have dynamic exports). So it's known statically that the requested export doesn't exist.

Import traces:
  Client Component Browser:
    ./src/lib/relatedContent.ts [Client Component Browser]
    ./src/app/plants/[id]/PlantDetailClient.tsx [Client Component Browser]
    ./src/app/plants/[id]/PlantDetailClient.tsx [Server Component]
    ./src/app/plants/[id]/page.tsx [Server Component]

  Client Component SSR:
    ./src/lib/relatedContent.ts [Client Component SSR]
    ./src/app/plants/[id]/PlantDetailClient.tsx [Client Component SSR]
    ./src/app/plants/[id]/PlantDetailClient.tsx [Server Component]
    ./src/app/plants/[id]/page.tsx [Server Component] @ http://localhost:3001/_next/static/chunks/node_modules_next_dist_0u_w_5s._.js:1945
[   11249ms] [ERROR] ./src/lib/relatedContent.ts:11:1
Export diaries doesn't exist in target module
   9 |  */
  10 |
> 11 | import { diaries as localDiaries, diaryCategories } from "@/data/diary";
     | ^^^^^^^^^^^^^^^^^^^^^^^^^^^^^^^^^^^^^^^^^^^^^^^^^^^^^^^^^^^^^^^^^^^^^^^^
  12 | import { guides as localGuides, guideCategories } from "@/data/guides";
  13 |
  14 | export interface RelatedItem {

The export diaries was not found in module [project]/src/data/diary.ts [app-ssr] (ecmascript).
Did you mean to import diaryEntries?
All exports of the module are statically known (It doesn't have dynamic exports). So it's known statically that the requested export doesn't exist.

Import traces:
  Client Component Browser:
    ./src/lib/relatedContent.ts [Client Component Browser]
    ./src/app/plants/[id]/PlantDetailClient.tsx [Client Component Browser]
    ./src/app/plants/[id]/PlantDetailClient.tsx [Server Component]
    ./src/app/plants/[id]/page.tsx [Server Component]

  Client Component SSR:
    ./src/lib/relatedContent.ts [Client Component SSR]
    ./src/app/plants/[id]/PlantDetailClient.tsx [Client Component SSR]
    ./src/app/plants/[id]/PlantDetailClient.tsx [Server Component]
    ./src/app/plants/[id]/page.tsx [Server Component] @ http://localhost:3001/_next/static/chunks/node_modules_next_dist_0u_w_5s._.js:1945
[   11298ms] [ERROR] ./src/lib/relatedContent.ts:11:1
Export diaries doesn't exist in target module
   9 |  */
  10 |
> 11 | import { diaries as localDiaries, diaryCategories } from "@/data/diary";
     | ^^^^^^^^^^^^^^^^^^^^^^^^^^^^^^^^^^^^^^^^^^^^^^^^^^^^^^^^^^^^^^^^^^^^^^^^
  12 | import { guides as localGuides, guideCategories } from "@/data/guides";
  13 |
  14 | export interface RelatedItem {

The export diaries was not found in module [project]/src/data/diary.ts [app-client] (ecmascript).
Did you mean to import diaryEntries?
All exports of the module are statically known (It doesn't have dynamic exports). So it's known statically that the requested export doesn't exist.

Import traces:
  Client Component Browser:
    ./src/lib/relatedContent.ts [Client Component Browser]
    ./src/app/plants/[id]/PlantDetailClient.tsx [Client Component Browser]
    ./src/app/plants/[id]/PlantDetailClient.tsx [Server Component]
    ./src/app/plants/[id]/page.tsx [Server Component]

  Client Component SSR:
    ./src/lib/relatedContent.ts [Client Component SSR]
    ./src/app/plants/[id]/PlantDetailClient.tsx [Client Component SSR]
    ./src/app/plants/[id]/PlantDetailClient.tsx [Server Component]
    ./src/app/plants/[id]/page.tsx [Server Component] @ http://localhost:3001/_next/static/chunks/node_modules_next_dist_0u_w_5s._.js:1945
[   11298ms] [ERROR] ./src/lib/relatedContent.ts:11:1
Export diaries doesn't exist in target module
   9 |  */
  10 |
> 11 | import { diaries as localDiaries, diaryCategories } from "@/data/diary";
     | ^^^^^^^^^^^^^^^^^^^^^^^^^^^^^^^^^^^^^^^^^^^^^^^^^^^^^^^^^^^^^^^^^^^^^^^^
  12 | import { guides as localGuides, guideCategories } from "@/data/guides";
  13 |
  14 | export interface RelatedItem {

The export diaries was not found in module [project]/src/data/diary.ts [app-ssr] (ecmascript).
Did you mean to import diaryEntries?
All exports of the module are statically known (It doesn't have dynamic exports). So it's known statically that the requested export doesn't exist.

Import traces:
  Client Component Browser:
    ./src/lib/relatedContent.ts [Client Component Browser]
    ./src/app/plants/[id]/PlantDetailClient.tsx [Client Component Browser]
    ./src/app/plants/[id]/PlantDetailClient.tsx [Server Component]
    ./src/app/plants/[id]/page.tsx [Server Component]

  Client Component SSR:
    ./src/lib/relatedContent.ts [Client Component SSR]
    ./src/app/plants/[id]/PlantDetailClient.tsx [Client Component SSR]
    ./src/app/plants/[id]/PlantDetailClient.tsx [Server Component]
    ./src/app/plants/[id]/page.tsx [Server Component] @ http://localhost:3001/_next/static/chunks/node_modules_next_dist_0u_w_5s._.js:1945
[   11345ms] [ERROR] ./src/lib/relatedContent.ts:11:1
Export diaries doesn't exist in target module
   9 |  */
  10 |
> 11 | import { diaries as localDiaries, diaryCategories } from "@/data/diary";
     | ^^^^^^^^^^^^^^^^^^^^^^^^^^^^^^^^^^^^^^^^^^^^^^^^^^^^^^^^^^^^^^^^^^^^^^^^
  12 | import { guides as localGuides, guideCategories } from "@/data/guides";
  13 |
  14 | export interface RelatedItem {

The export diaries was not found in module [project]/src/data/diary.ts [app-client] (ecmascript).
Did you mean to import diaryEntries?
All exports of the module are statically known (It doesn't have dynamic exports). So it's known statically that the requested export doesn't exist.

Import traces:
  Client Component Browser:
    ./src/lib/relatedContent.ts [Client Component Browser]
    ./src/app/plants/[id]/PlantDetailClient.tsx [Client Component Browser]
    ./src/app/plants/[id]/PlantDetailClient.tsx [Server Component]
    ./src/app/plants/[id]/page.tsx [Server Component]

  Client Component SSR:
    ./src/lib/relatedContent.ts [Client Component SSR]
    ./src/app/plants/[id]/PlantDetailClient.tsx [Client Component SSR]
    ./src/app/plants/[id]/PlantDetailClient.tsx [Server Component]
    ./src/app/plants/[id]/page.tsx [Server Component] @ http://localhost:3001/_next/static/chunks/node_modules_next_dist_0u_w_5s._.js:1945
[   11345ms] [ERROR] ./src/lib/relatedContent.ts:11:1
Export diaries doesn't exist in target module
   9 |  */
  10 |
> 11 | import { diaries as localDiaries, diaryCategories } from "@/data/diary";
     | ^^^^^^^^^^^^^^^^^^^^^^^^^^^^^^^^^^^^^^^^^^^^^^^^^^^^^^^^^^^^^^^^^^^^^^^^
  12 | import { guides as localGuides, guideCategories } from "@/data/guides";
  13 |
  14 | export interface RelatedItem {

The export diaries was not found in module [project]/src/data/diary.ts [app-ssr] (ecmascript).
Did you mean to import diaryEntries?
All exports of the module are statically known (It doesn't have dynamic exports). So it's known statically that the requested export doesn't exist.

Import traces:
  Client Component Browser:
    ./src/lib/relatedContent.ts [Client Component Browser]
    ./src/app/plants/[id]/PlantDetailClient.tsx [Client Component Browser]
    ./src/app/plants/[id]/PlantDetailClient.tsx [Server Component]
    ./src/app/plants/[id]/page.tsx [Server Component]

  Client Component SSR:
    ./src/lib/relatedContent.ts [Client Component SSR]
    ./src/app/plants/[id]/PlantDetailClient.tsx [Client Component SSR]
    ./src/app/plants/[id]/PlantDetailClient.tsx [Server Component]
    ./src/app/plants/[id]/page.tsx [Server Component] @ http://localhost:3001/_next/static/chunks/node_modules_next_dist_0u_w_5s._.js:1945
[   11392ms] [ERROR] ./src/lib/relatedContent.ts:11:1
Export diaries doesn't exist in target module
   9 |  */
  10 |
> 11 | import { diaries as localDiaries, diaryCategories } from "@/data/diary";
     | ^^^^^^^^^^^^^^^^^^^^^^^^^^^^^^^^^^^^^^^^^^^^^^^^^^^^^^^^^^^^^^^^^^^^^^^^
  12 | import { guides as localGuides, guideCategories } from "@/data/guides";
  13 |
  14 | export interface RelatedItem {

The export diaries was not found in module [project]/src/data/diary.ts [app-client] (ecmascript).
Did you mean to import diaryEntries?
All exports of the module are statically known (It doesn't have dynamic exports). So it's known statically that the requested export doesn't exist.

Import traces:
  Client Component Browser:
    ./src/lib/relatedContent.ts [Client Component Browser]
    ./src/app/plants/[id]/PlantDetailClient.tsx [Client Component Browser]
    ./src/app/plants/[id]/PlantDetailClient.tsx [Server Component]
    ./src/app/plants/[id]/page.tsx [Server Component]

  Client Component SSR:
    ./src/lib/relatedContent.ts [Client Component SSR]
    ./src/app/plants/[id]/PlantDetailClient.tsx [Client Component SSR]
    ./src/app/plants/[id]/PlantDetailClient.tsx [Server Component]
    ./src/app/plants/[id]/page.tsx [Server Component] @ http://localhost:3001/_next/static/chunks/node_modules_next_dist_0u_w_5s._.js:1945
[   11392ms] [ERROR] ./src/lib/relatedContent.ts:11:1
Export diaries doesn't exist in target module
   9 |  */
  10 |
> 11 | import { diaries as localDiaries, diaryCategories } from "@/data/diary";
     | ^^^^^^^^^^^^^^^^^^^^^^^^^^^^^^^^^^^^^^^^^^^^^^^^^^^^^^^^^^^^^^^^^^^^^^^^
  12 | import { guides as localGuides, guideCategories } from "@/data/guides";
  13 |
  14 | export interface RelatedItem {

The export diaries was not found in module [project]/src/data/diary.ts [app-ssr] (ecmascript).
Did you mean to import diaryEntries?
All exports of the module are statically known (It doesn't have dynamic exports). So it's known statically that the requested export doesn't exist.

Import traces:
  Client Component Browser:
    ./src/lib/relatedContent.ts [Client Component Browser]
    ./src/app/plants/[id]/PlantDetailClient.tsx [Client Component Browser]
    ./src/app/plants/[id]/PlantDetailClient.tsx [Server Component]
    ./src/app/plants/[id]/page.tsx [Server Component]

  Client Component SSR:
    ./src/lib/relatedContent.ts [Client Component SSR]
    ./src/app/plants/[id]/PlantDetailClient.tsx [Client Component SSR]
    ./src/app/plants/[id]/PlantDetailClient.tsx [Server Component]
    ./src/app/plants/[id]/page.tsx [Server Component] @ http://localhost:3001/_next/static/chunks/node_modules_next_dist_0u_w_5s._.js:1945
[   11439ms] [ERROR] ./src/lib/relatedContent.ts:11:1
Export diaries doesn't exist in target module
   9 |  */
  10 |
> 11 | import { diaries as localDiaries, diaryCategories } from "@/data/diary";
     | ^^^^^^^^^^^^^^^^^^^^^^^^^^^^^^^^^^^^^^^^^^^^^^^^^^^^^^^^^^^^^^^^^^^^^^^^
  12 | import { guides as localGuides, guideCategories } from "@/data/guides";
  13 |
  14 | export interface RelatedItem {

The export diaries was not found in module [project]/src/data/diary.ts [app-client] (ecmascript).
Did you mean to import diaryEntries?
All exports of the module are statically known (It doesn't have dynamic exports). So it's known statically that the requested export doesn't exist.

Import traces:
  Client Component Browser:
    ./src/lib/relatedContent.ts [Client Component Browser]
    ./src/app/plants/[id]/PlantDetailClient.tsx [Client Component Browser]
    ./src/app/plants/[id]/PlantDetailClient.tsx [Server Component]
    ./src/app/plants/[id]/page.tsx [Server Component]

  Client Component SSR:
    ./src/lib/relatedContent.ts [Client Component SSR]
    ./src/app/plants/[id]/PlantDetailClient.tsx [Client Component SSR]
    ./src/app/plants/[id]/PlantDetailClient.tsx [Server Component]
    ./src/app/plants/[id]/page.tsx [Server Component] @ http://localhost:3001/_next/static/chunks/node_modules_next_dist_0u_w_5s._.js:1945
[   11439ms] [ERROR] ./src/lib/relatedContent.ts:11:1
Export diaries doesn't exist in target module
   9 |  */
  10 |
> 11 | import { diaries as localDiaries, diaryCategories } from "@/data/diary";
     | ^^^^^^^^^^^^^^^^^^^^^^^^^^^^^^^^^^^^^^^^^^^^^^^^^^^^^^^^^^^^^^^^^^^^^^^^
  12 | import { guides as localGuides, guideCategories } from "@/data/guides";
  13 |
  14 | export interface RelatedItem {

The export diaries was not found in module [project]/src/data/diary.ts [app-ssr] (ecmascript).
Did you mean to import diaryEntries?
All exports of the module are statically known (It doesn't have dynamic exports). So it's known statically that the requested export doesn't exist.

Import traces:
  Client Component Browser:
    ./src/lib/relatedContent.ts [Client Component Browser]
    ./src/app/plants/[id]/PlantDetailClient.tsx [Client Component Browser]
    ./src/app/plants/[id]/PlantDetailClient.tsx [Server Component]
    ./src/app/plants/[id]/page.tsx [Server Component]

  Client Component SSR:
    ./src/lib/relatedContent.ts [Client Component SSR]
    ./src/app/plants/[id]/PlantDetailClient.tsx [Client Component SSR]
    ./src/app/plants/[id]/PlantDetailClient.tsx [Server Component]
    ./src/app/plants/[id]/page.tsx [Server Component] @ http://localhost:3001/_next/static/chunks/node_modules_next_dist_0u_w_5s._.js:1945
[   11486ms] [ERROR] ./src/lib/relatedContent.ts:11:1
Export diaries doesn't exist in target module
   9 |  */
  10 |
> 11 | import { diaries as localDiaries, diaryCategories } from "@/data/diary";
     | ^^^^^^^^^^^^^^^^^^^^^^^^^^^^^^^^^^^^^^^^^^^^^^^^^^^^^^^^^^^^^^^^^^^^^^^^
  12 | import { guides as localGuides, guideCategories } from "@/data/guides";
  13 |
  14 | export interface RelatedItem {

The export diaries was not found in module [project]/src/data/diary.ts [app-client] (ecmascript).
Did you mean to import diaryEntries?
All exports of the module are statically known (It doesn't have dynamic exports). So it's known statically that the requested export doesn't exist.

Import traces:
  Client Component Browser:
    ./src/lib/relatedContent.ts [Client Component Browser]
    ./src/app/plants/[id]/PlantDetailClient.tsx [Client Component Browser]
    ./src/app/plants/[id]/PlantDetailClient.tsx [Server Component]
    ./src/app/plants/[id]/page.tsx [Server Component]

  Client Component SSR:
    ./src/lib/relatedContent.ts [Client Component SSR]
    ./src/app/plants/[id]/PlantDetailClient.tsx [Client Component SSR]
    ./src/app/plants/[id]/PlantDetailClient.tsx [Server Component]
    ./src/app/plants/[id]/page.tsx [Server Component] @ http://localhost:3001/_next/static/chunks/node_modules_next_dist_0u_w_5s._.js:1945
[   11486ms] [ERROR] ./src/lib/relatedContent.ts:11:1
Export diaries doesn't exist in target module
   9 |  */
  10 |
> 11 | import { diaries as localDiaries, diaryCategories } from "@/data/diary";
     | ^^^^^^^^^^^^^^^^^^^^^^^^^^^^^^^^^^^^^^^^^^^^^^^^^^^^^^^^^^^^^^^^^^^^^^^^
  12 | import { guides as localGuides, guideCategories } from "@/data/guides";
  13 |
  14 | export interface RelatedItem {

The export diaries was not found in module [project]/src/data/diary.ts [app-ssr] (ecmascript).
Did you mean to import diaryEntries?
All exports of the module are statically known (It doesn't have dynamic exports). So it's known statically that the requested export doesn't exist.

Import traces:
  Client Component Browser:
    ./src/lib/relatedContent.ts [Client Component Browser]
    ./src/app/plants/[id]/PlantDetailClient.tsx [Client Component Browser]
    ./src/app/plants/[id]/PlantDetailClient.tsx [Server Component]
    ./src/app/plants/[id]/page.tsx [Server Component]

  Client Component SSR:
    ./src/lib/relatedContent.ts [Client Component SSR]
    ./src/app/plants/[id]/PlantDetailClient.tsx [Client Component SSR]
    ./src/app/plants/[id]/PlantDetailClient.tsx [Server Component]
    ./src/app/plants/[id]/page.tsx [Server Component] @ http://localhost:3001/_next/static/chunks/node_modules_next_dist_0u_w_5s._.js:1945
[   11534ms] [ERROR] ./src/lib/relatedContent.ts:11:1
Export diaries doesn't exist in target module
   9 |  */
  10 |
> 11 | import { diaries as localDiaries, diaryCategories } from "@/data/diary";
     | ^^^^^^^^^^^^^^^^^^^^^^^^^^^^^^^^^^^^^^^^^^^^^^^^^^^^^^^^^^^^^^^^^^^^^^^^
  12 | import { guides as localGuides, guideCategories } from "@/data/guides";
  13 |
  14 | export interface RelatedItem {

The export diaries was not found in module [project]/src/data/diary.ts [app-client] (ecmascript).
Did you mean to import diaryEntries?
All exports of the module are statically known (It doesn't have dynamic exports). So it's known statically that the requested export doesn't exist.

Import traces:
  Client Component Browser:
    ./src/lib/relatedContent.ts [Client Component Browser]
    ./src/app/plants/[id]/PlantDetailClient.tsx [Client Component Browser]
    ./src/app/plants/[id]/PlantDetailClient.tsx [Server Component]
    ./src/app/plants/[id]/page.tsx [Server Component]

  Client Component SSR:
    ./src/lib/relatedContent.ts [Client Component SSR]
    ./src/app/plants/[id]/PlantDetailClient.tsx [Client Component SSR]
    ./src/app/plants/[id]/PlantDetailClient.tsx [Server Component]
    ./src/app/plants/[id]/page.tsx [Server Component] @ http://localhost:3001/_next/static/chunks/node_modules_next_dist_0u_w_5s._.js:1945
[   11534ms] [ERROR] ./src/lib/relatedContent.ts:11:1
Export diaries doesn't exist in target module
   9 |  */
  10 |
> 11 | import { diaries as localDiaries, diaryCategories } from "@/data/diary";
     | ^^^^^^^^^^^^^^^^^^^^^^^^^^^^^^^^^^^^^^^^^^^^^^^^^^^^^^^^^^^^^^^^^^^^^^^^
  12 | import { guides as localGuides, guideCategories } from "@/data/guides";
  13 |
  14 | export interface RelatedItem {

The export diaries was not found in module [project]/src/data/diary.ts [app-ssr] (ecmascript).
Did you mean to import diaryEntries?
All exports of the module are statically known (It doesn't have dynamic exports). So it's known statically that the requested export doesn't exist.

Import traces:
  Client Component Browser:
    ./src/lib/relatedContent.ts [Client Component Browser]
    ./src/app/plants/[id]/PlantDetailClient.tsx [Client Component Browser]
    ./src/app/plants/[id]/PlantDetailClient.tsx [Server Component]
    ./src/app/plants/[id]/page.tsx [Server Component]

  Client Component SSR:
    ./src/lib/relatedContent.ts [Client Component SSR]
    ./src/app/plants/[id]/PlantDetailClient.tsx [Client Component SSR]
    ./src/app/plants/[id]/PlantDetailClient.tsx [Server Component]
    ./src/app/plants/[id]/page.tsx [Server Component] @ http://localhost:3001/_next/static/chunks/node_modules_next_dist_0u_w_5s._.js:1945
[   11581ms] [ERROR] ./src/lib/relatedContent.ts:11:1
Export diaries doesn't exist in target module
   9 |  */
  10 |
> 11 | import { diaries as localDiaries, diaryCategories } from "@/data/diary";
     | ^^^^^^^^^^^^^^^^^^^^^^^^^^^^^^^^^^^^^^^^^^^^^^^^^^^^^^^^^^^^^^^^^^^^^^^^
  12 | import { guides as localGuides, guideCategories } from "@/data/guides";
  13 |
  14 | export interface RelatedItem {

The export diaries was not found in module [project]/src/data/diary.ts [app-client] (ecmascript).
Did you mean to import diaryEntries?
All exports of the module are statically known (It doesn't have dynamic exports). So it's known statically that the requested export doesn't exist.

Import traces:
  Client Component Browser:
    ./src/lib/relatedContent.ts [Client Component Browser]
    ./src/app/plants/[id]/PlantDetailClient.tsx [Client Component Browser]
    ./src/app/plants/[id]/PlantDetailClient.tsx [Server Component]
    ./src/app/plants/[id]/page.tsx [Server Component]

  Client Component SSR:
    ./src/lib/relatedContent.ts [Client Component SSR]
    ./src/app/plants/[id]/PlantDetailClient.tsx [Client Component SSR]
    ./src/app/plants/[id]/PlantDetailClient.tsx [Server Component]
    ./src/app/plants/[id]/page.tsx [Server Component] @ http://localhost:3001/_next/static/chunks/node_modules_next_dist_0u_w_5s._.js:1945
[   11581ms] [ERROR] ./src/lib/relatedContent.ts:11:1
Export diaries doesn't exist in target module
   9 |  */
  10 |
> 11 | import { diaries as localDiaries, diaryCategories } from "@/data/diary";
     | ^^^^^^^^^^^^^^^^^^^^^^^^^^^^^^^^^^^^^^^^^^^^^^^^^^^^^^^^^^^^^^^^^^^^^^^^
  12 | import { guides as localGuides, guideCategories } from "@/data/guides";
  13 |
  14 | export interface RelatedItem {

The export diaries was not found in module [project]/src/data/diary.ts [app-ssr] (ecmascript).
Did you mean to import diaryEntries?
All exports of the module are statically known (It doesn't have dynamic exports). So it's known statically that the requested export doesn't exist.

Import traces:
  Client Component Browser:
    ./src/lib/relatedContent.ts [Client Component Browser]
    ./src/app/plants/[id]/PlantDetailClient.tsx [Client Component Browser]
    ./src/app/plants/[id]/PlantDetailClient.tsx [Server Component]
    ./src/app/plants/[id]/page.tsx [Server Component]

  Client Component SSR:
    ./src/lib/relatedContent.ts [Client Component SSR]
    ./src/app/plants/[id]/PlantDetailClient.tsx [Client Component SSR]
    ./src/app/plants/[id]/PlantDetailClient.tsx [Server Component]
    ./src/app/plants/[id]/page.tsx [Server Component] @ http://localhost:3001/_next/static/chunks/node_modules_next_dist_0u_w_5s._.js:1945
[   11629ms] [ERROR] ./src/lib/relatedContent.ts:11:1
Export diaries doesn't exist in target module
   9 |  */
  10 |
> 11 | import { diaries as localDiaries, diaryCategories } from "@/data/diary";
     | ^^^^^^^^^^^^^^^^^^^^^^^^^^^^^^^^^^^^^^^^^^^^^^^^^^^^^^^^^^^^^^^^^^^^^^^^
  12 | import { guides as localGuides, guideCategories } from "@/data/guides";
  13 |
  14 | export interface RelatedItem {

The export diaries was not found in module [project]/src/data/diary.ts [app-client] (ecmascript).
Did you mean to import diaryEntries?
All exports of the module are statically known (It doesn't have dynamic exports). So it's known statically that the requested export doesn't exist.

Import traces:
  Client Component Browser:
    ./src/lib/relatedContent.ts [Client Component Browser]
    ./src/app/plants/[id]/PlantDetailClient.tsx [Client Component Browser]
    ./src/app/plants/[id]/PlantDetailClient.tsx [Server Component]
    ./src/app/plants/[id]/page.tsx [Server Component]

  Client Component SSR:
    ./src/lib/relatedContent.ts [Client Component SSR]
    ./src/app/plants/[id]/PlantDetailClient.tsx [Client Component SSR]
    ./src/app/plants/[id]/PlantDetailClient.tsx [Server Component]
    ./src/app/plants/[id]/page.tsx [Server Component] @ http://localhost:3001/_next/static/chunks/node_modules_next_dist_0u_w_5s._.js:1945
[   11629ms] [ERROR] ./src/lib/relatedContent.ts:11:1
Export diaries doesn't exist in target module
   9 |  */
  10 |
> 11 | import { diaries as localDiaries, diaryCategories } from "@/data/diary";
     | ^^^^^^^^^^^^^^^^^^^^^^^^^^^^^^^^^^^^^^^^^^^^^^^^^^^^^^^^^^^^^^^^^^^^^^^^
  12 | import { guides as localGuides, guideCategories } from "@/data/guides";
  13 |
  14 | export interface RelatedItem {

The export diaries was not found in module [project]/src/data/diary.ts [app-ssr] (ecmascript).
Did you mean to import diaryEntries?
All exports of the module are statically known (It doesn't have dynamic exports). So it's known statically that the requested export doesn't exist.

Import traces:
  Client Component Browser:
    ./src/lib/relatedContent.ts [Client Component Browser]
    ./src/app/plants/[id]/PlantDetailClient.tsx [Client Component Browser]
    ./src/app/plants/[id]/PlantDetailClient.tsx [Server Component]
    ./src/app/plants/[id]/page.tsx [Server Component]

  Client Component SSR:
    ./src/lib/relatedContent.ts [Client Component SSR]
    ./src/app/plants/[id]/PlantDetailClient.tsx [Client Component SSR]
    ./src/app/plants/[id]/PlantDetailClient.tsx [Server Component]
    ./src/app/plants/[id]/page.tsx [Server Component] @ http://localhost:3001/_next/static/chunks/node_modules_next_dist_0u_w_5s._.js:1945
[   11677ms] [ERROR] ./src/lib/relatedContent.ts:11:1
Export diaries doesn't exist in target module
   9 |  */
  10 |
> 11 | import { diaries as localDiaries, diaryCategories } from "@/data/diary";
     | ^^^^^^^^^^^^^^^^^^^^^^^^^^^^^^^^^^^^^^^^^^^^^^^^^^^^^^^^^^^^^^^^^^^^^^^^
  12 | import { guides as localGuides, guideCategories } from "@/data/guides";
  13 |
  14 | export interface RelatedItem {

The export diaries was not found in module [project]/src/data/diary.ts [app-client] (ecmascript).
Did you mean to import diaryEntries?
All exports of the module are statically known (It doesn't have dynamic exports). So it's known statically that the requested export doesn't exist.

Import traces:
  Client Component Browser:
    ./src/lib/relatedContent.ts [Client Component Browser]
    ./src/app/plants/[id]/PlantDetailClient.tsx [Client Component Browser]
    ./src/app/plants/[id]/PlantDetailClient.tsx [Server Component]
    ./src/app/plants/[id]/page.tsx [Server Component]

  Client Component SSR:
    ./src/lib/relatedContent.ts [Client Component SSR]
    ./src/app/plants/[id]/PlantDetailClient.tsx [Client Component SSR]
    ./src/app/plants/[id]/PlantDetailClient.tsx [Server Component]
    ./src/app/plants/[id]/page.tsx [Server Component] @ http://localhost:3001/_next/static/chunks/node_modules_next_dist_0u_w_5s._.js:1945
[   11677ms] [ERROR] ./src/lib/relatedContent.ts:11:1
Export diaries doesn't exist in target module
   9 |  */
  10 |
> 11 | import { diaries as localDiaries, diaryCategories } from "@/data/diary";
     | ^^^^^^^^^^^^^^^^^^^^^^^^^^^^^^^^^^^^^^^^^^^^^^^^^^^^^^^^^^^^^^^^^^^^^^^^
  12 | import { guides as localGuides, guideCategories } from "@/data/guides";
  13 |
  14 | export interface RelatedItem {

The export diaries was not found in module [project]/src/data/diary.ts [app-ssr] (ecmascript).
Did you mean to import diaryEntries?
All exports of the module are statically known (It doesn't have dynamic exports). So it's known statically that the requested export doesn't exist.

Import traces:
  Client Component Browser:
    ./src/lib/relatedContent.ts [Client Component Browser]
    ./src/app/plants/[id]/PlantDetailClient.tsx [Client Component Browser]
    ./src/app/plants/[id]/PlantDetailClient.tsx [Server Component]
    ./src/app/plants/[id]/page.tsx [Server Component]

  Client Component SSR:
    ./src/lib/relatedContent.ts [Client Component SSR]
    ./src/app/plants/[id]/PlantDetailClient.tsx [Client Component SSR]
    ./src/app/plants/[id]/PlantDetailClient.tsx [Server Component]
    ./src/app/plants/[id]/page.tsx [Server Component] @ http://localhost:3001/_next/static/chunks/node_modules_next_dist_0u_w_5s._.js:1945
[   11725ms] [ERROR] ./src/lib/relatedContent.ts:11:1
Export diaries doesn't exist in target module
   9 |  */
  10 |
> 11 | import { diaries as localDiaries, diaryCategories } from "@/data/diary";
     | ^^^^^^^^^^^^^^^^^^^^^^^^^^^^^^^^^^^^^^^^^^^^^^^^^^^^^^^^^^^^^^^^^^^^^^^^
  12 | import { guides as localGuides, guideCategories } from "@/data/guides";
  13 |
  14 | export interface RelatedItem {

The export diaries was not found in module [project]/src/data/diary.ts [app-client] (ecmascript).
Did you mean to import diaryEntries?
All exports of the module are statically known (It doesn't have dynamic exports). So it's known statically that the requested export doesn't exist.

Import traces:
  Client Component Browser:
    ./src/lib/relatedContent.ts [Client Component Browser]
    ./src/app/plants/[id]/PlantDetailClient.tsx [Client Component Browser]
    ./src/app/plants/[id]/PlantDetailClient.tsx [Server Component]
    ./src/app/plants/[id]/page.tsx [Server Component]

  Client Component SSR:
    ./src/lib/relatedContent.ts [Client Component SSR]
    ./src/app/plants/[id]/PlantDetailClient.tsx [Client Component SSR]
    ./src/app/plants/[id]/PlantDetailClient.tsx [Server Component]
    ./src/app/plants/[id]/page.tsx [Server Component] @ http://localhost:3001/_next/static/chunks/node_modules_next_dist_0u_w_5s._.js:1945
[   11725ms] [ERROR] ./src/lib/relatedContent.ts:11:1
Export diaries doesn't exist in target module
   9 |  */
  10 |
> 11 | import { diaries as localDiaries, diaryCategories } from "@/data/diary";
     | ^^^^^^^^^^^^^^^^^^^^^^^^^^^^^^^^^^^^^^^^^^^^^^^^^^^^^^^^^^^^^^^^^^^^^^^^
  12 | import { guides as localGuides, guideCategories } from "@/data/guides";
  13 |
  14 | export interface RelatedItem {

The export diaries was not found in module [project]/src/data/diary.ts [app-ssr] (ecmascript).
Did you mean to import diaryEntries?
All exports of the module are statically known (It doesn't have dynamic exports). So it's known statically that the requested export doesn't exist.

Import traces:
  Client Component Browser:
    ./src/lib/relatedContent.ts [Client Component Browser]
    ./src/app/plants/[id]/PlantDetailClient.tsx [Client Component Browser]
    ./src/app/plants/[id]/PlantDetailClient.tsx [Server Component]
    ./src/app/plants/[id]/page.tsx [Server Component]

  Client Component SSR:
    ./src/lib/relatedContent.ts [Client Component SSR]
    ./src/app/plants/[id]/PlantDetailClient.tsx [Client Component SSR]
    ./src/app/plants/[id]/PlantDetailClient.tsx [Server Component]
    ./src/app/plants/[id]/page.tsx [Server Component] @ http://localhost:3001/_next/static/chunks/node_modules_next_dist_0u_w_5s._.js:1945
[   11773ms] [ERROR] ./src/lib/relatedContent.ts:11:1
Export diaries doesn't exist in target module
   9 |  */
  10 |
> 11 | import { diaries as localDiaries, diaryCategories } from "@/data/diary";
     | ^^^^^^^^^^^^^^^^^^^^^^^^^^^^^^^^^^^^^^^^^^^^^^^^^^^^^^^^^^^^^^^^^^^^^^^^
  12 | import { guides as localGuides, guideCategories } from "@/data/guides";
  13 |
  14 | export interface RelatedItem {

The export diaries was not found in module [project]/src/data/diary.ts [app-client] (ecmascript).
Did you mean to import diaryEntries?
All exports of the module are statically known (It doesn't have dynamic exports). So it's known statically that the requested export doesn't exist.

Import traces:
  Client Component Browser:
    ./src/lib/relatedContent.ts [Client Component Browser]
    ./src/app/plants/[id]/PlantDetailClient.tsx [Client Component Browser]
    ./src/app/plants/[id]/PlantDetailClient.tsx [Server Component]
    ./src/app/plants/[id]/page.tsx [Server Component]

  Client Component SSR:
    ./src/lib/relatedContent.ts [Client Component SSR]
    ./src/app/plants/[id]/PlantDetailClient.tsx [Client Component SSR]
    ./src/app/plants/[id]/PlantDetailClient.tsx [Server Component]
    ./src/app/plants/[id]/page.tsx [Server Component] @ http://localhost:3001/_next/static/chunks/node_modules_next_dist_0u_w_5s._.js:1945
[   11773ms] [ERROR] ./src/lib/relatedContent.ts:11:1
Export diaries doesn't exist in target module
   9 |  */
  10 |
> 11 | import { diaries as localDiaries, diaryCategories } from "@/data/diary";
     | ^^^^^^^^^^^^^^^^^^^^^^^^^^^^^^^^^^^^^^^^^^^^^^^^^^^^^^^^^^^^^^^^^^^^^^^^
  12 | import { guides as localGuides, guideCategories } from "@/data/guides";
  13 |
  14 | export interface RelatedItem {

The export diaries was not found in module [project]/src/data/diary.ts [app-ssr] (ecmascript).
Did you mean to import diaryEntries?
All exports of the module are statically known (It doesn't have dynamic exports). So it's known statically that the requested export doesn't exist.

Import traces:
  Client Component Browser:
    ./src/lib/relatedContent.ts [Client Component Browser]
    ./src/app/plants/[id]/PlantDetailClient.tsx [Client Component Browser]
    ./src/app/plants/[id]/PlantDetailClient.tsx [Server Component]
    ./src/app/plants/[id]/page.tsx [Server Component]

  Client Component SSR:
    ./src/lib/relatedContent.ts [Client Component SSR]
    ./src/app/plants/[id]/PlantDetailClient.tsx [Client Component SSR]
    ./src/app/plants/[id]/PlantDetailClient.tsx [Server Component]
    ./src/app/plants/[id]/page.tsx [Server Component] @ http://localhost:3001/_next/static/chunks/node_modules_next_dist_0u_w_5s._.js:1945
[   11822ms] [ERROR] ./src/lib/relatedContent.ts:11:1
Export diaries doesn't exist in target module
   9 |  */
  10 |
> 11 | import { diaries as localDiaries, diaryCategories } from "@/data/diary";
     | ^^^^^^^^^^^^^^^^^^^^^^^^^^^^^^^^^^^^^^^^^^^^^^^^^^^^^^^^^^^^^^^^^^^^^^^^
  12 | import { guides as localGuides, guideCategories } from "@/data/guides";
  13 |
  14 | export interface RelatedItem {

The export diaries was not found in module [project]/src/data/diary.ts [app-client] (ecmascript).
Did you mean to import diaryEntries?
All exports of the module are statically known (It doesn't have dynamic exports). So it's known statically that the requested export doesn't exist.

Import traces:
  Client Component Browser:
    ./src/lib/relatedContent.ts [Client Component Browser]
    ./src/app/plants/[id]/PlantDetailClient.tsx [Client Component Browser]
    ./src/app/plants/[id]/PlantDetailClient.tsx [Server Component]
    ./src/app/plants/[id]/page.tsx [Server Component]

  Client Component SSR:
    ./src/lib/relatedContent.ts [Client Component SSR]
    ./src/app/plants/[id]/PlantDetailClient.tsx [Client Component SSR]
    ./src/app/plants/[id]/PlantDetailClient.tsx [Server Component]
    ./src/app/plants/[id]/page.tsx [Server Component] @ http://localhost:3001/_next/static/chunks/node_modules_next_dist_0u_w_5s._.js:1945
[   11822ms] [ERROR] ./src/lib/relatedContent.ts:11:1
Export diaries doesn't exist in target module
   9 |  */
  10 |
> 11 | import { diaries as localDiaries, diaryCategories } from "@/data/diary";
     | ^^^^^^^^^^^^^^^^^^^^^^^^^^^^^^^^^^^^^^^^^^^^^^^^^^^^^^^^^^^^^^^^^^^^^^^^
  12 | import { guides as localGuides, guideCategories } from "@/data/guides";
  13 |
  14 | export interface RelatedItem {

The export diaries was not found in module [project]/src/data/diary.ts [app-ssr] (ecmascript).
Did you mean to import diaryEntries?
All exports of the module are statically known (It doesn't have dynamic exports). So it's known statically that the requested export doesn't exist.

Import traces:
  Client Component Browser:
    ./src/lib/relatedContent.ts [Client Component Browser]
    ./src/app/plants/[id]/PlantDetailClient.tsx [Client Component Browser]
    ./src/app/plants/[id]/PlantDetailClient.tsx [Server Component]
    ./src/app/plants/[id]/page.tsx [Server Component]

  Client Component SSR:
    ./src/lib/relatedContent.ts [Client Component SSR]
    ./src/app/plants/[id]/PlantDetailClient.tsx [Client Component SSR]
    ./src/app/plants/[id]/PlantDetailClient.tsx [Server Component]
    ./src/app/plants/[id]/page.tsx [Server Component] @ http://localhost:3001/_next/static/chunks/node_modules_next_dist_0u_w_5s._.js:1945
[   11868ms] [ERROR] ./src/lib/relatedContent.ts:11:1
Export diaries doesn't exist in target module
   9 |  */
  10 |
> 11 | import { diaries as localDiaries, diaryCategories } from "@/data/diary";
     | ^^^^^^^^^^^^^^^^^^^^^^^^^^^^^^^^^^^^^^^^^^^^^^^^^^^^^^^^^^^^^^^^^^^^^^^^
  12 | import { guides as localGuides, guideCategories } from "@/data/guides";
  13 |
  14 | export interface RelatedItem {

The export diaries was not found in module [project]/src/data/diary.ts [app-client] (ecmascript).
Did you mean to import diaryEntries?
All exports of the module are statically known (It doesn't have dynamic exports). So it's known statically that the requested export doesn't exist.

Import traces:
  Client Component Browser:
    ./src/lib/relatedContent.ts [Client Component Browser]
    ./src/app/plants/[id]/PlantDetailClient.tsx [Client Component Browser]
    ./src/app/plants/[id]/PlantDetailClient.tsx [Server Component]
    ./src/app/plants/[id]/page.tsx [Server Component]

  Client Component SSR:
    ./src/lib/relatedContent.ts [Client Component SSR]
    ./src/app/plants/[id]/PlantDetailClient.tsx [Client Component SSR]
    ./src/app/plants/[id]/PlantDetailClient.tsx [Server Component]
    ./src/app/plants/[id]/page.tsx [Server Component] @ http://localhost:3001/_next/static/chunks/node_modules_next_dist_0u_w_5s._.js:1945
[   11868ms] [ERROR] ./src/lib/relatedContent.ts:11:1
Export diaries doesn't exist in target module
   9 |  */
  10 |
> 11 | import { diaries as localDiaries, diaryCategories } from "@/data/diary";
     | ^^^^^^^^^^^^^^^^^^^^^^^^^^^^^^^^^^^^^^^^^^^^^^^^^^^^^^^^^^^^^^^^^^^^^^^^
  12 | import { guides as localGuides, guideCategories } from "@/data/guides";
  13 |
  14 | export interface RelatedItem {

The export diaries was not found in module [project]/src/data/diary.ts [app-ssr] (ecmascript).
Did you mean to import diaryEntries?
All exports of the module are statically known (It doesn't have dynamic exports). So it's known statically that the requested export doesn't exist.

Import traces:
  Client Component Browser:
    ./src/lib/relatedContent.ts [Client Component Browser]
    ./src/app/plants/[id]/PlantDetailClient.tsx [Client Component Browser]
    ./src/app/plants/[id]/PlantDetailClient.tsx [Server Component]
    ./src/app/plants/[id]/page.tsx [Server Component]

  Client Component SSR:
    ./src/lib/relatedContent.ts [Client Component SSR]
    ./src/app/plants/[id]/PlantDetailClient.tsx [Client Component SSR]
    ./src/app/plants/[id]/PlantDetailClient.tsx [Server Component]
    ./src/app/plants/[id]/page.tsx [Server Component] @ http://localhost:3001/_next/static/chunks/node_modules_next_dist_0u_w_5s._.js:1945
[   11913ms] [ERROR] ./src/lib/relatedContent.ts:11:1
Export diaries doesn't exist in target module
   9 |  */
  10 |
> 11 | import { diaries as localDiaries, diaryCategories } from "@/data/diary";
     | ^^^^^^^^^^^^^^^^^^^^^^^^^^^^^^^^^^^^^^^^^^^^^^^^^^^^^^^^^^^^^^^^^^^^^^^^
  12 | import { guides as localGuides, guideCategories } from "@/data/guides";
  13 |
  14 | export interface RelatedItem {

The export diaries was not found in module [project]/src/data/diary.ts [app-client] (ecmascript).
Did you mean to import diaryEntries?
All exports of the module are statically known (It doesn't have dynamic exports). So it's known statically that the requested export doesn't exist.

Import traces:
  Client Component Browser:
    ./src/lib/relatedContent.ts [Client Component Browser]
    ./src/app/plants/[id]/PlantDetailClient.tsx [Client Component Browser]
    ./src/app/plants/[id]/PlantDetailClient.tsx [Server Component]
    ./src/app/plants/[id]/page.tsx [Server Component]

  Client Component SSR:
    ./src/lib/relatedContent.ts [Client Component SSR]
    ./src/app/plants/[id]/PlantDetailClient.tsx [Client Component SSR]
    ./src/app/plants/[id]/PlantDetailClient.tsx [Server Component]
    ./src/app/plants/[id]/page.tsx [Server Component] @ http://localhost:3001/_next/static/chunks/node_modules_next_dist_0u_w_5s._.js:1945
[   11913ms] [ERROR] ./src/lib/relatedContent.ts:11:1
Export diaries doesn't exist in target module
   9 |  */
  10 |
> 11 | import { diaries as localDiaries, diaryCategories } from "@/data/diary";
     | ^^^^^^^^^^^^^^^^^^^^^^^^^^^^^^^^^^^^^^^^^^^^^^^^^^^^^^^^^^^^^^^^^^^^^^^^
  12 | import { guides as localGuides, guideCategories } from "@/data/guides";
  13 |
  14 | export interface RelatedItem {

The export diaries was not found in module [project]/src/data/diary.ts [app-ssr] (ecmascript).
Did you mean to import diaryEntries?
All exports of the module are statically known (It doesn't have dynamic exports). So it's known statically that the requested export doesn't exist.

Import traces:
  Client Component Browser:
    ./src/lib/relatedContent.ts [Client Component Browser]
    ./src/app/plants/[id]/PlantDetailClient.tsx [Client Component Browser]
    ./src/app/plants/[id]/PlantDetailClient.tsx [Server Component]
    ./src/app/plants/[id]/page.tsx [Server Component]

  Client Component SSR:
    ./src/lib/relatedContent.ts [Client Component SSR]
    ./src/app/plants/[id]/PlantDetailClient.tsx [Client Component SSR]
    ./src/app/plants/[id]/PlantDetailClient.tsx [Server Component]
    ./src/app/plants/[id]/page.tsx [Server Component] @ http://localhost:3001/_next/static/chunks/node_modules_next_dist_0u_w_5s._.js:1945
[   11960ms] [ERROR] ./src/lib/relatedContent.ts:11:1
Export diaries doesn't exist in target module
   9 |  */
  10 |
> 11 | import { diaries as localDiaries, diaryCategories } from "@/data/diary";
     | ^^^^^^^^^^^^^^^^^^^^^^^^^^^^^^^^^^^^^^^^^^^^^^^^^^^^^^^^^^^^^^^^^^^^^^^^
  12 | import { guides as localGuides, guideCategories } from "@/data/guides";
  13 |
  14 | export interface RelatedItem {

The export diaries was not found in module [project]/src/data/diary.ts [app-client] (ecmascript).
Did you mean to import diaryEntries?
All exports of the module are statically known (It doesn't have dynamic exports). So it's known statically that the requested export doesn't exist.

Import traces:
  Client Component Browser:
    ./src/lib/relatedContent.ts [Client Component Browser]
    ./src/app/plants/[id]/PlantDetailClient.tsx [Client Component Browser]
    ./src/app/plants/[id]/PlantDetailClient.tsx [Server Component]
    ./src/app/plants/[id]/page.tsx [Server Component]

  Client Component SSR:
    ./src/lib/relatedContent.ts [Client Component SSR]
    ./src/app/plants/[id]/PlantDetailClient.tsx [Client Component SSR]
    ./src/app/plants/[id]/PlantDetailClient.tsx [Server Component]
    ./src/app/plants/[id]/page.tsx [Server Component] @ http://localhost:3001/_next/static/chunks/node_modules_next_dist_0u_w_5s._.js:1945
[   11961ms] [ERROR] ./src/lib/relatedContent.ts:11:1
Export diaries doesn't exist in target module
   9 |  */
  10 |
> 11 | import { diaries as localDiaries, diaryCategories } from "@/data/diary";
     | ^^^^^^^^^^^^^^^^^^^^^^^^^^^^^^^^^^^^^^^^^^^^^^^^^^^^^^^^^^^^^^^^^^^^^^^^
  12 | import { guides as localGuides, guideCategories } from "@/data/guides";
  13 |
  14 | export interface RelatedItem {

The export diaries was not found in module [project]/src/data/diary.ts [app-ssr] (ecmascript).
Did you mean to import diaryEntries?
All exports of the module are statically known (It doesn't have dynamic exports). So it's known statically that the requested export doesn't exist.

Import traces:
  Client Component Browser:
    ./src/lib/relatedContent.ts [Client Component Browser]
    ./src/app/plants/[id]/PlantDetailClient.tsx [Client Component Browser]
    ./src/app/plants/[id]/PlantDetailClient.tsx [Server Component]
    ./src/app/plants/[id]/page.tsx [Server Component]

  Client Component SSR:
    ./src/lib/relatedContent.ts [Client Component SSR]
    ./src/app/plants/[id]/PlantDetailClient.tsx [Client Component SSR]
    ./src/app/plants/[id]/PlantDetailClient.tsx [Server Component]
    ./src/app/plants/[id]/page.tsx [Server Component] @ http://localhost:3001/_next/static/chunks/node_modules_next_dist_0u_w_5s._.js:1945
[   12006ms] [ERROR] ./src/lib/relatedContent.ts:11:1
Export diaries doesn't exist in target module
   9 |  */
  10 |
> 11 | import { diaries as localDiaries, diaryCategories } from "@/data/diary";
     | ^^^^^^^^^^^^^^^^^^^^^^^^^^^^^^^^^^^^^^^^^^^^^^^^^^^^^^^^^^^^^^^^^^^^^^^^
  12 | import { guides as localGuides, guideCategories } from "@/data/guides";
  13 |
  14 | export interface RelatedItem {

The export diaries was not found in module [project]/src/data/diary.ts [app-client] (ecmascript).
Did you mean to import diaryEntries?
All exports of the module are statically known (It doesn't have dynamic exports). So it's known statically that the requested export doesn't exist.

Import traces:
  Client Component Browser:
    ./src/lib/relatedContent.ts [Client Component Browser]
    ./src/app/plants/[id]/PlantDetailClient.tsx [Client Component Browser]
    ./src/app/plants/[id]/PlantDetailClient.tsx [Server Component]
    ./src/app/plants/[id]/page.tsx [Server Component]

  Client Component SSR:
    ./src/lib/relatedContent.ts [Client Component SSR]
    ./src/app/plants/[id]/PlantDetailClient.tsx [Client Component SSR]
    ./src/app/plants/[id]/PlantDetailClient.tsx [Server Component]
    ./src/app/plants/[id]/page.tsx [Server Component] @ http://localhost:3001/_next/static/chunks/node_modules_next_dist_0u_w_5s._.js:1945
[   12006ms] [ERROR] ./src/lib/relatedContent.ts:11:1
Export diaries doesn't exist in target module
   9 |  */
  10 |
> 11 | import { diaries as localDiaries, diaryCategories } from "@/data/diary";
     | ^^^^^^^^^^^^^^^^^^^^^^^^^^^^^^^^^^^^^^^^^^^^^^^^^^^^^^^^^^^^^^^^^^^^^^^^
  12 | import { guides as localGuides, guideCategories } from "@/data/guides";
  13 |
  14 | export interface RelatedItem {

The export diaries was not found in module [project]/src/data/diary.ts [app-ssr] (ecmascript).
Did you mean to import diaryEntries?
All exports of the module are statically known (It doesn't have dynamic exports). So it's known statically that the requested export doesn't exist.

Import traces:
  Client Component Browser:
    ./src/lib/relatedContent.ts [Client Component Browser]
    ./src/app/plants/[id]/PlantDetailClient.tsx [Client Component Browser]
    ./src/app/plants/[id]/PlantDetailClient.tsx [Server Component]
    ./src/app/plants/[id]/page.tsx [Server Component]

  Client Component SSR:
    ./src/lib/relatedContent.ts [Client Component SSR]
    ./src/app/plants/[id]/PlantDetailClient.tsx [Client Component SSR]
    ./src/app/plants/[id]/PlantDetailClient.tsx [Server Component]
    ./src/app/plants/[id]/page.tsx [Server Component] @ http://localhost:3001/_next/static/chunks/node_modules_next_dist_0u_w_5s._.js:1945
[   12053ms] [ERROR] ./src/lib/relatedContent.ts:11:1
Export diaries doesn't exist in target module
   9 |  */
  10 |
> 11 | import { diaries as localDiaries, diaryCategories } from "@/data/diary";
     | ^^^^^^^^^^^^^^^^^^^^^^^^^^^^^^^^^^^^^^^^^^^^^^^^^^^^^^^^^^^^^^^^^^^^^^^^
  12 | import { guides as localGuides, guideCategories } from "@/data/guides";
  13 |
  14 | export interface RelatedItem {

The export diaries was not found in module [project]/src/data/diary.ts [app-client] (ecmascript).
Did you mean to import diaryEntries?
All exports of the module are statically known (It doesn't have dynamic exports). So it's known statically that the requested export doesn't exist.

Import traces:
  Client Component Browser:
    ./src/lib/relatedContent.ts [Client Component Browser]
    ./src/app/plants/[id]/PlantDetailClient.tsx [Client Component Browser]
    ./src/app/plants/[id]/PlantDetailClient.tsx [Server Component]
    ./src/app/plants/[id]/page.tsx [Server Component]

  Client Component SSR:
    ./src/lib/relatedContent.ts [Client Component SSR]
    ./src/app/plants/[id]/PlantDetailClient.tsx [Client Component SSR]
    ./src/app/plants/[id]/PlantDetailClient.tsx [Server Component]
    ./src/app/plants/[id]/page.tsx [Server Component] @ http://localhost:3001/_next/static/chunks/node_modules_next_dist_0u_w_5s._.js:1945
[   12053ms] [ERROR] ./src/lib/relatedContent.ts:11:1
Export diaries doesn't exist in target module
   9 |  */
  10 |
> 11 | import { diaries as localDiaries, diaryCategories } from "@/data/diary";
     | ^^^^^^^^^^^^^^^^^^^^^^^^^^^^^^^^^^^^^^^^^^^^^^^^^^^^^^^^^^^^^^^^^^^^^^^^
  12 | import { guides as localGuides, guideCategories } from "@/data/guides";
  13 |
  14 | export interface RelatedItem {

The export diaries was not found in module [project]/src/data/diary.ts [app-ssr] (ecmascript).
Did you mean to import diaryEntries?
All exports of the module are statically known (It doesn't have dynamic exports). So it's known statically that the requested export doesn't exist.

Import traces:
  Client Component Browser:
    ./src/lib/relatedContent.ts [Client Component Browser]
    ./src/app/plants/[id]/PlantDetailClient.tsx [Client Component Browser]
    ./src/app/plants/[id]/PlantDetailClient.tsx [Server Component]
    ./src/app/plants/[id]/page.tsx [Server Component]

  Client Component SSR:
    ./src/lib/relatedContent.ts [Client Component SSR]
    ./src/app/plants/[id]/PlantDetailClient.tsx [Client Component SSR]
    ./src/app/plants/[id]/PlantDetailClient.tsx [Server Component]
    ./src/app/plants/[id]/page.tsx [Server Component] @ http://localhost:3001/_next/static/chunks/node_modules_next_dist_0u_w_5s._.js:1945
[   12099ms] [ERROR] ./src/lib/relatedContent.ts:11:1
Export diaries doesn't exist in target module
   9 |  */
  10 |
> 11 | import { diaries as localDiaries, diaryCategories } from "@/data/diary";
     | ^^^^^^^^^^^^^^^^^^^^^^^^^^^^^^^^^^^^^^^^^^^^^^^^^^^^^^^^^^^^^^^^^^^^^^^^
  12 | import { guides as localGuides, guideCategories } from "@/data/guides";
  13 |
  14 | export interface RelatedItem {

The export diaries was not found in module [project]/src/data/diary.ts [app-client] (ecmascript).
Did you mean to import diaryEntries?
All exports of the module are statically known (It doesn't have dynamic exports). So it's known statically that the requested export doesn't exist.

Import traces:
  Client Component Browser:
    ./src/lib/relatedContent.ts [Client Component Browser]
    ./src/app/plants/[id]/PlantDetailClient.tsx [Client Component Browser]
    ./src/app/plants/[id]/PlantDetailClient.tsx [Server Component]
    ./src/app/plants/[id]/page.tsx [Server Component]

  Client Component SSR:
    ./src/lib/relatedContent.ts [Client Component SSR]
    ./src/app/plants/[id]/PlantDetailClient.tsx [Client Component SSR]
    ./src/app/plants/[id]/PlantDetailClient.tsx [Server Component]
    ./src/app/plants/[id]/page.tsx [Server Component] @ http://localhost:3001/_next/static/chunks/node_modules_next_dist_0u_w_5s._.js:1945
[   12099ms] [ERROR] ./src/lib/relatedContent.ts:11:1
Export diaries doesn't exist in target module
   9 |  */
  10 |
> 11 | import { diaries as localDiaries, diaryCategories } from "@/data/diary";
     | ^^^^^^^^^^^^^^^^^^^^^^^^^^^^^^^^^^^^^^^^^^^^^^^^^^^^^^^^^^^^^^^^^^^^^^^^
  12 | import { guides as localGuides, guideCategories } from "@/data/guides";
  13 |
  14 | export interface RelatedItem {

The export diaries was not found in module [project]/src/data/diary.ts [app-ssr] (ecmascript).
Did you mean to import diaryEntries?
All exports of the module are statically known (It doesn't have dynamic exports). So it's known statically that the requested export doesn't exist.

Import traces:
  Client Component Browser:
    ./src/lib/relatedContent.ts [Client Component Browser]
    ./src/app/plants/[id]/PlantDetailClient.tsx [Client Component Browser]
    ./src/app/plants/[id]/PlantDetailClient.tsx [Server Component]
    ./src/app/plants/[id]/page.tsx [Server Component]

  Client Component SSR:
    ./src/lib/relatedContent.ts [Client Component SSR]
    ./src/app/plants/[id]/PlantDetailClient.tsx [Client Component SSR]
    ./src/app/plants/[id]/PlantDetailClient.tsx [Server Component]
    ./src/app/plants/[id]/page.tsx [Server Component] @ http://localhost:3001/_next/static/chunks/node_modules_next_dist_0u_w_5s._.js:1945
[   12145ms] [ERROR] ./src/lib/relatedContent.ts:11:1
Export diaries doesn't exist in target module
   9 |  */
  10 |
> 11 | import { diaries as localDiaries, diaryCategories } from "@/data/diary";
     | ^^^^^^^^^^^^^^^^^^^^^^^^^^^^^^^^^^^^^^^^^^^^^^^^^^^^^^^^^^^^^^^^^^^^^^^^
  12 | import { guides as localGuides, guideCategories } from "@/data/guides";
  13 |
  14 | export interface RelatedItem {

The export diaries was not found in module [project]/src/data/diary.ts [app-client] (ecmascript).
Did you mean to import diaryEntries?
All exports of the module are statically known (It doesn't have dynamic exports). So it's known statically that the requested export doesn't exist.

Import traces:
  Client Component Browser:
    ./src/lib/relatedContent.ts [Client Component Browser]
    ./src/app/plants/[id]/PlantDetailClient.tsx [Client Component Browser]
    ./src/app/plants/[id]/PlantDetailClient.tsx [Server Component]
    ./src/app/plants/[id]/page.tsx [Server Component]

  Client Component SSR:
    ./src/lib/relatedContent.ts [Client Component SSR]
    ./src/app/plants/[id]/PlantDetailClient.tsx [Client Component SSR]
    ./src/app/plants/[id]/PlantDetailClient.tsx [Server Component]
    ./src/app/plants/[id]/page.tsx [Server Component] @ http://localhost:3001/_next/static/chunks/node_modules_next_dist_0u_w_5s._.js:1945
[   12145ms] [ERROR] ./src/lib/relatedContent.ts:11:1
Export diaries doesn't exist in target module
   9 |  */
  10 |
> 11 | import { diaries as localDiaries, diaryCategories } from "@/data/diary";
     | ^^^^^^^^^^^^^^^^^^^^^^^^^^^^^^^^^^^^^^^^^^^^^^^^^^^^^^^^^^^^^^^^^^^^^^^^
  12 | import { guides as localGuides, guideCategories } from "@/data/guides";
  13 |
  14 | export interface RelatedItem {

The export diaries was not found in module [project]/src/data/diary.ts [app-ssr] (ecmascript).
Did you mean to import diaryEntries?
All exports of the module are statically known (It doesn't have dynamic exports). So it's known statically that the requested export doesn't exist.

Import traces:
  Client Component Browser:
    ./src/lib/relatedContent.ts [Client Component Browser]
    ./src/app/plants/[id]/PlantDetailClient.tsx [Client Component Browser]
    ./src/app/plants/[id]/PlantDetailClient.tsx [Server Component]
    ./src/app/plants/[id]/page.tsx [Server Component]

  Client Component SSR:
    ./src/lib/relatedContent.ts [Client Component SSR]
    ./src/app/plants/[id]/PlantDetailClient.tsx [Client Component SSR]
    ./src/app/plants/[id]/PlantDetailClient.tsx [Server Component]
    ./src/app/plants/[id]/page.tsx [Server Component] @ http://localhost:3001/_next/static/chunks/node_modules_next_dist_0u_w_5s._.js:1945
[   12192ms] [ERROR] ./src/lib/relatedContent.ts:11:1
Export diaries doesn't exist in target module
   9 |  */
  10 |
> 11 | import { diaries as localDiaries, diaryCategories } from "@/data/diary";
     | ^^^^^^^^^^^^^^^^^^^^^^^^^^^^^^^^^^^^^^^^^^^^^^^^^^^^^^^^^^^^^^^^^^^^^^^^
  12 | import { guides as localGuides, guideCategories } from "@/data/guides";
  13 |
  14 | export interface RelatedItem {

The export diaries was not found in module [project]/src/data/diary.ts [app-client] (ecmascript).
Did you mean to import diaryEntries?
All exports of the module are statically known (It doesn't have dynamic exports). So it's known statically that the requested export doesn't exist.

Import traces:
  Client Component Browser:
    ./src/lib/relatedContent.ts [Client Component Browser]
    ./src/app/plants/[id]/PlantDetailClient.tsx [Client Component Browser]
    ./src/app/plants/[id]/PlantDetailClient.tsx [Server Component]
    ./src/app/plants/[id]/page.tsx [Server Component]

  Client Component SSR:
    ./src/lib/relatedContent.ts [Client Component SSR]
    ./src/app/plants/[id]/PlantDetailClient.tsx [Client Component SSR]
    ./src/app/plants/[id]/PlantDetailClient.tsx [Server Component]
    ./src/app/plants/[id]/page.tsx [Server Component] @ http://localhost:3001/_next/static/chunks/node_modules_next_dist_0u_w_5s._.js:1945
[   12192ms] [ERROR] ./src/lib/relatedContent.ts:11:1
Export diaries doesn't exist in target module
   9 |  */
  10 |
> 11 | import { diaries as localDiaries, diaryCategories } from "@/data/diary";
     | ^^^^^^^^^^^^^^^^^^^^^^^^^^^^^^^^^^^^^^^^^^^^^^^^^^^^^^^^^^^^^^^^^^^^^^^^
  12 | import { guides as localGuides, guideCategories } from "@/data/guides";
  13 |
  14 | export interface RelatedItem {

The export diaries was not found in module [project]/src/data/diary.ts [app-ssr] (ecmascript).
Did you mean to import diaryEntries?
All exports of the module are statically known (It doesn't have dynamic exports). So it's known statically that the requested export doesn't exist.

Import traces:
  Client Component Browser:
    ./src/lib/relatedContent.ts [Client Component Browser]
    ./src/app/plants/[id]/PlantDetailClient.tsx [Client Component Browser]
    ./src/app/plants/[id]/PlantDetailClient.tsx [Server Component]
    ./src/app/plants/[id]/page.tsx [Server Component]

  Client Component SSR:
    ./src/lib/relatedContent.ts [Client Component SSR]
    ./src/app/plants/[id]/PlantDetailClient.tsx [Client Component SSR]
    ./src/app/plants/[id]/PlantDetailClient.tsx [Server Component]
    ./src/app/plants/[id]/page.tsx [Server Component] @ http://localhost:3001/_next/static/chunks/node_modules_next_dist_0u_w_5s._.js:1945
[   12239ms] [ERROR] ./src/lib/relatedContent.ts:11:1
Export diaries doesn't exist in target module
   9 |  */
  10 |
> 11 | import { diaries as localDiaries, diaryCategories } from "@/data/diary";
     | ^^^^^^^^^^^^^^^^^^^^^^^^^^^^^^^^^^^^^^^^^^^^^^^^^^^^^^^^^^^^^^^^^^^^^^^^
  12 | import { guides as localGuides, guideCategories } from "@/data/guides";
  13 |
  14 | export interface RelatedItem {

The export diaries was not found in module [project]/src/data/diary.ts [app-client] (ecmascript).
Did you mean to import diaryEntries?
All exports of the module are statically known (It doesn't have dynamic exports). So it's known statically that the requested export doesn't exist.

Import traces:
  Client Component Browser:
    ./src/lib/relatedContent.ts [Client Component Browser]
    ./src/app/plants/[id]/PlantDetailClient.tsx [Client Component Browser]
    ./src/app/plants/[id]/PlantDetailClient.tsx [Server Component]
    ./src/app/plants/[id]/page.tsx [Server Component]

  Client Component SSR:
    ./src/lib/relatedContent.ts [Client Component SSR]
    ./src/app/plants/[id]/PlantDetailClient.tsx [Client Component SSR]
    ./src/app/plants/[id]/PlantDetailClient.tsx [Server Component]
    ./src/app/plants/[id]/page.tsx [Server Component] @ http://localhost:3001/_next/static/chunks/node_modules_next_dist_0u_w_5s._.js:1945
[   12239ms] [ERROR] ./src/lib/relatedContent.ts:11:1
Export diaries doesn't exist in target module
   9 |  */
  10 |
> 11 | import { diaries as localDiaries, diaryCategories } from "@/data/diary";
     | ^^^^^^^^^^^^^^^^^^^^^^^^^^^^^^^^^^^^^^^^^^^^^^^^^^^^^^^^^^^^^^^^^^^^^^^^
  12 | import { guides as localGuides, guideCategories } from "@/data/guides";
  13 |
  14 | export interface RelatedItem {

The export diaries was not found in module [project]/src/data/diary.ts [app-ssr] (ecmascript).
Did you mean to import diaryEntries?
All exports of the module are statically known (It doesn't have dynamic exports). So it's known statically that the requested export doesn't exist.

Import traces:
  Client Component Browser:
    ./src/lib/relatedContent.ts [Client Component Browser]
    ./src/app/plants/[id]/PlantDetailClient.tsx [Client Component Browser]
    ./src/app/plants/[id]/PlantDetailClient.tsx [Server Component]
    ./src/app/plants/[id]/page.tsx [Server Component]

  Client Component SSR:
    ./src/lib/relatedContent.ts [Client Component SSR]
    ./src/app/plants/[id]/PlantDetailClient.tsx [Client Component SSR]
    ./src/app/plants/[id]/PlantDetailClient.tsx [Server Component]
    ./src/app/plants/[id]/page.tsx [Server Component] @ http://localhost:3001/_next/static/chunks/node_modules_next_dist_0u_w_5s._.js:1945
[   12287ms] [ERROR] ./src/lib/relatedContent.ts:11:1
Export diaries doesn't exist in target module
   9 |  */
  10 |
> 11 | import { diaries as localDiaries, diaryCategories } from "@/data/diary";
     | ^^^^^^^^^^^^^^^^^^^^^^^^^^^^^^^^^^^^^^^^^^^^^^^^^^^^^^^^^^^^^^^^^^^^^^^^
  12 | import { guides as localGuides, guideCategories } from "@/data/guides";
  13 |
  14 | export interface RelatedItem {

The export diaries was not found in module [project]/src/data/diary.ts [app-client] (ecmascript).
Did you mean to import diaryEntries?
All exports of the module are statically known (It doesn't have dynamic exports). So it's known statically that the requested export doesn't exist.

Import traces:
  Client Component Browser:
    ./src/lib/relatedContent.ts [Client Component Browser]
    ./src/app/plants/[id]/PlantDetailClient.tsx [Client Component Browser]
    ./src/app/plants/[id]/PlantDetailClient.tsx [Server Component]
    ./src/app/plants/[id]/page.tsx [Server Component]

  Client Component SSR:
    ./src/lib/relatedContent.ts [Client Component SSR]
    ./src/app/plants/[id]/PlantDetailClient.tsx [Client Component SSR]
    ./src/app/plants/[id]/PlantDetailClient.tsx [Server Component]
    ./src/app/plants/[id]/page.tsx [Server Component] @ http://localhost:3001/_next/static/chunks/node_modules_next_dist_0u_w_5s._.js:1945
[   12287ms] [ERROR] ./src/lib/relatedContent.ts:11:1
Export diaries doesn't exist in target module
   9 |  */
  10 |
> 11 | import { diaries as localDiaries, diaryCategories } from "@/data/diary";
     | ^^^^^^^^^^^^^^^^^^^^^^^^^^^^^^^^^^^^^^^^^^^^^^^^^^^^^^^^^^^^^^^^^^^^^^^^
  12 | import { guides as localGuides, guideCategories } from "@/data/guides";
  13 |
  14 | export interface RelatedItem {

The export diaries was not found in module [project]/src/data/diary.ts [app-ssr] (ecmascript).
Did you mean to import diaryEntries?
All exports of the module are statically known (It doesn't have dynamic exports). So it's known statically that the requested export doesn't exist.

Import traces:
  Client Component Browser:
    ./src/lib/relatedContent.ts [Client Component Browser]
    ./src/app/plants/[id]/PlantDetailClient.tsx [Client Component Browser]
    ./src/app/plants/[id]/PlantDetailClient.tsx [Server Component]
    ./src/app/plants/[id]/page.tsx [Server Component]

  Client Component SSR:
    ./src/lib/relatedContent.ts [Client Component SSR]
    ./src/app/plants/[id]/PlantDetailClient.tsx [Client Component SSR]
    ./src/app/plants/[id]/PlantDetailClient.tsx [Server Component]
    ./src/app/plants/[id]/page.tsx [Server Component] @ http://localhost:3001/_next/static/chunks/node_modules_next_dist_0u_w_5s._.js:1945
[   12335ms] [ERROR] ./src/lib/relatedContent.ts:11:1
Export diaries doesn't exist in target module
   9 |  */
  10 |
> 11 | import { diaries as localDiaries, diaryCategories } from "@/data/diary";
     | ^^^^^^^^^^^^^^^^^^^^^^^^^^^^^^^^^^^^^^^^^^^^^^^^^^^^^^^^^^^^^^^^^^^^^^^^
  12 | import { guides as localGuides, guideCategories } from "@/data/guides";
  13 |
  14 | export interface RelatedItem {

The export diaries was not found in module [project]/src/data/diary.ts [app-client] (ecmascript).
Did you mean to import diaryEntries?
All exports of the module are statically known (It doesn't have dynamic exports). So it's known statically that the requested export doesn't exist.

Import traces:
  Client Component Browser:
    ./src/lib/relatedContent.ts [Client Component Browser]
    ./src/app/plants/[id]/PlantDetailClient.tsx [Client Component Browser]
    ./src/app/plants/[id]/PlantDetailClient.tsx [Server Component]
    ./src/app/plants/[id]/page.tsx [Server Component]

  Client Component SSR:
    ./src/lib/relatedContent.ts [Client Component SSR]
    ./src/app/plants/[id]/PlantDetailClient.tsx [Client Component SSR]
    ./src/app/plants/[id]/PlantDetailClient.tsx [Server Component]
    ./src/app/plants/[id]/page.tsx [Server Component] @ http://localhost:3001/_next/static/chunks/node_modules_next_dist_0u_w_5s._.js:1945
[   12335ms] [ERROR] ./src/lib/relatedContent.ts:11:1
Export diaries doesn't exist in target module
   9 |  */
  10 |
> 11 | import { diaries as localDiaries, diaryCategories } from "@/data/diary";
     | ^^^^^^^^^^^^^^^^^^^^^^^^^^^^^^^^^^^^^^^^^^^^^^^^^^^^^^^^^^^^^^^^^^^^^^^^
  12 | import { guides as localGuides, guideCategories } from "@/data/guides";
  13 |
  14 | export interface RelatedItem {

The export diaries was not found in module [project]/src/data/diary.ts [app-ssr] (ecmascript).
Did you mean to import diaryEntries?
All exports of the module are statically known (It doesn't have dynamic exports). So it's known statically that the requested export doesn't exist.

Import traces:
  Client Component Browser:
    ./src/lib/relatedContent.ts [Client Component Browser]
    ./src/app/plants/[id]/PlantDetailClient.tsx [Client Component Browser]
    ./src/app/plants/[id]/PlantDetailClient.tsx [Server Component]
    ./src/app/plants/[id]/page.tsx [Server Component]

  Client Component SSR:
    ./src/lib/relatedContent.ts [Client Component SSR]
    ./src/app/plants/[id]/PlantDetailClient.tsx [Client Component SSR]
    ./src/app/plants/[id]/PlantDetailClient.tsx [Server Component]
    ./src/app/plants/[id]/page.tsx [Server Component] @ http://localhost:3001/_next/static/chunks/node_modules_next_dist_0u_w_5s._.js:1945
[   12382ms] [ERROR] ./src/lib/relatedContent.ts:11:1
Export diaries doesn't exist in target module
   9 |  */
  10 |
> 11 | import { diaries as localDiaries, diaryCategories } from "@/data/diary";
     | ^^^^^^^^^^^^^^^^^^^^^^^^^^^^^^^^^^^^^^^^^^^^^^^^^^^^^^^^^^^^^^^^^^^^^^^^
  12 | import { guides as localGuides, guideCategories } from "@/data/guides";
  13 |
  14 | export interface RelatedItem {

The export diaries was not found in module [project]/src/data/diary.ts [app-client] (ecmascript).
Did you mean to import diaryEntries?
All exports of the module are statically known (It doesn't have dynamic exports). So it's known statically that the requested export doesn't exist.

Import traces:
  Client Component Browser:
    ./src/lib/relatedContent.ts [Client Component Browser]
    ./src/app/plants/[id]/PlantDetailClient.tsx [Client Component Browser]
    ./src/app/plants/[id]/PlantDetailClient.tsx [Server Component]
    ./src/app/plants/[id]/page.tsx [Server Component]

  Client Component SSR:
    ./src/lib/relatedContent.ts [Client Component SSR]
    ./src/app/plants/[id]/PlantDetailClient.tsx [Client Component SSR]
    ./src/app/plants/[id]/PlantDetailClient.tsx [Server Component]
    ./src/app/plants/[id]/page.tsx [Server Component] @ http://localhost:3001/_next/static/chunks/node_modules_next_dist_0u_w_5s._.js:1945
[   12382ms] [ERROR] ./src/lib/relatedContent.ts:11:1
Export diaries doesn't exist in target module
   9 |  */
  10 |
> 11 | import { diaries as localDiaries, diaryCategories } from "@/data/diary";
     | ^^^^^^^^^^^^^^^^^^^^^^^^^^^^^^^^^^^^^^^^^^^^^^^^^^^^^^^^^^^^^^^^^^^^^^^^
  12 | import { guides as localGuides, guideCategories } from "@/data/guides";
  13 |
  14 | export interface RelatedItem {

The export diaries was not found in module [project]/src/data/diary.ts [app-ssr] (ecmascript).
Did you mean to import diaryEntries?
All exports of the module are statically known (It doesn't have dynamic exports). So it's known statically that the requested export doesn't exist.

Import traces:
  Client Component Browser:
    ./src/lib/relatedContent.ts [Client Component Browser]
    ./src/app/plants/[id]/PlantDetailClient.tsx [Client Component Browser]
    ./src/app/plants/[id]/PlantDetailClient.tsx [Server Component]
    ./src/app/plants/[id]/page.tsx [Server Component]

  Client Component SSR:
    ./src/lib/relatedContent.ts [Client Component SSR]
    ./src/app/plants/[id]/PlantDetailClient.tsx [Client Component SSR]
    ./src/app/plants/[id]/PlantDetailClient.tsx [Server Component]
    ./src/app/plants/[id]/page.tsx [Server Component] @ http://localhost:3001/_next/static/chunks/node_modules_next_dist_0u_w_5s._.js:1945
[   12428ms] [ERROR] ./src/lib/relatedContent.ts:11:1
Export diaries doesn't exist in target module
   9 |  */
  10 |
> 11 | import { diaries as localDiaries, diaryCategories } from "@/data/diary";
     | ^^^^^^^^^^^^^^^^^^^^^^^^^^^^^^^^^^^^^^^^^^^^^^^^^^^^^^^^^^^^^^^^^^^^^^^^
  12 | import { guides as localGuides, guideCategories } from "@/data/guides";
  13 |
  14 | export interface RelatedItem {

The export diaries was not found in module [project]/src/data/diary.ts [app-client] (ecmascript).
Did you mean to import diaryEntries?
All exports of the module are statically known (It doesn't have dynamic exports). So it's known statically that the requested export doesn't exist.

Import traces:
  Client Component Browser:
    ./src/lib/relatedContent.ts [Client Component Browser]
    ./src/app/plants/[id]/PlantDetailClient.tsx [Client Component Browser]
    ./src/app/plants/[id]/PlantDetailClient.tsx [Server Component]
    ./src/app/plants/[id]/page.tsx [Server Component]

  Client Component SSR:
    ./src/lib/relatedContent.ts [Client Component SSR]
    ./src/app/plants/[id]/PlantDetailClient.tsx [Client Component SSR]
    ./src/app/plants/[id]/PlantDetailClient.tsx [Server Component]
    ./src/app/plants/[id]/page.tsx [Server Component] @ http://localhost:3001/_next/static/chunks/node_modules_next_dist_0u_w_5s._.js:1945
[   12429ms] [ERROR] ./src/lib/relatedContent.ts:11:1
Export diaries doesn't exist in target module
   9 |  */
  10 |
> 11 | import { diaries as localDiaries, diaryCategories } from "@/data/diary";
     | ^^^^^^^^^^^^^^^^^^^^^^^^^^^^^^^^^^^^^^^^^^^^^^^^^^^^^^^^^^^^^^^^^^^^^^^^
  12 | import { guides as localGuides, guideCategories } from "@/data/guides";
  13 |
  14 | export interface RelatedItem {

The export diaries was not found in module [project]/src/data/diary.ts [app-ssr] (ecmascript).
Did you mean to import diaryEntries?
All exports of the module are statically known (It doesn't have dynamic exports). So it's known statically that the requested export doesn't exist.

Import traces:
  Client Component Browser:
    ./src/lib/relatedContent.ts [Client Component Browser]
    ./src/app/plants/[id]/PlantDetailClient.tsx [Client Component Browser]
    ./src/app/plants/[id]/PlantDetailClient.tsx [Server Component]
    ./src/app/plants/[id]/page.tsx [Server Component]

  Client Component SSR:
    ./src/lib/relatedContent.ts [Client Component SSR]
    ./src/app/plants/[id]/PlantDetailClient.tsx [Client Component SSR]
    ./src/app/plants/[id]/PlantDetailClient.tsx [Server Component]
    ./src/app/plants/[id]/page.tsx [Server Component] @ http://localhost:3001/_next/static/chunks/node_modules_next_dist_0u_w_5s._.js:1945
[   12477ms] [ERROR] ./src/lib/relatedContent.ts:11:1
Export diaries doesn't exist in target module
   9 |  */
  10 |
> 11 | import { diaries as localDiaries, diaryCategories } from "@/data/diary";
     | ^^^^^^^^^^^^^^^^^^^^^^^^^^^^^^^^^^^^^^^^^^^^^^^^^^^^^^^^^^^^^^^^^^^^^^^^
  12 | import { guides as localGuides, guideCategories } from "@/data/guides";
  13 |
  14 | export interface RelatedItem {

The export diaries was not found in module [project]/src/data/diary.ts [app-client] (ecmascript).
Did you mean to import diaryEntries?
All exports of the module are statically known (It doesn't have dynamic exports). So it's known statically that the requested export doesn't exist.

Import traces:
  Client Component Browser:
    ./src/lib/relatedContent.ts [Client Component Browser]
    ./src/app/plants/[id]/PlantDetailClient.tsx [Client Component Browser]
    ./src/app/plants/[id]/PlantDetailClient.tsx [Server Component]
    ./src/app/plants/[id]/page.tsx [Server Component]

  Client Component SSR:
    ./src/lib/relatedContent.ts [Client Component SSR]
    ./src/app/plants/[id]/PlantDetailClient.tsx [Client Component SSR]
    ./src/app/plants/[id]/PlantDetailClient.tsx [Server Component]
    ./src/app/plants/[id]/page.tsx [Server Component] @ http://localhost:3001/_next/static/chunks/node_modules_next_dist_0u_w_5s._.js:1945
[   12477ms] [ERROR] ./src/lib/relatedContent.ts:11:1
Export diaries doesn't exist in target module
   9 |  */
  10 |
> 11 | import { diaries as localDiaries, diaryCategories } from "@/data/diary";
     | ^^^^^^^^^^^^^^^^^^^^^^^^^^^^^^^^^^^^^^^^^^^^^^^^^^^^^^^^^^^^^^^^^^^^^^^^
  12 | import { guides as localGuides, guideCategories } from "@/data/guides";
  13 |
  14 | export interface RelatedItem {

The export diaries was not found in module [project]/src/data/diary.ts [app-ssr] (ecmascript).
Did you mean to import diaryEntries?
All exports of the module are statically known (It doesn't have dynamic exports). So it's known statically that the requested export doesn't exist.

Import traces:
  Client Component Browser:
    ./src/lib/relatedContent.ts [Client Component Browser]
    ./src/app/plants/[id]/PlantDetailClient.tsx [Client Component Browser]
    ./src/app/plants/[id]/PlantDetailClient.tsx [Server Component]
    ./src/app/plants/[id]/page.tsx [Server Component]

  Client Component SSR:
    ./src/lib/relatedContent.ts [Client Component SSR]
    ./src/app/plants/[id]/PlantDetailClient.tsx [Client Component SSR]
    ./src/app/plants/[id]/PlantDetailClient.tsx [Server Component]
    ./src/app/plants/[id]/page.tsx [Server Component] @ http://localhost:3001/_next/static/chunks/node_modules_next_dist_0u_w_5s._.js:1945
[   12525ms] [ERROR] ./src/lib/relatedContent.ts:11:1
Export diaries doesn't exist in target module
   9 |  */
  10 |
> 11 | import { diaries as localDiaries, diaryCategories } from "@/data/diary";
     | ^^^^^^^^^^^^^^^^^^^^^^^^^^^^^^^^^^^^^^^^^^^^^^^^^^^^^^^^^^^^^^^^^^^^^^^^
  12 | import { guides as localGuides, guideCategories } from "@/data/guides";
  13 |
  14 | export interface RelatedItem {

The export diaries was not found in module [project]/src/data/diary.ts [app-client] (ecmascript).
Did you mean to import diaryEntries?
All exports of the module are statically known (It doesn't have dynamic exports). So it's known statically that the requested export doesn't exist.

Import traces:
  Client Component Browser:
    ./src/lib/relatedContent.ts [Client Component Browser]
    ./src/app/plants/[id]/PlantDetailClient.tsx [Client Component Browser]
    ./src/app/plants/[id]/PlantDetailClient.tsx [Server Component]
    ./src/app/plants/[id]/page.tsx [Server Component]

  Client Component SSR:
    ./src/lib/relatedContent.ts [Client Component SSR]
    ./src/app/plants/[id]/PlantDetailClient.tsx [Client Component SSR]
    ./src/app/plants/[id]/PlantDetailClient.tsx [Server Component]
    ./src/app/plants/[id]/page.tsx [Server Component] @ http://localhost:3001/_next/static/chunks/node_modules_next_dist_0u_w_5s._.js:1945
[   12525ms] [ERROR] ./src/lib/relatedContent.ts:11:1
Export diaries doesn't exist in target module
   9 |  */
  10 |
> 11 | import { diaries as localDiaries, diaryCategories } from "@/data/diary";
     | ^^^^^^^^^^^^^^^^^^^^^^^^^^^^^^^^^^^^^^^^^^^^^^^^^^^^^^^^^^^^^^^^^^^^^^^^
  12 | import { guides as localGuides, guideCategories } from "@/data/guides";
  13 |
  14 | export interface RelatedItem {

The export diaries was not found in module [project]/src/data/diary.ts [app-ssr] (ecmascript).
Did you mean to import diaryEntries?
All exports of the module are statically known (It doesn't have dynamic exports). So it's known statically that the requested export doesn't exist.

Import traces:
  Client Component Browser:
    ./src/lib/relatedContent.ts [Client Component Browser]
    ./src/app/plants/[id]/PlantDetailClient.tsx [Client Component Browser]
    ./src/app/plants/[id]/PlantDetailClient.tsx [Server Component]
    ./src/app/plants/[id]/page.tsx [Server Component]

  Client Component SSR:
    ./src/lib/relatedContent.ts [Client Component SSR]
    ./src/app/plants/[id]/PlantDetailClient.tsx [Client Component SSR]
    ./src/app/plants/[id]/PlantDetailClient.tsx [Server Component]
    ./src/app/plants/[id]/page.tsx [Server Component] @ http://localhost:3001/_next/static/chunks/node_modules_next_dist_0u_w_5s._.js:1945
[   12571ms] [LOG] [Fast Refresh] rebuilding @ http://localhost:3001/_next/static/chunks/node_modules_next_dist_0u_w_5s._.js:1226
[   12762ms] [LOG] [Fast Refresh] done in 43ms @ http://localhost:3001/_next/static/chunks/node_modules_next_dist_0u_w_5s._.js:1226
[   13241ms] [INFO] %cDownload the React DevTools for a better development experience: https://react.dev/link/react-devtools font-weight:bold @ http://localhost:3001/_next/static/chunks/node_modules_next_dist_115brz8._.js:2477
[   13287ms] [LOG] [HMR] connected @ http://localhost:3001/_next/static/chunks/node_modules_next_dist_115brz8._.js:2477
[   13532ms] [ERROR] Failed to load resource: the server responded with a status of 403 () @ https://7961-yangtaixiaoyuanding-d7b1c10c2d50-1438704930.tcb.qcloud.la/images/2026-06/1780752311910-c32b203a.png?sign=1ac5256e756b2223e07c68e9d615c943&t=1780752312:0
